[03/14/2026 08:02:47 AM:pyrogram.dispatcher:253:ERROR] name 'SELF_DELETE' is not defined
Traceback (most recent call last):
  File "/usr/local/lib/python3.10/dist-packages/pyrogram/dispatcher.py", line 240, in handler_worker
    await handler.callback(self.client, *args)
  File "/root/ANIMETOON/plugins/pm_filter.py", line 57, in give_filter
    await auto_filter(client, message)
  File "/root/ANIMETOON/plugins/pm_filter.py", line 759, in auto_filter
    if SELF_DELETE:
NameError: name 'SELF_DELETE' is not defined
[03/14/2026 08:04:06 AM:pyrogram.dispatcher:253:ERROR] name 'SELF_DELETE' is not defined
Traceback (most recent call last):
  File "/usr/local/lib/python3.10/dist-packages/pyrogram/dispatcher.py", line 240, in handler_worker
    await handler.callback(self.client, *args)
  File "/root/ANIMETOON/plugins/pm_filter.py", line 57, in give_filter
    await auto_filter(client, message)
  File "/root/ANIMETOON/plugins/pm_filter.py", line 759, in auto_filter
    if SELF_DELETE:
NameError: name 'SELF_DELETE' is not defined
[03/14/2026 08:06:49 AM:pyrogram.dispatcher:253:ERROR] name 'SELF_DELETE' is not defined
Traceback (most recent call last):
  File "/usr/local/lib/python3.10/dist-packages/pyrogram/dispatcher.py", line 240, in handler_worker
    await handler.callback(self.client, *args)
  File "/root/ANIMETOON/plugins/pm_filter.py", line 57, in give_filter
    await auto_filter(client, message)
  File "/root/ANIMETOON/plugins/pm_filter.py", line 759, in auto_filter
    if SELF_DELETE:
NameError: name 'SELF_DELETE' is not defined
[03/14/2026 08:21:51 AM:pyrogram.dispatcher:253:ERROR] name 'SELF_DELETE' is not defined
Traceback (most recent call last):
  File "/usr/local/lib/python3.10/dist-packages/pyrogram/dispatcher.py", line 240, in handler_worker
    await handler.callback(self.client, *args)
  File "/root/ANIMETOON/plugins/pm_filter.py", line 57, in give_filter
    await auto_filter(client, message)
  File "/root/ANIMETOON/plugins/pm_filter.py", line 759, in auto_filter
    if SELF_DELETE:
NameError: name 'SELF_DELETE' is not defined
[03/14/2026 08:30:36 AM:pyrogram.dispatcher:253:ERROR] name 'SELF_DELETE' is not defined
Traceback (most recent call last):
  File "/usr/local/lib/python3.10/dist-packages/pyrogram/dispatcher.py", line 240, in handler_worker
    await handler.callback(self.client, *args)
  File "/root/ANIMETOON/plugins/pm_filter.py", line 57, in give_filter
    await auto_filter(client, message)
  File "/root/ANIMETOON/plugins/pm_filter.py", line 759, in auto_filter
    if SELF_DELETE:
NameError: name 'SELF_DELETE' is not defined
[03/14/2026 08:31:23 AM:pyrogram.dispatcher:253:ERROR] name 'SELF_DELETE' is not defined
Traceback (most recent call last):
  File "/usr/local/lib/python3.10/dist-packages/pyrogram/dispatcher.py", line 240, in handler_worker
    await handler.callback(self.client, *args)
  File "/root/ANIMETOON/plugins/pm_filter.py", line 57, in give_filter
    await auto_filter(client, message)
  File "/root/ANIMETOON/plugins/pm_filter.py", line 759, in auto_filter
    if SELF_DELETE:
NameError: name 'SELF_DELETE' is not defined
[03/14/2026 08:34:29 AM:pyrogram.dispatcher:253:ERROR] name 'SELF_DELETE' is not defined
Traceback (most recent call last):
  File "/usr/local/lib/python3.10/dist-packages/pyrogram/dispatcher.py", line 240, in handler_worker
    await handler.callback(self.client, *args)
  File "/root/ANIMETOON/plugins/pm_filter.py", line 57, in give_filter
    await auto_filter(client, message)
  File "/root/ANIMETOON/plugins/pm_filter.py", line 759, in auto_filter
    if SELF_DELETE:
NameError: name 'SELF_DELETE' is not defined
[03/14/2026 08:38:03 AM:pyrogram.dispatcher:253:ERROR] name 'SELF_DELETE' is not defined
Traceback (most recent call last):
  File "/usr/local/lib/python3.10/dist-packages/pyrogram/dispatcher.py", line 240, in handler_worker
    await handler.callback(self.client, *args)
  File "/root/ANIMETOON/plugins/pm_filter.py", line 57, in give_filter
    await auto_filter(client, message)
  File "/root/ANIMETOON/plugins/pm_filter.py", line 759, in auto_filter
    if SELF_DELETE:
NameError: name 'SELF_DELETE' is not defined
[03/14/2026 08:40:36 AM:pyrogram.dispatcher:253:ERROR] name 'SELF_DELETE' is not defined
Traceback (most recent call last):
  File "/usr/local/lib/python3.10/dist-packages/pyrogram/dispatcher.py", line 240, in handler_worker
    await handler.callback(self.client, *args)
  File "/root/ANIMETOON/plugins/pm_filter.py", line 57, in give_filter
    await auto_filter(client, message)
  File "/root/ANIMETOON/plugins/pm_filter.py", line 759, in auto_filter
    if SELF_DELETE:
NameError: name 'SELF_DELETE' is not defined
[03/14/2026 08:41:32 AM:pyrogram.dispatcher:253:ERROR] name 'SELF_DELETE' is not defined
Traceback (most recent call last):
  File "/usr/local/lib/python3.10/dist-packages/pyrogram/dispatcher.py", line 240, in handler_worker
    await handler.callback(self.client, *args)
  File "/root/ANIMETOON/plugins/pm_filter.py", line 57, in give_filter
    await auto_filter(client, message)
  File "/root/ANIMETOON/plugins/pm_filter.py", line 759, in auto_filter
    if SELF_DELETE:
NameError: name 'SELF_DELETE' is not defined
[03/14/2026 08:43:59 AM:pyrogram.dispatcher:253:ERROR] name 'SELF_DELETE' is not defined
Traceback (most recent call last):
  File "/usr/local/lib/python3.10/dist-packages/pyrogram/dispatcher.py", line 240, in handler_worker
    await handler.callback(self.client, *args)
  File "/root/ANIMETOON/plugins/pm_filter.py", line 57, in give_filter
    await auto_filter(client, message)
  File "/root/ANIMETOON/plugins/pm_filter.py", line 759, in auto_filter
    if SELF_DELETE:
NameError: name 'SELF_DELETE' is not defined
[03/14/2026 08:44:05 AM:pyrogram.dispatcher:253:ERROR] name 'SELF_DELETE' is not defined
Traceback (most recent call last):
  File "/usr/local/lib/python3.10/dist-packages/pyrogram/dispatcher.py", line 240, in handler_worker
    await handler.callback(self.client, *args)
  File "/root/ANIMETOON/plugins/pm_filter.py", line 57, in give_filter
    await auto_filter(client, message)
  File "/root/ANIMETOON/plugins/pm_filter.py", line 759, in auto_filter
    if SELF_DELETE:
NameError: name 'SELF_DELETE' is not defined
[03/14/2026 08:45:11 AM:pyrogram.dispatcher:253:ERROR] name 'SELF_DELETE' is not defined
Traceback (most recent call last):
  File "/usr/local/lib/python3.10/dist-packages/pyrogram/dispatcher.py", line 240, in handler_worker
    await handler.callback(self.client, *args)
  File "/root/ANIMETOON/plugins/pm_filter.py", line 57, in give_filter
    await auto_filter(client, message)
  File "/root/ANIMETOON/plugins/pm_filter.py", line 759, in auto_filter
    if SELF_DELETE:
NameError: name 'SELF_DELETE' is not defined
[03/14/2026 08:49:17 AM:pyrogram.dispatcher:253:ERROR] name 'SELF_DELETE' is not defined
Traceback (most recent call last):
  File "/usr/local/lib/python3.10/dist-packages/pyrogram/dispatcher.py", line 240, in handler_worker
    await handler.callback(self.client, *args)
  File "/root/ANIMETOON/plugins/pm_filter.py", line 57, in give_filter
    await auto_filter(client, message)
  File "/root/ANIMETOON/plugins/pm_filter.py", line 759, in auto_filter
    if SELF_DELETE:
NameError: name 'SELF_DELETE' is not defined
[03/14/2026 08:50:06 AM:pyrogram.dispatcher:253:ERROR] name 'SELF_DELETE' is not defined
Traceback (most recent call last):
  File "/usr/local/lib/python3.10/dist-packages/pyrogram/dispatcher.py", line 240, in handler_worker
    await handler.callback(self.client, *args)
  File "/root/ANIMETOON/plugins/pm_filter.py", line 57, in give_filter
    await auto_filter(client, message)
  File "/root/ANIMETOON/plugins/pm_filter.py", line 759, in auto_filter
    if SELF_DELETE:
NameError: name 'SELF_DELETE' is not defined
[03/14/2026 08:56:10 AM:pyrogram.dispatcher:253:ERROR] name 'SELF_DELETE' is not defined
Traceback (most recent call last):
  File "/usr/local/lib/python3.10/dist-packages/pyrogram/dispatcher.py", line 240, in handler_worker
    await handler.callback(self.client, *args)
  File "/root/ANIMETOON/plugins/pm_filter.py", line 57, in give_filter
    await auto_filter(client, message)
  File "/root/ANIMETOON/plugins/pm_filter.py", line 759, in auto_filter
    if SELF_DELETE:
NameError: name 'SELF_DELETE' is not defined
[03/14/2026 08:57:03 AM:pyrogram.dispatcher:253:ERROR] name 'SELF_DELETE' is not defined
Traceback (most recent call last):
  File "/usr/local/lib/python3.10/dist-packages/pyrogram/dispatcher.py", line 240, in handler_worker
    await handler.callback(self.client, *args)
  File "/root/ANIMETOON/plugins/pm_filter.py", line 57, in give_filter
    await auto_filter(client, message)
  File "/root/ANIMETOON/plugins/pm_filter.py", line 759, in auto_filter
    if SELF_DELETE:
NameError: name 'SELF_DELETE' is not defined
[03/14/2026 08:57:33 AM:pyrogram.dispatcher:253:ERROR] name 'SELF_DELETE' is not defined
Traceback (most recent call last):
  File "/usr/local/lib/python3.10/dist-packages/pyrogram/dispatcher.py", line 240, in handler_worker
    await handler.callback(self.client, *args)
  File "/root/ANIMETOON/plugins/pm_filter.py", line 57, in give_filter
    await auto_filter(client, message)
  File "/root/ANIMETOON/plugins/pm_filter.py", line 759, in auto_filter
    if SELF_DELETE:
NameError: name 'SELF_DELETE' is not defined
[03/14/2026 08:59:00 AM:pyrogram.dispatcher:253:ERROR] name 'SELF_DELETE' is not defined
Traceback (most recent call last):
  File "/usr/local/lib/python3.10/dist-packages/pyrogram/dispatcher.py", line 240, in handler_worker
    await handler.callback(self.client, *args)
  File "/root/ANIMETOON/plugins/pm_filter.py", line 57, in give_filter
    await auto_filter(client, message)
  File "/root/ANIMETOON/plugins/pm_filter.py", line 759, in auto_filter
    if SELF_DELETE:
NameError: name 'SELF_DELETE' is not defined
[03/14/2026 09:08:55 AM:pyrogram.dispatcher:253:ERROR] name 'SELF_DELETE' is not defined
Traceback (most recent call last):
  File "/usr/local/lib/python3.10/dist-packages/pyrogram/dispatcher.py", line 240, in handler_worker
    await handler.callback(self.client, *args)
  File "/root/ANIMETOON/plugins/pm_filter.py", line 57, in give_filter
    await auto_filter(client, message)
  File "/root/ANIMETOON/plugins/pm_filter.py", line 759, in auto_filter
    if SELF_DELETE:
NameError: name 'SELF_DELETE' is not defined
[03/14/2026 09:09:29 AM:pyrogram.dispatcher:253:ERROR] name 'SELF_DELETE' is not defined
Traceback (most recent call last):
  File "/usr/local/lib/python3.10/dist-packages/pyrogram/dispatcher.py", line 240, in handler_worker
    await handler.callback(self.client, *args)
  File "/root/ANIMETOON/plugins/pm_filter.py", line 57, in give_filter
    await auto_filter(client, message)
  File "/root/ANIMETOON/plugins/pm_filter.py", line 759, in auto_filter
    if SELF_DELETE:
NameError: name 'SELF_DELETE' is not defined
[03/14/2026 09:17:38 AM:pyrogram.dispatcher:253:ERROR] name 'SELF_DELETE' is not defined
Traceback (most recent call last):
  File "/usr/local/lib/python3.10/dist-packages/pyrogram/dispatcher.py", line 240, in handler_worker
    await handler.callback(self.client, *args)
  File "/root/ANIMETOON/plugins/pm_filter.py", line 57, in give_filter
    await auto_filter(client, message)
  File "/root/ANIMETOON/plugins/pm_filter.py", line 759, in auto_filter
    if SELF_DELETE:
NameError: name 'SELF_DELETE' is not defined
[03/14/2026 09:20:01 AM:pyrogram.dispatcher:253:ERROR] name 'SELF_DELETE' is not defined
Traceback (most recent call last):
  File "/usr/local/lib/python3.10/dist-packages/pyrogram/dispatcher.py", line 240, in handler_worker
    await handler.callback(self.client, *args)
  File "/root/ANIMETOON/plugins/pm_filter.py", line 57, in give_filter
    await auto_filter(client, message)
  File "/root/ANIMETOON/plugins/pm_filter.py", line 759, in auto_filter
    if SELF_DELETE:
NameError: name 'SELF_DELETE' is not defined
[03/14/2026 09:20:06 AM:pyrogram.dispatcher:253:ERROR] name 'SELF_DELETE' is not defined
Traceback (most recent call last):
  File "/usr/local/lib/python3.10/dist-packages/pyrogram/dispatcher.py", line 240, in handler_worker
    await handler.callback(self.client, *args)
  File "/root/ANIMETOON/plugins/pm_filter.py", line 57, in give_filter
    await auto_filter(client, message)
  File "/root/ANIMETOON/plugins/pm_filter.py", line 759, in auto_filter
    if SELF_DELETE:
NameError: name 'SELF_DELETE' is not defined
[03/14/2026 09:22:30 AM:pyrogram.dispatcher:253:ERROR] name 'SELF_DELETE' is not defined
Traceback (most recent call last):
  File "/usr/local/lib/python3.10/dist-packages/pyrogram/dispatcher.py", line 240, in handler_worker
    await handler.callback(self.client, *args)
  File "/root/ANIMETOON/plugins/pm_filter.py", line 57, in give_filter
    await auto_filter(client, message)
  File "/root/ANIMETOON/plugins/pm_filter.py", line 759, in auto_filter
    if SELF_DELETE:
NameError: name 'SELF_DELETE' is not defined
[03/14/2026 09:25:52 AM:pyrogram.dispatcher:253:ERROR] 'NoneType' object has no attribute 'type'
Traceback (most recent call last):
  File "/usr/local/lib/python3.10/dist-packages/pyrogram/dispatcher.py", line 240, in handler_worker
    await handler.callback(self.client, *args)
  File "/root/ANIMETOON/plugins/index.py", line 63, in send_for_index
    elif message.forward_from_chat.type == enums.ChatType.CHANNEL:
AttributeError: 'NoneType' object has no attribute 'type'
[03/14/2026 09:36:10 AM:pyrogram.dispatcher:253:ERROR] name 'SELF_DELETE' is not defined
Traceback (most recent call last):
  File "/usr/local/lib/python3.10/dist-packages/pyrogram/dispatcher.py", line 240, in handler_worker
    await handler.callback(self.client, *args)
  File "/root/ANIMETOON/plugins/pm_filter.py", line 57, in give_filter
    await auto_filter(client, message)
  File "/root/ANIMETOON/plugins/pm_filter.py", line 759, in auto_filter
    if SELF_DELETE:
NameError: name 'SELF_DELETE' is not defined
[03/14/2026 09:52:30 AM:pyrogram.dispatcher:253:ERROR] name 'SELF_DELETE' is not defined
Traceback (most recent call last):
  File "/usr/local/lib/python3.10/dist-packages/pyrogram/dispatcher.py", line 240, in handler_worker
    await handler.callback(self.client, *args)
  File "/root/ANIMETOON/plugins/pm_filter.py", line 57, in give_filter
    await auto_filter(client, message)
  File "/root/ANIMETOON/plugins/pm_filter.py", line 759, in auto_filter
    if SELF_DELETE:
NameError: name 'SELF_DELETE' is not defined
[03/14/2026 09:53:21 AM:pyrogram.dispatcher:253:ERROR] name 'SELF_DELETE' is not defined
Traceback (most recent call last):
  File "/usr/local/lib/python3.10/dist-packages/pyrogram/dispatcher.py", line 240, in handler_worker
    await handler.callback(self.client, *args)
  File "/root/ANIMETOON/plugins/pm_filter.py", line 57, in give_filter
    await auto_filter(client, message)
  File "/root/ANIMETOON/plugins/pm_filter.py", line 759, in auto_filter
    if SELF_DELETE:
NameError: name 'SELF_DELETE' is not defined
[03/14/2026 09:56:07 AM:pyrogram.dispatcher:253:ERROR] 'NoneType' object has no attribute 'type'
Traceback (most recent call last):
  File "/usr/local/lib/python3.10/dist-packages/pyrogram/dispatcher.py", line 240, in handler_worker
    await handler.callback(self.client, *args)
  File "/root/ANIMETOON/plugins/index.py", line 63, in send_for_index
    elif message.forward_from_chat.type == enums.ChatType.CHANNEL:
AttributeError: 'NoneType' object has no attribute 'type'
[03/14/2026 09:57:19 AM:pyrogram.dispatcher:253:ERROR] 'NoneType' object has no attribute 'type'
Traceback (most recent call last):
  File "/usr/local/lib/python3.10/dist-packages/pyrogram/dispatcher.py", line 240, in handler_worker
    await handler.callback(self.client, *args)
  File "/root/ANIMETOON/plugins/index.py", line 63, in send_for_index
    elif message.forward_from_chat.type == enums.ChatType.CHANNEL:
AttributeError: 'NoneType' object has no attribute 'type'
[03/14/2026 10:03:43 AM:pyrogram.dispatcher:253:ERROR] name 'SELF_DELETE' is not defined
Traceback (most recent call last):
  File "/usr/local/lib/python3.10/dist-packages/pyrogram/dispatcher.py", line 240, in handler_worker
    await handler.callback(self.client, *args)
  File "/root/ANIMETOON/plugins/pm_filter.py", line 57, in give_filter
    await auto_filter(client, message)
  File "/root/ANIMETOON/plugins/pm_filter.py", line 759, in auto_filter
    if SELF_DELETE:
NameError: name 'SELF_DELETE' is not defined
[03/14/2026 10:06:19 AM:pyrogram.dispatcher:253:ERROR] name 'SELF_DELETE' is not defined
Traceback (most recent call last):
  File "/usr/local/lib/python3.10/dist-packages/pyrogram/dispatcher.py", line 240, in handler_worker
    await handler.callback(self.client, *args)
  File "/root/ANIMETOON/plugins/pm_filter.py", line 57, in give_filter
    await auto_filter(client, message)
  File "/root/ANIMETOON/plugins/pm_filter.py", line 759, in auto_filter
    if SELF_DELETE:
NameError: name 'SELF_DELETE' is not defined
[03/14/2026 10:11:10 AM:pyrogram.dispatcher:253:ERROR] name 'SELF_DELETE' is not defined
Traceback (most recent call last):
  File "/usr/local/lib/python3.10/dist-packages/pyrogram/dispatcher.py", line 240, in handler_worker
    await handler.callback(self.client, *args)
  File "/root/ANIMETOON/plugins/pm_filter.py", line 57, in give_filter
    await auto_filter(client, message)
  File "/root/ANIMETOON/plugins/pm_filter.py", line 759, in auto_filter
    if SELF_DELETE:
NameError: name 'SELF_DELETE' is not defined
[03/14/2026 10:13:01 AM:pyrogram.dispatcher:253:ERROR] name 'SELF_DELETE' is not defined
Traceback (most recent call last):
  File "/usr/local/lib/python3.10/dist-packages/pyrogram/dispatcher.py", line 240, in handler_worker
    await handler.callback(self.client, *args)
  File "/root/ANIMETOON/plugins/pm_filter.py", line 57, in give_filter
    await auto_filter(client, message)
  File "/root/ANIMETOON/plugins/pm_filter.py", line 759, in auto_filter
    if SELF_DELETE:
NameError: name 'SELF_DELETE' is not defined
[03/14/2026 10:14:16 AM:pyrogram.dispatcher:253:ERROR] name 'SELF_DELETE' is not defined
Traceback (most recent call last):
  File "/usr/local/lib/python3.10/dist-packages/pyrogram/dispatcher.py", line 240, in handler_worker
    await handler.callback(self.client, *args)
  File "/root/ANIMETOON/plugins/pm_filter.py", line 57, in give_filter
    await auto_filter(client, message)
  File "/root/ANIMETOON/plugins/pm_filter.py", line 759, in auto_filter
    if SELF_DELETE:
NameError: name 'SELF_DELETE' is not defined
[03/14/2026 10:14:58 AM:pyrogram.dispatcher:253:ERROR] name 'SELF_DELETE' is not defined
Traceback (most recent call last):
  File "/usr/local/lib/python3.10/dist-packages/pyrogram/dispatcher.py", line 240, in handler_worker
    await handler.callback(self.client, *args)
  File "/root/ANIMETOON/plugins/pm_filter.py", line 57, in give_filter
    await auto_filter(client, message)
  File "/root/ANIMETOON/plugins/pm_filter.py", line 759, in auto_filter
    if SELF_DELETE:
NameError: name 'SELF_DELETE' is not defined
[03/14/2026 10:15:16 AM:pyrogram.dispatcher:253:ERROR] name 'SELF_DELETE' is not defined
Traceback (most recent call last):
  File "/usr/local/lib/python3.10/dist-packages/pyrogram/dispatcher.py", line 240, in handler_worker
    await handler.callback(self.client, *args)
  File "/root/ANIMETOON/plugins/pm_filter.py", line 57, in give_filter
    await auto_filter(client, message)
  File "/root/ANIMETOON/plugins/pm_filter.py", line 759, in auto_filter
    if SELF_DELETE:
NameError: name 'SELF_DELETE' is not defined
[03/14/2026 10:15:26 AM:pyrogram.dispatcher:253:ERROR] name 'SELF_DELETE' is not defined
Traceback (most recent call last):
  File "/usr/local/lib/python3.10/dist-packages/pyrogram/dispatcher.py", line 240, in handler_worker
    await handler.callback(self.client, *args)
  File "/root/ANIMETOON/plugins/pm_filter.py", line 57, in give_filter
    await auto_filter(client, message)
  File "/root/ANIMETOON/plugins/pm_filter.py", line 759, in auto_filter
    if SELF_DELETE:
NameError: name 'SELF_DELETE' is not defined
[03/14/2026 10:15:50 AM:pyrogram.dispatcher:253:ERROR] name 'SELF_DELETE' is not defined
Traceback (most recent call last):
  File "/usr/local/lib/python3.10/dist-packages/pyrogram/dispatcher.py", line 240, in handler_worker
    await handler.callback(self.client, *args)
  File "/root/ANIMETOON/plugins/pm_filter.py", line 57, in give_filter
    await auto_filter(client, message)
  File "/root/ANIMETOON/plugins/pm_filter.py", line 759, in auto_filter
    if SELF_DELETE:
NameError: name 'SELF_DELETE' is not defined
[03/14/2026 10:16:17 AM:pyrogram.dispatcher:253:ERROR] name 'SELF_DELETE' is not defined
Traceback (most recent call last):
  File "/usr/local/lib/python3.10/dist-packages/pyrogram/dispatcher.py", line 240, in handler_worker
    await handler.callback(self.client, *args)
  File "/root/ANIMETOON/plugins/pm_filter.py", line 57, in give_filter
    await auto_filter(client, message)
  File "/root/ANIMETOON/plugins/pm_filter.py", line 759, in auto_filter
    if SELF_DELETE:
NameError: name 'SELF_DELETE' is not defined
[03/14/2026 10:17:34 AM:pyrogram.dispatcher:253:ERROR] name 'SELF_DELETE' is not defined
Traceback (most recent call last):
  File "/usr/local/lib/python3.10/dist-packages/pyrogram/dispatcher.py", line 240, in handler_worker
    await handler.callback(self.client, *args)
  File "/root/ANIMETOON/plugins/pm_filter.py", line 57, in give_filter
    await auto_filter(client, message)
  File "/root/ANIMETOON/plugins/pm_filter.py", line 759, in auto_filter
    if SELF_DELETE:
NameError: name 'SELF_DELETE' is not defined
[03/14/2026 10:18:29 AM:pyrogram.dispatcher:253:ERROR] Telegram says: [400 MESSAGE_NOT_MODIFIED] - The message was not modified because you tried to edit it using the same content (caused by "messages.EditMessage")
Traceback (most recent call last):
  File "/usr/local/lib/python3.10/dist-packages/pyrogram/dispatcher.py", line 240, in handler_worker
    await handler.callback(self.client, *args)
  File "/root/ANIMETOON/plugins/pm_filter.py", line 577, in cb_handler
    await query.message.edit_text(
  File "/usr/local/lib/python3.10/dist-packages/pyrogram/types/messages_and_media/message.py", line 2803, in edit_text
    return await self._client.edit_message_text(
  File "/usr/local/lib/python3.10/dist-packages/pyrogram/methods/messages/edit_message_text.py", line 82, in edit_message_text
    r = await self.invoke(
  File "/usr/local/lib/python3.10/dist-packages/pyrogram/methods/advanced/invoke.py", line 79, in invoke
    r = await self.session.invoke(
  File "/usr/local/lib/python3.10/dist-packages/pyrogram/session/session.py", line 389, in invoke
    return await self.send(query, timeout=timeout)
  File "/usr/local/lib/python3.10/dist-packages/pyrogram/session/session.py", line 357, in send
    RPCError.raise_it(result, type(data))
  File "/usr/local/lib/python3.10/dist-packages/pyrogram/errors/rpc_error.py", line 91, in raise_it
    raise getattr(
pyrogram.errors.exceptions.bad_request_400.MessageNotModified: Telegram says: [400 MESSAGE_NOT_MODIFIED] - The message was not modified because you tried to edit it using the same content (caused by "messages.EditMessage")
[03/14/2026 10:19:14 AM:pyrogram.dispatcher:253:ERROR] name 'SELF_DELETE' is not defined
Traceback (most recent call last):
  File "/usr/local/lib/python3.10/dist-packages/pyrogram/dispatcher.py", line 240, in handler_worker
    await handler.callback(self.client, *args)
  File "/root/ANIMETOON/plugins/pm_filter.py", line 57, in give_filter
    await auto_filter(client, message)
  File "/root/ANIMETOON/plugins/pm_filter.py", line 759, in auto_filter
    if SELF_DELETE:
NameError: name 'SELF_DELETE' is not defined
[03/14/2026 10:20:22 AM:pyrogram.dispatcher:253:ERROR] name 'SELF_DELETE' is not defined
Traceback (most recent call last):
  File "/usr/local/lib/python3.10/dist-packages/pyrogram/dispatcher.py", line 240, in handler_worker
    await handler.callback(self.client, *args)
  File "/root/ANIMETOON/plugins/pm_filter.py", line 57, in give_filter
    await auto_filter(client, message)
  File "/root/ANIMETOON/plugins/pm_filter.py", line 759, in auto_filter
    if SELF_DELETE:
NameError: name 'SELF_DELETE' is not defined
[03/14/2026 10:23:56 AM:pyrogram.dispatcher:253:ERROR] name 'SELF_DELETE' is not defined
Traceback (most recent call last):
  File "/usr/local/lib/python3.10/dist-packages/pyrogram/dispatcher.py", line 240, in handler_worker
    await handler.callback(self.client, *args)
  File "/root/ANIMETOON/plugins/pm_filter.py", line 57, in give_filter
    await auto_filter(client, message)
  File "/root/ANIMETOON/plugins/pm_filter.py", line 759, in auto_filter
    if SELF_DELETE:
NameError: name 'SELF_DELETE' is not defined
[03/14/2026 10:29:10 AM:pyrogram.dispatcher:253:ERROR] name 'SELF_DELETE' is not defined
Traceback (most recent call last):
  File "/usr/local/lib/python3.10/dist-packages/pyrogram/dispatcher.py", line 240, in handler_worker
    await handler.callback(self.client, *args)
  File "/root/ANIMETOON/plugins/pm_filter.py", line 57, in give_filter
    await auto_filter(client, message)
  File "/root/ANIMETOON/plugins/pm_filter.py", line 759, in auto_filter
    if SELF_DELETE:
NameError: name 'SELF_DELETE' is not defined
[03/14/2026 10:33:06 AM:pyrogram.dispatcher:253:ERROR] name 'SELF_DELETE' is not defined
Traceback (most recent call last):
  File "/usr/local/lib/python3.10/dist-packages/pyrogram/dispatcher.py", line 240, in handler_worker
    await handler.callback(self.client, *args)
  File "/root/ANIMETOON/plugins/pm_filter.py", line 57, in give_filter
    await auto_filter(client, message)
  File "/root/ANIMETOON/plugins/pm_filter.py", line 759, in auto_filter
    if SELF_DELETE:
NameError: name 'SELF_DELETE' is not defined
[03/14/2026 10:34:15 AM:pyrogram.dispatcher:253:ERROR] name 'SELF_DELETE' is not defined
Traceback (most recent call last):
  File "/usr/local/lib/python3.10/dist-packages/pyrogram/dispatcher.py", line 240, in handler_worker
    await handler.callback(self.client, *args)
  File "/root/ANIMETOON/plugins/pm_filter.py", line 57, in give_filter
    await auto_filter(client, message)
  File "/root/ANIMETOON/plugins/pm_filter.py", line 759, in auto_filter
    if SELF_DELETE:
NameError: name 'SELF_DELETE' is not defined
[03/14/2026 10:38:08 AM:pyrogram.dispatcher:253:ERROR] name 'SELF_DELETE' is not defined
Traceback (most recent call last):
  File "/usr/local/lib/python3.10/dist-packages/pyrogram/dispatcher.py", line 240, in handler_worker
    await handler.callback(self.client, *args)
  File "/root/ANIMETOON/plugins/pm_filter.py", line 57, in give_filter
    await auto_filter(client, message)
  File "/root/ANIMETOON/plugins/pm_filter.py", line 759, in auto_filter
    if SELF_DELETE:
NameError: name 'SELF_DELETE' is not defined
[03/14/2026 10:41:40 AM:pyrogram.dispatcher:253:ERROR] name 'SELF_DELETE' is not defined
Traceback (most recent call last):
  File "/usr/local/lib/python3.10/dist-packages/pyrogram/dispatcher.py", line 240, in handler_worker
    await handler.callback(self.client, *args)
  File "/root/ANIMETOON/plugins/pm_filter.py", line 57, in give_filter
    await auto_filter(client, message)
  File "/root/ANIMETOON/plugins/pm_filter.py", line 759, in auto_filter
    if SELF_DELETE:
NameError: name 'SELF_DELETE' is not defined
[03/14/2026 10:45:05 AM:pyrogram.dispatcher:253:ERROR] name 'SELF_DELETE' is not defined
Traceback (most recent call last):
  File "/usr/local/lib/python3.10/dist-packages/pyrogram/dispatcher.py", line 240, in handler_worker
    await handler.callback(self.client, *args)
  File "/root/ANIMETOON/plugins/pm_filter.py", line 57, in give_filter
    await auto_filter(client, message)
  File "/root/ANIMETOON/plugins/pm_filter.py", line 759, in auto_filter
    if SELF_DELETE:
NameError: name 'SELF_DELETE' is not defined
[03/14/2026 10:51:55 AM:pyrogram.dispatcher:253:ERROR] name 'SELF_DELETE' is not defined
Traceback (most recent call last):
  File "/usr/local/lib/python3.10/dist-packages/pyrogram/dispatcher.py", line 240, in handler_worker
    await handler.callback(self.client, *args)
  File "/root/ANIMETOON/plugins/pm_filter.py", line 57, in give_filter
    await auto_filter(client, message)
  File "/root/ANIMETOON/plugins/pm_filter.py", line 759, in auto_filter
    if SELF_DELETE:
NameError: name 'SELF_DELETE' is not defined
[03/14/2026 10:52:05 AM:pyrogram.dispatcher:253:ERROR] name 'SELF_DELETE' is not defined
Traceback (most recent call last):
  File "/usr/local/lib/python3.10/dist-packages/pyrogram/dispatcher.py", line 240, in handler_worker
    await handler.callback(self.client, *args)
  File "/root/ANIMETOON/plugins/pm_filter.py", line 57, in give_filter
    await auto_filter(client, message)
  File "/root/ANIMETOON/plugins/pm_filter.py", line 759, in auto_filter
    if SELF_DELETE:
NameError: name 'SELF_DELETE' is not defined
[03/14/2026 10:53:10 AM:pyrogram.dispatcher:253:ERROR] Telegram says: [420 FLOOD_WAIT_X] - A wait of 12 seconds is required (caused by "messages.EditMessage")
Traceback (most recent call last):
  File "/usr/local/lib/python3.10/dist-packages/pyrogram/dispatcher.py", line 240, in handler_worker
    await handler.callback(self.client, *args)
  File "/root/ANIMETOON/plugins/pm_filter.py", line 136, in next_page
    await query.edit_message_reply_markup(
  File "/usr/local/lib/python3.10/dist-packages/pyrogram/types/bots_and_keyboards/callback_query.py", line 304, in edit_message_reply_markup
    return await self._client.edit_message_reply_markup(
  File "/usr/local/lib/python3.10/dist-packages/pyrogram/methods/messages/edit_message_reply_markup.py", line 63, in edit_message_reply_markup
    r = await self.invoke(
  File "/usr/local/lib/python3.10/dist-packages/pyrogram/methods/advanced/invoke.py", line 79, in invoke
    r = await self.session.invoke(
  File "/usr/local/lib/python3.10/dist-packages/pyrogram/session/session.py", line 389, in invoke
    return await self.send(query, timeout=timeout)
  File "/usr/local/lib/python3.10/dist-packages/pyrogram/session/session.py", line 357, in send
    RPCError.raise_it(result, type(data))
  File "/usr/local/lib/python3.10/dist-packages/pyrogram/errors/rpc_error.py", line 91, in raise_it
    raise getattr(
pyrogram.errors.exceptions.flood_420.FloodWait: Telegram says: [420 FLOOD_WAIT_X] - A wait of 12 seconds is required (caused by "messages.EditMessage")
[03/14/2026 10:53:15 AM:pyrogram.dispatcher:253:ERROR] Telegram says: [420 FLOOD_WAIT_X] - A wait of 7 seconds is required (caused by "messages.EditMessage")
Traceback (most recent call last):
  File "/usr/local/lib/python3.10/dist-packages/pyrogram/dispatcher.py", line 240, in handler_worker
    await handler.callback(self.client, *args)
  File "/root/ANIMETOON/plugins/pm_filter.py", line 136, in next_page
    await query.edit_message_reply_markup(
  File "/usr/local/lib/python3.10/dist-packages/pyrogram/types/bots_and_keyboards/callback_query.py", line 304, in edit_message_reply_markup
    return await self._client.edit_message_reply_markup(
  File "/usr/local/lib/python3.10/dist-packages/pyrogram/methods/messages/edit_message_reply_markup.py", line 63, in edit_message_reply_markup
    r = await self.invoke(
  File "/usr/local/lib/python3.10/dist-packages/pyrogram/methods/advanced/invoke.py", line 79, in invoke
    r = await self.session.invoke(
  File "/usr/local/lib/python3.10/dist-packages/pyrogram/session/session.py", line 389, in invoke
    return await self.send(query, timeout=timeout)
  File "/usr/local/lib/python3.10/dist-packages/pyrogram/session/session.py", line 357, in send
    RPCError.raise_it(result, type(data))
  File "/usr/local/lib/python3.10/dist-packages/pyrogram/errors/rpc_error.py", line 91, in raise_it
    raise getattr(
pyrogram.errors.exceptions.flood_420.FloodWait: Telegram says: [420 FLOOD_WAIT_X] - A wait of 7 seconds is required (caused by "messages.EditMessage")
[03/14/2026 10:53:15 AM:pyrogram.dispatcher:253:ERROR] Telegram says: [420 FLOOD_WAIT_X] - A wait of 7 seconds is required (caused by "messages.EditMessage")
Traceback (most recent call last):
  File "/usr/local/lib/python3.10/dist-packages/pyrogram/dispatcher.py", line 240, in handler_worker
    await handler.callback(self.client, *args)
  File "/root/ANIMETOON/plugins/pm_filter.py", line 136, in next_page
    await query.edit_message_reply_markup(
  File "/usr/local/lib/python3.10/dist-packages/pyrogram/types/bots_and_keyboards/callback_query.py", line 304, in edit_message_reply_markup
    return await self._client.edit_message_reply_markup(
  File "/usr/local/lib/python3.10/dist-packages/pyrogram/methods/messages/edit_message_reply_markup.py", line 63, in edit_message_reply_markup
    r = await self.invoke(
  File "/usr/local/lib/python3.10/dist-packages/pyrogram/methods/advanced/invoke.py", line 79, in invoke
    r = await self.session.invoke(
  File "/usr/local/lib/python3.10/dist-packages/pyrogram/session/session.py", line 389, in invoke
    return await self.send(query, timeout=timeout)
  File "/usr/local/lib/python3.10/dist-packages/pyrogram/session/session.py", line 357, in send
    RPCError.raise_it(result, type(data))
  File "/usr/local/lib/python3.10/dist-packages/pyrogram/errors/rpc_error.py", line 91, in raise_it
    raise getattr(
pyrogram.errors.exceptions.flood_420.FloodWait: Telegram says: [420 FLOOD_WAIT_X] - A wait of 7 seconds is required (caused by "messages.EditMessage")
[03/14/2026 10:53:16 AM:pyrogram.dispatcher:253:ERROR] Telegram says: [420 FLOOD_WAIT_X] - A wait of 6 seconds is required (caused by "messages.EditMessage")
Traceback (most recent call last):
  File "/usr/local/lib/python3.10/dist-packages/pyrogram/dispatcher.py", line 240, in handler_worker
    await handler.callback(self.client, *args)
  File "/root/ANIMETOON/plugins/pm_filter.py", line 136, in next_page
    await query.edit_message_reply_markup(
  File "/usr/local/lib/python3.10/dist-packages/pyrogram/types/bots_and_keyboards/callback_query.py", line 304, in edit_message_reply_markup
    return await self._client.edit_message_reply_markup(
  File "/usr/local/lib/python3.10/dist-packages/pyrogram/methods/messages/edit_message_reply_markup.py", line 63, in edit_message_reply_markup
    r = await self.invoke(
  File "/usr/local/lib/python3.10/dist-packages/pyrogram/methods/advanced/invoke.py", line 79, in invoke
    r = await self.session.invoke(
  File "/usr/local/lib/python3.10/dist-packages/pyrogram/session/session.py", line 389, in invoke
    return await self.send(query, timeout=timeout)
  File "/usr/local/lib/python3.10/dist-packages/pyrogram/session/session.py", line 357, in send
    RPCError.raise_it(result, type(data))
  File "/usr/local/lib/python3.10/dist-packages/pyrogram/errors/rpc_error.py", line 91, in raise_it
    raise getattr(
pyrogram.errors.exceptions.flood_420.FloodWait: Telegram says: [420 FLOOD_WAIT_X] - A wait of 6 seconds is required (caused by "messages.EditMessage")
[03/14/2026 10:57:30 AM:pyrogram.dispatcher:253:ERROR] name 'SELF_DELETE' is not defined
Traceback (most recent call last):
  File "/usr/local/lib/python3.10/dist-packages/pyrogram/dispatcher.py", line 240, in handler_worker
    await handler.callback(self.client, *args)
  File "/root/ANIMETOON/plugins/pm_filter.py", line 57, in give_filter
    await auto_filter(client, message)
  File "/root/ANIMETOON/plugins/pm_filter.py", line 759, in auto_filter
    if SELF_DELETE:
NameError: name 'SELF_DELETE' is not defined
[03/14/2026 11:06:55 AM:pyrogram.dispatcher:253:ERROR] Telegram says: [420 FLOOD_WAIT_X] - A wait of 23 seconds is required (caused by "messages.EditMessage")
Traceback (most recent call last):
  File "/usr/local/lib/python3.10/dist-packages/pyrogram/dispatcher.py", line 240, in handler_worker
    await handler.callback(self.client, *args)
  File "/root/ANIMETOON/plugins/pm_filter.py", line 136, in next_page
    await query.edit_message_reply_markup(
  File "/usr/local/lib/python3.10/dist-packages/pyrogram/types/bots_and_keyboards/callback_query.py", line 304, in edit_message_reply_markup
    return await self._client.edit_message_reply_markup(
  File "/usr/local/lib/python3.10/dist-packages/pyrogram/methods/messages/edit_message_reply_markup.py", line 63, in edit_message_reply_markup
    r = await self.invoke(
  File "/usr/local/lib/python3.10/dist-packages/pyrogram/methods/advanced/invoke.py", line 79, in invoke
    r = await self.session.invoke(
  File "/usr/local/lib/python3.10/dist-packages/pyrogram/session/session.py", line 389, in invoke
    return await self.send(query, timeout=timeout)
  File "/usr/local/lib/python3.10/dist-packages/pyrogram/session/session.py", line 357, in send
    RPCError.raise_it(result, type(data))
  File "/usr/local/lib/python3.10/dist-packages/pyrogram/errors/rpc_error.py", line 91, in raise_it
    raise getattr(
pyrogram.errors.exceptions.flood_420.FloodWait: Telegram says: [420 FLOOD_WAIT_X] - A wait of 23 seconds is required (caused by "messages.EditMessage")
[03/14/2026 11:06:56 AM:pyrogram.dispatcher:253:ERROR] Telegram says: [420 FLOOD_WAIT_X] - A wait of 22 seconds is required (caused by "messages.EditMessage")
Traceback (most recent call last):
  File "/usr/local/lib/python3.10/dist-packages/pyrogram/dispatcher.py", line 240, in handler_worker
    await handler.callback(self.client, *args)
  File "/root/ANIMETOON/plugins/pm_filter.py", line 136, in next_page
    await query.edit_message_reply_markup(
  File "/usr/local/lib/python3.10/dist-packages/pyrogram/types/bots_and_keyboards/callback_query.py", line 304, in edit_message_reply_markup
    return await self._client.edit_message_reply_markup(
  File "/usr/local/lib/python3.10/dist-packages/pyrogram/methods/messages/edit_message_reply_markup.py", line 63, in edit_message_reply_markup
    r = await self.invoke(
  File "/usr/local/lib/python3.10/dist-packages/pyrogram/methods/advanced/invoke.py", line 79, in invoke
    r = await self.session.invoke(
  File "/usr/local/lib/python3.10/dist-packages/pyrogram/session/session.py", line 389, in invoke
    return await self.send(query, timeout=timeout)
  File "/usr/local/lib/python3.10/dist-packages/pyrogram/session/session.py", line 357, in send
    RPCError.raise_it(result, type(data))
  File "/usr/local/lib/python3.10/dist-packages/pyrogram/errors/rpc_error.py", line 91, in raise_it
    raise getattr(
pyrogram.errors.exceptions.flood_420.FloodWait: Telegram says: [420 FLOOD_WAIT_X] - A wait of 22 seconds is required (caused by "messages.EditMessage")
[03/14/2026 11:06:58 AM:pyrogram.dispatcher:253:ERROR] Telegram says: [420 FLOOD_WAIT_X] - A wait of 21 seconds is required (caused by "messages.EditMessage")
Traceback (most recent call last):
  File "/usr/local/lib/python3.10/dist-packages/pyrogram/dispatcher.py", line 240, in handler_worker
    await handler.callback(self.client, *args)
  File "/root/ANIMETOON/plugins/pm_filter.py", line 136, in next_page
    await query.edit_message_reply_markup(
  File "/usr/local/lib/python3.10/dist-packages/pyrogram/types/bots_and_keyboards/callback_query.py", line 304, in edit_message_reply_markup
    return await self._client.edit_message_reply_markup(
  File "/usr/local/lib/python3.10/dist-packages/pyrogram/methods/messages/edit_message_reply_markup.py", line 63, in edit_message_reply_markup
    r = await self.invoke(
  File "/usr/local/lib/python3.10/dist-packages/pyrogram/methods/advanced/invoke.py", line 79, in invoke
    r = await self.session.invoke(
  File "/usr/local/lib/python3.10/dist-packages/pyrogram/session/session.py", line 389, in invoke
    return await self.send(query, timeout=timeout)
  File "/usr/local/lib/python3.10/dist-packages/pyrogram/session/session.py", line 357, in send
    RPCError.raise_it(result, type(data))
  File "/usr/local/lib/python3.10/dist-packages/pyrogram/errors/rpc_error.py", line 91, in raise_it
    raise getattr(
pyrogram.errors.exceptions.flood_420.FloodWait: Telegram says: [420 FLOOD_WAIT_X] - A wait of 21 seconds is required (caused by "messages.EditMessage")
[03/14/2026 11:07:01 AM:pyrogram.dispatcher:253:ERROR] Telegram says: [420 FLOOD_WAIT_X] - A wait of 17 seconds is required (caused by "messages.EditMessage")
Traceback (most recent call last):
  File "/usr/local/lib/python3.10/dist-packages/pyrogram/dispatcher.py", line 240, in handler_worker
    await handler.callback(self.client, *args)
  File "/root/ANIMETOON/plugins/pm_filter.py", line 136, in next_page
    await query.edit_message_reply_markup(
  File "/usr/local/lib/python3.10/dist-packages/pyrogram/types/bots_and_keyboards/callback_query.py", line 304, in edit_message_reply_markup
    return await self._client.edit_message_reply_markup(
  File "/usr/local/lib/python3.10/dist-packages/pyrogram/methods/messages/edit_message_reply_markup.py", line 63, in edit_message_reply_markup
    r = await self.invoke(
  File "/usr/local/lib/python3.10/dist-packages/pyrogram/methods/advanced/invoke.py", line 79, in invoke
    r = await self.session.invoke(
  File "/usr/local/lib/python3.10/dist-packages/pyrogram/session/session.py", line 389, in invoke
    return await self.send(query, timeout=timeout)
  File "/usr/local/lib/python3.10/dist-packages/pyrogram/session/session.py", line 357, in send
    RPCError.raise_it(result, type(data))
  File "/usr/local/lib/python3.10/dist-packages/pyrogram/errors/rpc_error.py", line 91, in raise_it
    raise getattr(
pyrogram.errors.exceptions.flood_420.FloodWait: Telegram says: [420 FLOOD_WAIT_X] - A wait of 17 seconds is required (caused by "messages.EditMessage")
[03/14/2026 11:07:33 AM:pyrogram.dispatcher:253:ERROR] Telegram says: [400 QUERY_ID_INVALID] - The callback query id is invalid (caused by "messages.SetBotCallbackAnswer")
Traceback (most recent call last):
  File "/usr/local/lib/python3.10/dist-packages/pyrogram/dispatcher.py", line 240, in handler_worker
    await handler.callback(self.client, *args)
  File "/root/ANIMETOON/plugins/pm_filter.py", line 141, in next_page
    await query.answer()
  File "/usr/local/lib/python3.10/dist-packages/pyrogram/types/bots_and_keyboards/callback_query.py", line 159, in answer
    return await self._client.answer_callback_query(
  File "/usr/local/lib/python3.10/dist-packages/pyrogram/methods/bots/answer_callback_query.py", line 73, in answer_callback_query
    return await self.invoke(
  File "/usr/local/lib/python3.10/dist-packages/pyrogram/methods/advanced/invoke.py", line 79, in invoke
    r = await self.session.invoke(
  File "/usr/local/lib/python3.10/dist-packages/pyrogram/session/session.py", line 389, in invoke
    return await self.send(query, timeout=timeout)
  File "/usr/local/lib/python3.10/dist-packages/pyrogram/session/session.py", line 357, in send
    RPCError.raise_it(result, type(data))
  File "/usr/local/lib/python3.10/dist-packages/pyrogram/errors/rpc_error.py", line 91, in raise_it
    raise getattr(
pyrogram.errors.exceptions.bad_request_400.QueryIdInvalid: Telegram says: [400 QUERY_ID_INVALID] - The callback query id is invalid (caused by "messages.SetBotCallbackAnswer")
[03/14/2026 11:07:44 AM:pyrogram.dispatcher:253:ERROR] Telegram says: [420 FLOOD_WAIT_X] - A wait of 36 seconds is required (caused by "messages.EditMessage")
Traceback (most recent call last):
  File "/usr/local/lib/python3.10/dist-packages/pyrogram/dispatcher.py", line 240, in handler_worker
    await handler.callback(self.client, *args)
  File "/root/ANIMETOON/plugins/pm_filter.py", line 136, in next_page
    await query.edit_message_reply_markup(
  File "/usr/local/lib/python3.10/dist-packages/pyrogram/types/bots_and_keyboards/callback_query.py", line 304, in edit_message_reply_markup
    return await self._client.edit_message_reply_markup(
  File "/usr/local/lib/python3.10/dist-packages/pyrogram/methods/messages/edit_message_reply_markup.py", line 63, in edit_message_reply_markup
    r = await self.invoke(
  File "/usr/local/lib/python3.10/dist-packages/pyrogram/methods/advanced/invoke.py", line 79, in invoke
    r = await self.session.invoke(
  File "/usr/local/lib/python3.10/dist-packages/pyrogram/session/session.py", line 389, in invoke
    return await self.send(query, timeout=timeout)
  File "/usr/local/lib/python3.10/dist-packages/pyrogram/session/session.py", line 357, in send
    RPCError.raise_it(result, type(data))
  File "/usr/local/lib/python3.10/dist-packages/pyrogram/errors/rpc_error.py", line 91, in raise_it
    raise getattr(
pyrogram.errors.exceptions.flood_420.FloodWait: Telegram says: [420 FLOOD_WAIT_X] - A wait of 36 seconds is required (caused by "messages.EditMessage")
[03/14/2026 11:07:49 AM:pyrogram.dispatcher:253:ERROR] Telegram says: [420 FLOOD_WAIT_X] - A wait of 31 seconds is required (caused by "messages.EditMessage")
Traceback (most recent call last):
  File "/usr/local/lib/python3.10/dist-packages/pyrogram/dispatcher.py", line 240, in handler_worker
    await handler.callback(self.client, *args)
  File "/root/ANIMETOON/plugins/pm_filter.py", line 136, in next_page
    await query.edit_message_reply_markup(
  File "/usr/local/lib/python3.10/dist-packages/pyrogram/types/bots_and_keyboards/callback_query.py", line 304, in edit_message_reply_markup
    return await self._client.edit_message_reply_markup(
  File "/usr/local/lib/python3.10/dist-packages/pyrogram/methods/messages/edit_message_reply_markup.py", line 63, in edit_message_reply_markup
    r = await self.invoke(
  File "/usr/local/lib/python3.10/dist-packages/pyrogram/methods/advanced/invoke.py", line 79, in invoke
    r = await self.session.invoke(
  File "/usr/local/lib/python3.10/dist-packages/pyrogram/session/session.py", line 389, in invoke
    return await self.send(query, timeout=timeout)
  File "/usr/local/lib/python3.10/dist-packages/pyrogram/session/session.py", line 357, in send
    RPCError.raise_it(result, type(data))
  File "/usr/local/lib/python3.10/dist-packages/pyrogram/errors/rpc_error.py", line 91, in raise_it
    raise getattr(
pyrogram.errors.exceptions.flood_420.FloodWait: Telegram says: [420 FLOOD_WAIT_X] - A wait of 31 seconds is required (caused by "messages.EditMessage")
[03/14/2026 11:07:54 AM:pyrogram.dispatcher:253:ERROR] Telegram says: [420 FLOOD_WAIT_X] - A wait of 26 seconds is required (caused by "messages.EditMessage")
Traceback (most recent call last):
  File "/usr/local/lib/python3.10/dist-packages/pyrogram/dispatcher.py", line 240, in handler_worker
    await handler.callback(self.client, *args)
  File "/root/ANIMETOON/plugins/pm_filter.py", line 136, in next_page
    await query.edit_message_reply_markup(
  File "/usr/local/lib/python3.10/dist-packages/pyrogram/types/bots_and_keyboards/callback_query.py", line 304, in edit_message_reply_markup
    return await self._client.edit_message_reply_markup(
  File "/usr/local/lib/python3.10/dist-packages/pyrogram/methods/messages/edit_message_reply_markup.py", line 63, in edit_message_reply_markup
    r = await self.invoke(
  File "/usr/local/lib/python3.10/dist-packages/pyrogram/methods/advanced/invoke.py", line 79, in invoke
    r = await self.session.invoke(
  File "/usr/local/lib/python3.10/dist-packages/pyrogram/session/session.py", line 389, in invoke
    return await self.send(query, timeout=timeout)
  File "/usr/local/lib/python3.10/dist-packages/pyrogram/session/session.py", line 357, in send
    RPCError.raise_it(result, type(data))
  File "/usr/local/lib/python3.10/dist-packages/pyrogram/errors/rpc_error.py", line 91, in raise_it
    raise getattr(
pyrogram.errors.exceptions.flood_420.FloodWait: Telegram says: [420 FLOOD_WAIT_X] - A wait of 26 seconds is required (caused by "messages.EditMessage")
[03/14/2026 11:07:54 AM:pyrogram.dispatcher:253:ERROR] Telegram says: [420 FLOOD_WAIT_X] - A wait of 26 seconds is required (caused by "messages.EditMessage")
Traceback (most recent call last):
  File "/usr/local/lib/python3.10/dist-packages/pyrogram/dispatcher.py", line 240, in handler_worker
    await handler.callback(self.client, *args)
  File "/root/ANIMETOON/plugins/pm_filter.py", line 136, in next_page
    await query.edit_message_reply_markup(
  File "/usr/local/lib/python3.10/dist-packages/pyrogram/types/bots_and_keyboards/callback_query.py", line 304, in edit_message_reply_markup
    return await self._client.edit_message_reply_markup(
  File "/usr/local/lib/python3.10/dist-packages/pyrogram/methods/messages/edit_message_reply_markup.py", line 63, in edit_message_reply_markup
    r = await self.invoke(
  File "/usr/local/lib/python3.10/dist-packages/pyrogram/methods/advanced/invoke.py", line 79, in invoke
    r = await self.session.invoke(
  File "/usr/local/lib/python3.10/dist-packages/pyrogram/session/session.py", line 389, in invoke
    return await self.send(query, timeout=timeout)
  File "/usr/local/lib/python3.10/dist-packages/pyrogram/session/session.py", line 357, in send
    RPCError.raise_it(result, type(data))
  File "/usr/local/lib/python3.10/dist-packages/pyrogram/errors/rpc_error.py", line 91, in raise_it
    raise getattr(
pyrogram.errors.exceptions.flood_420.FloodWait: Telegram says: [420 FLOOD_WAIT_X] - A wait of 26 seconds is required (caused by "messages.EditMessage")
[03/14/2026 11:07:54 AM:pyrogram.dispatcher:253:ERROR] Telegram says: [420 FLOOD_WAIT_X] - A wait of 26 seconds is required (caused by "messages.EditMessage")
Traceback (most recent call last):
  File "/usr/local/lib/python3.10/dist-packages/pyrogram/dispatcher.py", line 240, in handler_worker
    await handler.callback(self.client, *args)
  File "/root/ANIMETOON/plugins/pm_filter.py", line 136, in next_page
    await query.edit_message_reply_markup(
  File "/usr/local/lib/python3.10/dist-packages/pyrogram/types/bots_and_keyboards/callback_query.py", line 304, in edit_message_reply_markup
    return await self._client.edit_message_reply_markup(
  File "/usr/local/lib/python3.10/dist-packages/pyrogram/methods/messages/edit_message_reply_markup.py", line 63, in edit_message_reply_markup
    r = await self.invoke(
  File "/usr/local/lib/python3.10/dist-packages/pyrogram/methods/advanced/invoke.py", line 79, in invoke
    r = await self.session.invoke(
  File "/usr/local/lib/python3.10/dist-packages/pyrogram/session/session.py", line 389, in invoke
    return await self.send(query, timeout=timeout)
  File "/usr/local/lib/python3.10/dist-packages/pyrogram/session/session.py", line 357, in send
    RPCError.raise_it(result, type(data))
  File "/usr/local/lib/python3.10/dist-packages/pyrogram/errors/rpc_error.py", line 91, in raise_it
    raise getattr(
pyrogram.errors.exceptions.flood_420.FloodWait: Telegram says: [420 FLOOD_WAIT_X] - A wait of 26 seconds is required (caused by "messages.EditMessage")
[03/14/2026 11:07:59 AM:pyrogram.dispatcher:253:ERROR] Telegram says: [420 FLOOD_WAIT_X] - A wait of 21 seconds is required (caused by "messages.EditMessage")
Traceback (most recent call last):
  File "/usr/local/lib/python3.10/dist-packages/pyrogram/dispatcher.py", line 240, in handler_worker
    await handler.callback(self.client, *args)
  File "/root/ANIMETOON/plugins/pm_filter.py", line 136, in next_page
    await query.edit_message_reply_markup(
  File "/usr/local/lib/python3.10/dist-packages/pyrogram/types/bots_and_keyboards/callback_query.py", line 304, in edit_message_reply_markup
    return await self._client.edit_message_reply_markup(
  File "/usr/local/lib/python3.10/dist-packages/pyrogram/methods/messages/edit_message_reply_markup.py", line 63, in edit_message_reply_markup
    r = await self.invoke(
  File "/usr/local/lib/python3.10/dist-packages/pyrogram/methods/advanced/invoke.py", line 79, in invoke
    r = await self.session.invoke(
  File "/usr/local/lib/python3.10/dist-packages/pyrogram/session/session.py", line 389, in invoke
    return await self.send(query, timeout=timeout)
  File "/usr/local/lib/python3.10/dist-packages/pyrogram/session/session.py", line 357, in send
    RPCError.raise_it(result, type(data))
  File "/usr/local/lib/python3.10/dist-packages/pyrogram/errors/rpc_error.py", line 91, in raise_it
    raise getattr(
pyrogram.errors.exceptions.flood_420.FloodWait: Telegram says: [420 FLOOD_WAIT_X] - A wait of 21 seconds is required (caused by "messages.EditMessage")
[03/14/2026 11:08:05 AM:pyrogram.dispatcher:253:ERROR] Telegram says: [420 FLOOD_WAIT_X] - A wait of 15 seconds is required (caused by "messages.EditMessage")
Traceback (most recent call last):
  File "/usr/local/lib/python3.10/dist-packages/pyrogram/dispatcher.py", line 240, in handler_worker
    await handler.callback(self.client, *args)
  File "/root/ANIMETOON/plugins/pm_filter.py", line 136, in next_page
    await query.edit_message_reply_markup(
  File "/usr/local/lib/python3.10/dist-packages/pyrogram/types/bots_and_keyboards/callback_query.py", line 304, in edit_message_reply_markup
    return await self._client.edit_message_reply_markup(
  File "/usr/local/lib/python3.10/dist-packages/pyrogram/methods/messages/edit_message_reply_markup.py", line 63, in edit_message_reply_markup
    r = await self.invoke(
  File "/usr/local/lib/python3.10/dist-packages/pyrogram/methods/advanced/invoke.py", line 79, in invoke
    r = await self.session.invoke(
  File "/usr/local/lib/python3.10/dist-packages/pyrogram/session/session.py", line 389, in invoke
    return await self.send(query, timeout=timeout)
  File "/usr/local/lib/python3.10/dist-packages/pyrogram/session/session.py", line 357, in send
    RPCError.raise_it(result, type(data))
  File "/usr/local/lib/python3.10/dist-packages/pyrogram/errors/rpc_error.py", line 91, in raise_it
    raise getattr(
pyrogram.errors.exceptions.flood_420.FloodWait: Telegram says: [420 FLOOD_WAIT_X] - A wait of 15 seconds is required (caused by "messages.EditMessage")
[03/14/2026 11:08:05 AM:pyrogram.dispatcher:253:ERROR] Telegram says: [420 FLOOD_WAIT_X] - A wait of 15 seconds is required (caused by "messages.EditMessage")
Traceback (most recent call last):
  File "/usr/local/lib/python3.10/dist-packages/pyrogram/dispatcher.py", line 240, in handler_worker
    await handler.callback(self.client, *args)
  File "/root/ANIMETOON/plugins/pm_filter.py", line 136, in next_page
    await query.edit_message_reply_markup(
  File "/usr/local/lib/python3.10/dist-packages/pyrogram/types/bots_and_keyboards/callback_query.py", line 304, in edit_message_reply_markup
    return await self._client.edit_message_reply_markup(
  File "/usr/local/lib/python3.10/dist-packages/pyrogram/methods/messages/edit_message_reply_markup.py", line 63, in edit_message_reply_markup
    r = await self.invoke(
  File "/usr/local/lib/python3.10/dist-packages/pyrogram/methods/advanced/invoke.py", line 79, in invoke
    r = await self.session.invoke(
  File "/usr/local/lib/python3.10/dist-packages/pyrogram/session/session.py", line 389, in invoke
    return await self.send(query, timeout=timeout)
  File "/usr/local/lib/python3.10/dist-packages/pyrogram/session/session.py", line 357, in send
    RPCError.raise_it(result, type(data))
  File "/usr/local/lib/python3.10/dist-packages/pyrogram/errors/rpc_error.py", line 91, in raise_it
    raise getattr(
pyrogram.errors.exceptions.flood_420.FloodWait: Telegram says: [420 FLOOD_WAIT_X] - A wait of 15 seconds is required (caused by "messages.EditMessage")
[03/14/2026 11:08:05 AM:pyrogram.dispatcher:253:ERROR] Telegram says: [420 FLOOD_WAIT_X] - A wait of 15 seconds is required (caused by "messages.EditMessage")
Traceback (most recent call last):
  File "/usr/local/lib/python3.10/dist-packages/pyrogram/dispatcher.py", line 240, in handler_worker
    await handler.callback(self.client, *args)
  File "/root/ANIMETOON/plugins/pm_filter.py", line 136, in next_page
    await query.edit_message_reply_markup(
  File "/usr/local/lib/python3.10/dist-packages/pyrogram/types/bots_and_keyboards/callback_query.py", line 304, in edit_message_reply_markup
    return await self._client.edit_message_reply_markup(
  File "/usr/local/lib/python3.10/dist-packages/pyrogram/methods/messages/edit_message_reply_markup.py", line 63, in edit_message_reply_markup
    r = await self.invoke(
  File "/usr/local/lib/python3.10/dist-packages/pyrogram/methods/advanced/invoke.py", line 79, in invoke
    r = await self.session.invoke(
  File "/usr/local/lib/python3.10/dist-packages/pyrogram/session/session.py", line 389, in invoke
    return await self.send(query, timeout=timeout)
  File "/usr/local/lib/python3.10/dist-packages/pyrogram/session/session.py", line 357, in send
    RPCError.raise_it(result, type(data))
  File "/usr/local/lib/python3.10/dist-packages/pyrogram/errors/rpc_error.py", line 91, in raise_it
    raise getattr(
pyrogram.errors.exceptions.flood_420.FloodWait: Telegram says: [420 FLOOD_WAIT_X] - A wait of 15 seconds is required (caused by "messages.EditMessage")
[03/14/2026 11:08:05 AM:pyrogram.dispatcher:253:ERROR] Telegram says: [420 FLOOD_WAIT_X] - A wait of 15 seconds is required (caused by "messages.EditMessage")
Traceback (most recent call last):
  File "/usr/local/lib/python3.10/dist-packages/pyrogram/dispatcher.py", line 240, in handler_worker
    await handler.callback(self.client, *args)
  File "/root/ANIMETOON/plugins/pm_filter.py", line 136, in next_page
    await query.edit_message_reply_markup(
  File "/usr/local/lib/python3.10/dist-packages/pyrogram/types/bots_and_keyboards/callback_query.py", line 304, in edit_message_reply_markup
    return await self._client.edit_message_reply_markup(
  File "/usr/local/lib/python3.10/dist-packages/pyrogram/methods/messages/edit_message_reply_markup.py", line 63, in edit_message_reply_markup
    r = await self.invoke(
  File "/usr/local/lib/python3.10/dist-packages/pyrogram/methods/advanced/invoke.py", line 79, in invoke
    r = await self.session.invoke(
  File "/usr/local/lib/python3.10/dist-packages/pyrogram/session/session.py", line 389, in invoke
    return await self.send(query, timeout=timeout)
  File "/usr/local/lib/python3.10/dist-packages/pyrogram/session/session.py", line 357, in send
    RPCError.raise_it(result, type(data))
  File "/usr/local/lib/python3.10/dist-packages/pyrogram/errors/rpc_error.py", line 91, in raise_it
    raise getattr(
pyrogram.errors.exceptions.flood_420.FloodWait: Telegram says: [420 FLOOD_WAIT_X] - A wait of 15 seconds is required (caused by "messages.EditMessage")
[03/14/2026 11:08:12 AM:pyrogram.dispatcher:253:ERROR] Telegram says: [420 FLOOD_WAIT_X] - A wait of 8 seconds is required (caused by "messages.EditMessage")
Traceback (most recent call last):
  File "/usr/local/lib/python3.10/dist-packages/pyrogram/dispatcher.py", line 240, in handler_worker
    await handler.callback(self.client, *args)
  File "/root/ANIMETOON/plugins/pm_filter.py", line 136, in next_page
    await query.edit_message_reply_markup(
  File "/usr/local/lib/python3.10/dist-packages/pyrogram/types/bots_and_keyboards/callback_query.py", line 304, in edit_message_reply_markup
    return await self._client.edit_message_reply_markup(
  File "/usr/local/lib/python3.10/dist-packages/pyrogram/methods/messages/edit_message_reply_markup.py", line 63, in edit_message_reply_markup
    r = await self.invoke(
  File "/usr/local/lib/python3.10/dist-packages/pyrogram/methods/advanced/invoke.py", line 79, in invoke
    r = await self.session.invoke(
  File "/usr/local/lib/python3.10/dist-packages/pyrogram/session/session.py", line 389, in invoke
    return await self.send(query, timeout=timeout)
  File "/usr/local/lib/python3.10/dist-packages/pyrogram/session/session.py", line 357, in send
    RPCError.raise_it(result, type(data))
  File "/usr/local/lib/python3.10/dist-packages/pyrogram/errors/rpc_error.py", line 91, in raise_it
    raise getattr(
pyrogram.errors.exceptions.flood_420.FloodWait: Telegram says: [420 FLOOD_WAIT_X] - A wait of 8 seconds is required (caused by "messages.EditMessage")
[03/14/2026 11:34:15 AM:pyrogram.dispatcher:253:ERROR] name 'SELF_DELETE' is not defined
Traceback (most recent call last):
  File "/usr/local/lib/python3.10/dist-packages/pyrogram/dispatcher.py", line 240, in handler_worker
    await handler.callback(self.client, *args)
  File "/root/ANIMETOON/plugins/pm_filter.py", line 57, in give_filter
    await auto_filter(client, message)
  File "/root/ANIMETOON/plugins/pm_filter.py", line 759, in auto_filter
    if SELF_DELETE:
NameError: name 'SELF_DELETE' is not defined
[03/14/2026 11:43:26 AM:pyrogram.dispatcher:253:ERROR] name 'SELF_DELETE' is not defined
Traceback (most recent call last):
  File "/usr/local/lib/python3.10/dist-packages/pyrogram/dispatcher.py", line 240, in handler_worker
    await handler.callback(self.client, *args)
  File "/root/ANIMETOON/plugins/pm_filter.py", line 57, in give_filter
    await auto_filter(client, message)
  File "/root/ANIMETOON/plugins/pm_filter.py", line 759, in auto_filter
    if SELF_DELETE:
NameError: name 'SELF_DELETE' is not defined
[03/14/2026 11:51:38 AM:pyrogram.dispatcher:253:ERROR] name 'SELF_DELETE' is not defined
Traceback (most recent call last):
  File "/usr/local/lib/python3.10/dist-packages/pyrogram/dispatcher.py", line 240, in handler_worker
    await handler.callback(self.client, *args)
  File "/root/ANIMETOON/plugins/pm_filter.py", line 57, in give_filter
    await auto_filter(client, message)
  File "/root/ANIMETOON/plugins/pm_filter.py", line 759, in auto_filter
    if SELF_DELETE:
NameError: name 'SELF_DELETE' is not defined
[03/14/2026 11:52:51 AM:pyrogram.dispatcher:253:ERROR] name 'SELF_DELETE' is not defined
Traceback (most recent call last):
  File "/usr/local/lib/python3.10/dist-packages/pyrogram/dispatcher.py", line 240, in handler_worker
    await handler.callback(self.client, *args)
  File "/root/ANIMETOON/plugins/pm_filter.py", line 57, in give_filter
    await auto_filter(client, message)
  File "/root/ANIMETOON/plugins/pm_filter.py", line 759, in auto_filter
    if SELF_DELETE:
NameError: name 'SELF_DELETE' is not defined
[03/14/2026 12:21:11 PM:pyrogram.dispatcher:253:ERROR] name 'SELF_DELETE' is not defined
Traceback (most recent call last):
  File "/usr/local/lib/python3.10/dist-packages/pyrogram/dispatcher.py", line 240, in handler_worker
    await handler.callback(self.client, *args)
  File "/root/ANIMETOON/plugins/pm_filter.py", line 57, in give_filter
    await auto_filter(client, message)
  File "/root/ANIMETOON/plugins/pm_filter.py", line 759, in auto_filter
    if SELF_DELETE:
NameError: name 'SELF_DELETE' is not defined
[03/14/2026 12:22:50 PM:pyrogram.dispatcher:253:ERROR] name 'SELF_DELETE' is not defined
Traceback (most recent call last):
  File "/usr/local/lib/python3.10/dist-packages/pyrogram/dispatcher.py", line 240, in handler_worker
    await handler.callback(self.client, *args)
  File "/root/ANIMETOON/plugins/pm_filter.py", line 57, in give_filter
    await auto_filter(client, message)
  File "/root/ANIMETOON/plugins/pm_filter.py", line 759, in auto_filter
    if SELF_DELETE:
NameError: name 'SELF_DELETE' is not defined
[03/14/2026 12:24:42 PM:pyrogram.dispatcher:253:ERROR] name 'SELF_DELETE' is not defined
Traceback (most recent call last):
  File "/usr/local/lib/python3.10/dist-packages/pyrogram/dispatcher.py", line 240, in handler_worker
    await handler.callback(self.client, *args)
  File "/root/ANIMETOON/plugins/pm_filter.py", line 57, in give_filter
    await auto_filter(client, message)
  File "/root/ANIMETOON/plugins/pm_filter.py", line 759, in auto_filter
    if SELF_DELETE:
NameError: name 'SELF_DELETE' is not defined
[03/14/2026 12:38:15 PM:pyrogram.dispatcher:253:ERROR] name 'SELF_DELETE' is not defined
Traceback (most recent call last):
  File "/usr/local/lib/python3.10/dist-packages/pyrogram/dispatcher.py", line 240, in handler_worker
    await handler.callback(self.client, *args)
  File "/root/ANIMETOON/plugins/pm_filter.py", line 57, in give_filter
    await auto_filter(client, message)
  File "/root/ANIMETOON/plugins/pm_filter.py", line 759, in auto_filter
    if SELF_DELETE:
NameError: name 'SELF_DELETE' is not defined
[03/14/2026 12:39:13 PM:pyrogram.dispatcher:253:ERROR] name 'SELF_DELETE' is not defined
Traceback (most recent call last):
  File "/usr/local/lib/python3.10/dist-packages/pyrogram/dispatcher.py", line 240, in handler_worker
    await handler.callback(self.client, *args)
  File "/root/ANIMETOON/plugins/pm_filter.py", line 57, in give_filter
    await auto_filter(client, message)
  File "/root/ANIMETOON/plugins/pm_filter.py", line 759, in auto_filter
    if SELF_DELETE:
NameError: name 'SELF_DELETE' is not defined
[03/14/2026 12:39:29 PM:pyrogram.dispatcher:253:ERROR] name 'SELF_DELETE' is not defined
Traceback (most recent call last):
  File "/usr/local/lib/python3.10/dist-packages/pyrogram/dispatcher.py", line 240, in handler_worker
    await handler.callback(self.client, *args)
  File "/root/ANIMETOON/plugins/pm_filter.py", line 57, in give_filter
    await auto_filter(client, message)
  File "/root/ANIMETOON/plugins/pm_filter.py", line 759, in auto_filter
    if SELF_DELETE:
NameError: name 'SELF_DELETE' is not defined
[03/14/2026 12:51:28 PM:pyrogram.dispatcher:253:ERROR] name 'SELF_DELETE' is not defined
Traceback (most recent call last):
  File "/usr/local/lib/python3.10/dist-packages/pyrogram/dispatcher.py", line 240, in handler_worker
    await handler.callback(self.client, *args)
  File "/root/ANIMETOON/plugins/pm_filter.py", line 57, in give_filter
    await auto_filter(client, message)
  File "/root/ANIMETOON/plugins/pm_filter.py", line 759, in auto_filter
    if SELF_DELETE:
NameError: name 'SELF_DELETE' is not defined
[03/14/2026 12:57:36 PM:pyrogram.dispatcher:253:ERROR] name 'SELF_DELETE' is not defined
Traceback (most recent call last):
  File "/usr/local/lib/python3.10/dist-packages/pyrogram/dispatcher.py", line 240, in handler_worker
    await handler.callback(self.client, *args)
  File "/root/ANIMETOON/plugins/pm_filter.py", line 57, in give_filter
    await auto_filter(client, message)
  File "/root/ANIMETOON/plugins/pm_filter.py", line 759, in auto_filter
    if SELF_DELETE:
NameError: name 'SELF_DELETE' is not defined
[03/14/2026 12:58:47 PM:pyrogram.dispatcher:253:ERROR] name 'SELF_DELETE' is not defined
Traceback (most recent call last):
  File "/usr/local/lib/python3.10/dist-packages/pyrogram/dispatcher.py", line 240, in handler_worker
    await handler.callback(self.client, *args)
  File "/root/ANIMETOON/plugins/pm_filter.py", line 57, in give_filter
    await auto_filter(client, message)
  File "/root/ANIMETOON/plugins/pm_filter.py", line 759, in auto_filter
    if SELF_DELETE:
NameError: name 'SELF_DELETE' is not defined
[03/14/2026 01:05:26 PM:pyrogram.dispatcher:253:ERROR] 'NoneType' object has no attribute 'type'
Traceback (most recent call last):
  File "/usr/local/lib/python3.10/dist-packages/pyrogram/dispatcher.py", line 240, in handler_worker
    await handler.callback(self.client, *args)
  File "/root/ANIMETOON/plugins/index.py", line 63, in send_for_index
    elif message.forward_from_chat.type == enums.ChatType.CHANNEL:
AttributeError: 'NoneType' object has no attribute 'type'
[03/14/2026 01:05:26 PM:pyrogram.dispatcher:253:ERROR] 'NoneType' object has no attribute 'type'
Traceback (most recent call last):
  File "/usr/local/lib/python3.10/dist-packages/pyrogram/dispatcher.py", line 240, in handler_worker
    await handler.callback(self.client, *args)
  File "/root/ANIMETOON/plugins/index.py", line 63, in send_for_index
    elif message.forward_from_chat.type == enums.ChatType.CHANNEL:
AttributeError: 'NoneType' object has no attribute 'type'
[03/14/2026 01:05:26 PM:pyrogram.dispatcher:253:ERROR] 'NoneType' object has no attribute 'type'
Traceback (most recent call last):
  File "/usr/local/lib/python3.10/dist-packages/pyrogram/dispatcher.py", line 240, in handler_worker
    await handler.callback(self.client, *args)
  File "/root/ANIMETOON/plugins/index.py", line 63, in send_for_index
    elif message.forward_from_chat.type == enums.ChatType.CHANNEL:
AttributeError: 'NoneType' object has no attribute 'type'
[03/14/2026 01:05:26 PM:pyrogram.dispatcher:253:ERROR] 'NoneType' object has no attribute 'type'
Traceback (most recent call last):
  File "/usr/local/lib/python3.10/dist-packages/pyrogram/dispatcher.py", line 240, in handler_worker
    await handler.callback(self.client, *args)
  File "/root/ANIMETOON/plugins/index.py", line 63, in send_for_index
    elif message.forward_from_chat.type == enums.ChatType.CHANNEL:
AttributeError: 'NoneType' object has no attribute 'type'
[03/14/2026 01:05:26 PM:pyrogram.dispatcher:253:ERROR] 'NoneType' object has no attribute 'type'
Traceback (most recent call last):
  File "/usr/local/lib/python3.10/dist-packages/pyrogram/dispatcher.py", line 240, in handler_worker
    await handler.callback(self.client, *args)
  File "/root/ANIMETOON/plugins/index.py", line 63, in send_for_index
    elif message.forward_from_chat.type == enums.ChatType.CHANNEL:
AttributeError: 'NoneType' object has no attribute 'type'
[03/14/2026 01:05:26 PM:pyrogram.dispatcher:253:ERROR] 'NoneType' object has no attribute 'type'
Traceback (most recent call last):
  File "/usr/local/lib/python3.10/dist-packages/pyrogram/dispatcher.py", line 240, in handler_worker
    await handler.callback(self.client, *args)
  File "/root/ANIMETOON/plugins/index.py", line 63, in send_for_index
    elif message.forward_from_chat.type == enums.ChatType.CHANNEL:
AttributeError: 'NoneType' object has no attribute 'type'
[03/14/2026 01:05:26 PM:pyrogram.dispatcher:253:ERROR] 'NoneType' object has no attribute 'type'
Traceback (most recent call last):
  File "/usr/local/lib/python3.10/dist-packages/pyrogram/dispatcher.py", line 240, in handler_worker
    await handler.callback(self.client, *args)
  File "/root/ANIMETOON/plugins/index.py", line 63, in send_for_index
    elif message.forward_from_chat.type == enums.ChatType.CHANNEL:
AttributeError: 'NoneType' object has no attribute 'type'
[03/14/2026 01:05:26 PM:pyrogram.dispatcher:253:ERROR] 'NoneType' object has no attribute 'type'
Traceback (most recent call last):
  File "/usr/local/lib/python3.10/dist-packages/pyrogram/dispatcher.py", line 240, in handler_worker
    await handler.callback(self.client, *args)
  File "/root/ANIMETOON/plugins/index.py", line 63, in send_for_index
    elif message.forward_from_chat.type == enums.ChatType.CHANNEL:
AttributeError: 'NoneType' object has no attribute 'type'
[03/14/2026 01:05:26 PM:pyrogram.dispatcher:253:ERROR] 'NoneType' object has no attribute 'type'
Traceback (most recent call last):
  File "/usr/local/lib/python3.10/dist-packages/pyrogram/dispatcher.py", line 240, in handler_worker
    await handler.callback(self.client, *args)
  File "/root/ANIMETOON/plugins/index.py", line 63, in send_for_index
    elif message.forward_from_chat.type == enums.ChatType.CHANNEL:
AttributeError: 'NoneType' object has no attribute 'type'
[03/14/2026 01:05:26 PM:pyrogram.dispatcher:253:ERROR] 'NoneType' object has no attribute 'type'
Traceback (most recent call last):
  File "/usr/local/lib/python3.10/dist-packages/pyrogram/dispatcher.py", line 240, in handler_worker
    await handler.callback(self.client, *args)
  File "/root/ANIMETOON/plugins/index.py", line 63, in send_for_index
    elif message.forward_from_chat.type == enums.ChatType.CHANNEL:
AttributeError: 'NoneType' object has no attribute 'type'
[03/14/2026 01:05:36 PM:pyrogram.dispatcher:253:ERROR] 'NoneType' object has no attribute 'type'
Traceback (most recent call last):
  File "/usr/local/lib/python3.10/dist-packages/pyrogram/dispatcher.py", line 240, in handler_worker
    await handler.callback(self.client, *args)
  File "/root/ANIMETOON/plugins/index.py", line 63, in send_for_index
    elif message.forward_from_chat.type == enums.ChatType.CHANNEL:
AttributeError: 'NoneType' object has no attribute 'type'
[03/14/2026 01:15:11 PM:pyrogram.dispatcher:253:ERROR] name 'SELF_DELETE' is not defined
Traceback (most recent call last):
  File "/usr/local/lib/python3.10/dist-packages/pyrogram/dispatcher.py", line 240, in handler_worker
    await handler.callback(self.client, *args)
  File "/root/ANIMETOON/plugins/pm_filter.py", line 57, in give_filter
    await auto_filter(client, message)
  File "/root/ANIMETOON/plugins/pm_filter.py", line 759, in auto_filter
    if SELF_DELETE:
NameError: name 'SELF_DELETE' is not defined
[03/14/2026 01:21:15 PM:pyrogram.dispatcher:253:ERROR] name 'SELF_DELETE' is not defined
Traceback (most recent call last):
  File "/usr/local/lib/python3.10/dist-packages/pyrogram/dispatcher.py", line 240, in handler_worker
    await handler.callback(self.client, *args)
  File "/root/ANIMETOON/plugins/pm_filter.py", line 57, in give_filter
    await auto_filter(client, message)
  File "/root/ANIMETOON/plugins/pm_filter.py", line 759, in auto_filter
    if SELF_DELETE:
NameError: name 'SELF_DELETE' is not defined
[03/14/2026 01:25:43 PM:pyrogram.dispatcher:253:ERROR] name 'SELF_DELETE' is not defined
Traceback (most recent call last):
  File "/usr/local/lib/python3.10/dist-packages/pyrogram/dispatcher.py", line 240, in handler_worker
    await handler.callback(self.client, *args)
  File "/root/ANIMETOON/plugins/pm_filter.py", line 57, in give_filter
    await auto_filter(client, message)
  File "/root/ANIMETOON/plugins/pm_filter.py", line 759, in auto_filter
    if SELF_DELETE:
NameError: name 'SELF_DELETE' is not defined
[03/14/2026 01:29:07 PM:pyrogram.dispatcher:253:ERROR] name 'SELF_DELETE' is not defined
Traceback (most recent call last):
  File "/usr/local/lib/python3.10/dist-packages/pyrogram/dispatcher.py", line 240, in handler_worker
    await handler.callback(self.client, *args)
  File "/root/ANIMETOON/plugins/pm_filter.py", line 57, in give_filter
    await auto_filter(client, message)
  File "/root/ANIMETOON/plugins/pm_filter.py", line 759, in auto_filter
    if SELF_DELETE:
NameError: name 'SELF_DELETE' is not defined
[03/14/2026 01:30:34 PM:pyrogram.dispatcher:253:ERROR] name 'SELF_DELETE' is not defined
Traceback (most recent call last):
  File "/usr/local/lib/python3.10/dist-packages/pyrogram/dispatcher.py", line 240, in handler_worker
    await handler.callback(self.client, *args)
  File "/root/ANIMETOON/plugins/pm_filter.py", line 57, in give_filter
    await auto_filter(client, message)
  File "/root/ANIMETOON/plugins/pm_filter.py", line 759, in auto_filter
    if SELF_DELETE:
NameError: name 'SELF_DELETE' is not defined
[03/14/2026 01:33:05 PM:pyrogram.dispatcher:253:ERROR] name 'SELF_DELETE' is not defined
Traceback (most recent call last):
  File "/usr/local/lib/python3.10/dist-packages/pyrogram/dispatcher.py", line 240, in handler_worker
    await handler.callback(self.client, *args)
  File "/root/ANIMETOON/plugins/pm_filter.py", line 57, in give_filter
    await auto_filter(client, message)
  File "/root/ANIMETOON/plugins/pm_filter.py", line 759, in auto_filter
    if SELF_DELETE:
NameError: name 'SELF_DELETE' is not defined
[03/14/2026 01:36:48 PM:pyrogram.dispatcher:253:ERROR] name 'SELF_DELETE' is not defined
Traceback (most recent call last):
  File "/usr/local/lib/python3.10/dist-packages/pyrogram/dispatcher.py", line 240, in handler_worker
    await handler.callback(self.client, *args)
  File "/root/ANIMETOON/plugins/pm_filter.py", line 57, in give_filter
    await auto_filter(client, message)
  File "/root/ANIMETOON/plugins/pm_filter.py", line 759, in auto_filter
    if SELF_DELETE:
NameError: name 'SELF_DELETE' is not defined
[03/14/2026 01:44:14 PM:pyrogram.dispatcher:253:ERROR] name 'SELF_DELETE' is not defined
Traceback (most recent call last):
  File "/usr/local/lib/python3.10/dist-packages/pyrogram/dispatcher.py", line 240, in handler_worker
    await handler.callback(self.client, *args)
  File "/root/ANIMETOON/plugins/pm_filter.py", line 57, in give_filter
    await auto_filter(client, message)
  File "/root/ANIMETOON/plugins/pm_filter.py", line 759, in auto_filter
    if SELF_DELETE:
NameError: name 'SELF_DELETE' is not defined
[03/14/2026 01:44:56 PM:pyrogram.dispatcher:253:ERROR] name 'SELF_DELETE' is not defined
Traceback (most recent call last):
  File "/usr/local/lib/python3.10/dist-packages/pyrogram/dispatcher.py", line 240, in handler_worker
    await handler.callback(self.client, *args)
  File "/root/ANIMETOON/plugins/pm_filter.py", line 57, in give_filter
    await auto_filter(client, message)
  File "/root/ANIMETOON/plugins/pm_filter.py", line 759, in auto_filter
    if SELF_DELETE:
NameError: name 'SELF_DELETE' is not defined
[03/14/2026 01:45:07 PM:pyrogram.dispatcher:253:ERROR] name 'SELF_DELETE' is not defined
Traceback (most recent call last):
  File "/usr/local/lib/python3.10/dist-packages/pyrogram/dispatcher.py", line 240, in handler_worker
    await handler.callback(self.client, *args)
  File "/root/ANIMETOON/plugins/pm_filter.py", line 57, in give_filter
    await auto_filter(client, message)
  File "/root/ANIMETOON/plugins/pm_filter.py", line 759, in auto_filter
    if SELF_DELETE:
NameError: name 'SELF_DELETE' is not defined
[03/14/2026 01:47:15 PM:pyrogram.dispatcher:253:ERROR] name 'SELF_DELETE' is not defined
Traceback (most recent call last):
  File "/usr/local/lib/python3.10/dist-packages/pyrogram/dispatcher.py", line 240, in handler_worker
    await handler.callback(self.client, *args)
  File "/root/ANIMETOON/plugins/pm_filter.py", line 57, in give_filter
    await auto_filter(client, message)
  File "/root/ANIMETOON/plugins/pm_filter.py", line 759, in auto_filter
    if SELF_DELETE:
NameError: name 'SELF_DELETE' is not defined
[03/14/2026 01:54:35 PM:pyrogram.dispatcher:253:ERROR] name 'SELF_DELETE' is not defined
Traceback (most recent call last):
  File "/usr/local/lib/python3.10/dist-packages/pyrogram/dispatcher.py", line 240, in handler_worker
    await handler.callback(self.client, *args)
  File "/root/ANIMETOON/plugins/pm_filter.py", line 57, in give_filter
    await auto_filter(client, message)
  File "/root/ANIMETOON/plugins/pm_filter.py", line 759, in auto_filter
    if SELF_DELETE:
NameError: name 'SELF_DELETE' is not defined
[03/14/2026 01:54:54 PM:pyrogram.dispatcher:253:ERROR] name 'SELF_DELETE' is not defined
Traceback (most recent call last):
  File "/usr/local/lib/python3.10/dist-packages/pyrogram/dispatcher.py", line 240, in handler_worker
    await handler.callback(self.client, *args)
  File "/root/ANIMETOON/plugins/pm_filter.py", line 57, in give_filter
    await auto_filter(client, message)
  File "/root/ANIMETOON/plugins/pm_filter.py", line 759, in auto_filter
    if SELF_DELETE:
NameError: name 'SELF_DELETE' is not defined
[03/14/2026 01:55:29 PM:pyrogram.dispatcher:253:ERROR] name 'SELF_DELETE' is not defined
Traceback (most recent call last):
  File "/usr/local/lib/python3.10/dist-packages/pyrogram/dispatcher.py", line 240, in handler_worker
    await handler.callback(self.client, *args)
  File "/root/ANIMETOON/plugins/pm_filter.py", line 57, in give_filter
    await auto_filter(client, message)
  File "/root/ANIMETOON/plugins/pm_filter.py", line 759, in auto_filter
    if SELF_DELETE:
NameError: name 'SELF_DELETE' is not defined
[03/14/2026 02:03:20 PM:pyrogram.dispatcher:253:ERROR] name 'SELF_DELETE' is not defined
Traceback (most recent call last):
  File "/usr/local/lib/python3.10/dist-packages/pyrogram/dispatcher.py", line 240, in handler_worker
    await handler.callback(self.client, *args)
  File "/root/ANIMETOON/plugins/pm_filter.py", line 57, in give_filter
    await auto_filter(client, message)
  File "/root/ANIMETOON/plugins/pm_filter.py", line 759, in auto_filter
    if SELF_DELETE:
NameError: name 'SELF_DELETE' is not defined
[03/14/2026 02:08:07 PM:pyrogram.dispatcher:253:ERROR] name 'SELF_DELETE' is not defined
Traceback (most recent call last):
  File "/usr/local/lib/python3.10/dist-packages/pyrogram/dispatcher.py", line 240, in handler_worker
    await handler.callback(self.client, *args)
  File "/root/ANIMETOON/plugins/pm_filter.py", line 57, in give_filter
    await auto_filter(client, message)
  File "/root/ANIMETOON/plugins/pm_filter.py", line 759, in auto_filter
    if SELF_DELETE:
NameError: name 'SELF_DELETE' is not defined
[03/14/2026 02:09:39 PM:pyrogram.dispatcher:253:ERROR] name 'SELF_DELETE' is not defined
Traceback (most recent call last):
  File "/usr/local/lib/python3.10/dist-packages/pyrogram/dispatcher.py", line 240, in handler_worker
    await handler.callback(self.client, *args)
  File "/root/ANIMETOON/plugins/pm_filter.py", line 57, in give_filter
    await auto_filter(client, message)
  File "/root/ANIMETOON/plugins/pm_filter.py", line 759, in auto_filter
    if SELF_DELETE:
NameError: name 'SELF_DELETE' is not defined
[03/14/2026 02:09:45 PM:pyrogram.dispatcher:253:ERROR] 'NoneType' object has no attribute 'type'
Traceback (most recent call last):
  File "/usr/local/lib/python3.10/dist-packages/pyrogram/dispatcher.py", line 240, in handler_worker
    await handler.callback(self.client, *args)
  File "/root/ANIMETOON/plugins/index.py", line 63, in send_for_index
    elif message.forward_from_chat.type == enums.ChatType.CHANNEL:
AttributeError: 'NoneType' object has no attribute 'type'
[03/14/2026 02:14:01 PM:pyrogram.dispatcher:253:ERROR] name 'SELF_DELETE' is not defined
Traceback (most recent call last):
  File "/usr/local/lib/python3.10/dist-packages/pyrogram/dispatcher.py", line 240, in handler_worker
    await handler.callback(self.client, *args)
  File "/root/ANIMETOON/plugins/pm_filter.py", line 57, in give_filter
    await auto_filter(client, message)
  File "/root/ANIMETOON/plugins/pm_filter.py", line 759, in auto_filter
    if SELF_DELETE:
NameError: name 'SELF_DELETE' is not defined
[03/14/2026 02:22:59 PM:pyrogram.dispatcher:253:ERROR] name 'SELF_DELETE' is not defined
Traceback (most recent call last):
  File "/usr/local/lib/python3.10/dist-packages/pyrogram/dispatcher.py", line 240, in handler_worker
    await handler.callback(self.client, *args)
  File "/root/ANIMETOON/plugins/pm_filter.py", line 57, in give_filter
    await auto_filter(client, message)
  File "/root/ANIMETOON/plugins/pm_filter.py", line 759, in auto_filter
    if SELF_DELETE:
NameError: name 'SELF_DELETE' is not defined
[03/14/2026 02:27:04 PM:pyrogram.dispatcher:253:ERROR] name 'SELF_DELETE' is not defined
Traceback (most recent call last):
  File "/usr/local/lib/python3.10/dist-packages/pyrogram/dispatcher.py", line 240, in handler_worker
    await handler.callback(self.client, *args)
  File "/root/ANIMETOON/plugins/pm_filter.py", line 57, in give_filter
    await auto_filter(client, message)
  File "/root/ANIMETOON/plugins/pm_filter.py", line 759, in auto_filter
    if SELF_DELETE:
NameError: name 'SELF_DELETE' is not defined
[03/14/2026 02:29:47 PM:pyrogram.dispatcher:253:ERROR] name 'SELF_DELETE' is not defined
Traceback (most recent call last):
  File "/usr/local/lib/python3.10/dist-packages/pyrogram/dispatcher.py", line 240, in handler_worker
    await handler.callback(self.client, *args)
  File "/root/ANIMETOON/plugins/pm_filter.py", line 57, in give_filter
    await auto_filter(client, message)
  File "/root/ANIMETOON/plugins/pm_filter.py", line 759, in auto_filter
    if SELF_DELETE:
NameError: name 'SELF_DELETE' is not defined
[03/14/2026 02:29:47 PM:pyrogram.dispatcher:253:ERROR] name 'SELF_DELETE' is not defined
Traceback (most recent call last):
  File "/usr/local/lib/python3.10/dist-packages/pyrogram/dispatcher.py", line 240, in handler_worker
    await handler.callback(self.client, *args)
  File "/root/ANIMETOON/plugins/pm_filter.py", line 57, in give_filter
    await auto_filter(client, message)
  File "/root/ANIMETOON/plugins/pm_filter.py", line 759, in auto_filter
    if SELF_DELETE:
NameError: name 'SELF_DELETE' is not defined
[03/14/2026 02:29:50 PM:pyrogram.dispatcher:253:ERROR] name 'SELF_DELETE' is not defined
Traceback (most recent call last):
  File "/usr/local/lib/python3.10/dist-packages/pyrogram/dispatcher.py", line 240, in handler_worker
    await handler.callback(self.client, *args)
  File "/root/ANIMETOON/plugins/pm_filter.py", line 57, in give_filter
    await auto_filter(client, message)
  File "/root/ANIMETOON/plugins/pm_filter.py", line 759, in auto_filter
    if SELF_DELETE:
NameError: name 'SELF_DELETE' is not defined
[03/14/2026 02:43:23 PM:pyrogram.dispatcher:253:ERROR] name 'SELF_DELETE' is not defined
Traceback (most recent call last):
  File "/usr/local/lib/python3.10/dist-packages/pyrogram/dispatcher.py", line 240, in handler_worker
    await handler.callback(self.client, *args)
  File "/root/ANIMETOON/plugins/pm_filter.py", line 57, in give_filter
    await auto_filter(client, message)
  File "/root/ANIMETOON/plugins/pm_filter.py", line 759, in auto_filter
    if SELF_DELETE:
NameError: name 'SELF_DELETE' is not defined
[03/14/2026 03:03:01 PM:pyrogram.dispatcher:253:ERROR] name 'SELF_DELETE' is not defined
Traceback (most recent call last):
  File "/usr/local/lib/python3.10/dist-packages/pyrogram/dispatcher.py", line 240, in handler_worker
    await handler.callback(self.client, *args)
  File "/root/ANIMETOON/plugins/pm_filter.py", line 57, in give_filter
    await auto_filter(client, message)
  File "/root/ANIMETOON/plugins/pm_filter.py", line 759, in auto_filter
    if SELF_DELETE:
NameError: name 'SELF_DELETE' is not defined
[03/14/2026 03:03:45 PM:pyrogram.dispatcher:253:ERROR] name 'SELF_DELETE' is not defined
Traceback (most recent call last):
  File "/usr/local/lib/python3.10/dist-packages/pyrogram/dispatcher.py", line 240, in handler_worker
    await handler.callback(self.client, *args)
  File "/root/ANIMETOON/plugins/pm_filter.py", line 57, in give_filter
    await auto_filter(client, message)
  File "/root/ANIMETOON/plugins/pm_filter.py", line 759, in auto_filter
    if SELF_DELETE:
NameError: name 'SELF_DELETE' is not defined
[03/14/2026 03:12:56 PM:pyrogram.dispatcher:253:ERROR] name 'SELF_DELETE' is not defined
Traceback (most recent call last):
  File "/usr/local/lib/python3.10/dist-packages/pyrogram/dispatcher.py", line 240, in handler_worker
    await handler.callback(self.client, *args)
  File "/root/ANIMETOON/plugins/pm_filter.py", line 57, in give_filter
    await auto_filter(client, message)
  File "/root/ANIMETOON/plugins/pm_filter.py", line 759, in auto_filter
    if SELF_DELETE:
NameError: name 'SELF_DELETE' is not defined
[03/14/2026 03:13:24 PM:pyrogram.dispatcher:253:ERROR] name 'SELF_DELETE' is not defined
Traceback (most recent call last):
  File "/usr/local/lib/python3.10/dist-packages/pyrogram/dispatcher.py", line 240, in handler_worker
    await handler.callback(self.client, *args)
  File "/root/ANIMETOON/plugins/pm_filter.py", line 57, in give_filter
    await auto_filter(client, message)
  File "/root/ANIMETOON/plugins/pm_filter.py", line 759, in auto_filter
    if SELF_DELETE:
NameError: name 'SELF_DELETE' is not defined
[03/14/2026 03:33:14 PM:pyrogram.dispatcher:253:ERROR] name 'SELF_DELETE' is not defined
Traceback (most recent call last):
  File "/usr/local/lib/python3.10/dist-packages/pyrogram/dispatcher.py", line 240, in handler_worker
    await handler.callback(self.client, *args)
  File "/root/ANIMETOON/plugins/pm_filter.py", line 57, in give_filter
    await auto_filter(client, message)
  File "/root/ANIMETOON/plugins/pm_filter.py", line 759, in auto_filter
    if SELF_DELETE:
NameError: name 'SELF_DELETE' is not defined
[03/14/2026 03:35:57 PM:pyrogram.dispatcher:253:ERROR] name 'SELF_DELETE' is not defined
Traceback (most recent call last):
  File "/usr/local/lib/python3.10/dist-packages/pyrogram/dispatcher.py", line 240, in handler_worker
    await handler.callback(self.client, *args)
  File "/root/ANIMETOON/plugins/pm_filter.py", line 57, in give_filter
    await auto_filter(client, message)
  File "/root/ANIMETOON/plugins/pm_filter.py", line 759, in auto_filter
    if SELF_DELETE:
NameError: name 'SELF_DELETE' is not defined
[03/14/2026 03:37:12 PM:pyrogram.dispatcher:253:ERROR] name 'SELF_DELETE' is not defined
Traceback (most recent call last):
  File "/usr/local/lib/python3.10/dist-packages/pyrogram/dispatcher.py", line 240, in handler_worker
    await handler.callback(self.client, *args)
  File "/root/ANIMETOON/plugins/pm_filter.py", line 57, in give_filter
    await auto_filter(client, message)
  File "/root/ANIMETOON/plugins/pm_filter.py", line 759, in auto_filter
    if SELF_DELETE:
NameError: name 'SELF_DELETE' is not defined
[03/14/2026 03:37:42 PM:pyrogram.dispatcher:253:ERROR] name 'SELF_DELETE' is not defined
Traceback (most recent call last):
  File "/usr/local/lib/python3.10/dist-packages/pyrogram/dispatcher.py", line 240, in handler_worker
    await handler.callback(self.client, *args)
  File "/root/ANIMETOON/plugins/pm_filter.py", line 57, in give_filter
    await auto_filter(client, message)
  File "/root/ANIMETOON/plugins/pm_filter.py", line 759, in auto_filter
    if SELF_DELETE:
NameError: name 'SELF_DELETE' is not defined
[03/14/2026 03:38:15 PM:pyrogram.dispatcher:253:ERROR] name 'SELF_DELETE' is not defined
Traceback (most recent call last):
  File "/usr/local/lib/python3.10/dist-packages/pyrogram/dispatcher.py", line 240, in handler_worker
    await handler.callback(self.client, *args)
  File "/root/ANIMETOON/plugins/pm_filter.py", line 57, in give_filter
    await auto_filter(client, message)
  File "/root/ANIMETOON/plugins/pm_filter.py", line 759, in auto_filter
    if SELF_DELETE:
NameError: name 'SELF_DELETE' is not defined
[03/14/2026 03:38:16 PM:pyrogram.dispatcher:253:ERROR] Telegram says: [400 QUERY_ID_INVALID] - The callback query id is invalid (caused by "messages.SetBotCallbackAnswer")
Traceback (most recent call last):
  File "/usr/local/lib/python3.10/dist-packages/pyrogram/dispatcher.py", line 240, in handler_worker
    await handler.callback(self.client, *args)
  File "/root/ANIMETOON/plugins/pm_filter.py", line 141, in next_page
    await query.answer()
  File "/usr/local/lib/python3.10/dist-packages/pyrogram/types/bots_and_keyboards/callback_query.py", line 159, in answer
    return await self._client.answer_callback_query(
  File "/usr/local/lib/python3.10/dist-packages/pyrogram/methods/bots/answer_callback_query.py", line 73, in answer_callback_query
    return await self.invoke(
  File "/usr/local/lib/python3.10/dist-packages/pyrogram/methods/advanced/invoke.py", line 79, in invoke
    r = await self.session.invoke(
  File "/usr/local/lib/python3.10/dist-packages/pyrogram/session/session.py", line 389, in invoke
    return await self.send(query, timeout=timeout)
  File "/usr/local/lib/python3.10/dist-packages/pyrogram/session/session.py", line 357, in send
    RPCError.raise_it(result, type(data))
  File "/usr/local/lib/python3.10/dist-packages/pyrogram/errors/rpc_error.py", line 91, in raise_it
    raise getattr(
pyrogram.errors.exceptions.bad_request_400.QueryIdInvalid: Telegram says: [400 QUERY_ID_INVALID] - The callback query id is invalid (caused by "messages.SetBotCallbackAnswer")
[03/14/2026 03:38:37 PM:pyrogram.dispatcher:253:ERROR] name 'SELF_DELETE' is not defined
Traceback (most recent call last):
  File "/usr/local/lib/python3.10/dist-packages/pyrogram/dispatcher.py", line 240, in handler_worker
    await handler.callback(self.client, *args)
  File "/root/ANIMETOON/plugins/pm_filter.py", line 57, in give_filter
    await auto_filter(client, message)
  File "/root/ANIMETOON/plugins/pm_filter.py", line 759, in auto_filter
    if SELF_DELETE:
NameError: name 'SELF_DELETE' is not defined
[03/14/2026 03:51:02 PM:pyrogram.dispatcher:253:ERROR] name 'SELF_DELETE' is not defined
Traceback (most recent call last):
  File "/usr/local/lib/python3.10/dist-packages/pyrogram/dispatcher.py", line 240, in handler_worker
    await handler.callback(self.client, *args)
  File "/root/ANIMETOON/plugins/pm_filter.py", line 57, in give_filter
    await auto_filter(client, message)
  File "/root/ANIMETOON/plugins/pm_filter.py", line 759, in auto_filter
    if SELF_DELETE:
NameError: name 'SELF_DELETE' is not defined
[03/14/2026 03:51:07 PM:pyrogram.dispatcher:253:ERROR] name 'SELF_DELETE' is not defined
Traceback (most recent call last):
  File "/usr/local/lib/python3.10/dist-packages/pyrogram/dispatcher.py", line 240, in handler_worker
    await handler.callback(self.client, *args)
  File "/root/ANIMETOON/plugins/pm_filter.py", line 57, in give_filter
    await auto_filter(client, message)
  File "/root/ANIMETOON/plugins/pm_filter.py", line 759, in auto_filter
    if SELF_DELETE:
NameError: name 'SELF_DELETE' is not defined
[03/14/2026 03:52:27 PM:pyrogram.dispatcher:253:ERROR] name 'SELF_DELETE' is not defined
Traceback (most recent call last):
  File "/usr/local/lib/python3.10/dist-packages/pyrogram/dispatcher.py", line 240, in handler_worker
    await handler.callback(self.client, *args)
  File "/root/ANIMETOON/plugins/pm_filter.py", line 57, in give_filter
    await auto_filter(client, message)
  File "/root/ANIMETOON/plugins/pm_filter.py", line 759, in auto_filter
    if SELF_DELETE:
NameError: name 'SELF_DELETE' is not defined
[03/14/2026 03:55:52 PM:pyrogram.dispatcher:253:ERROR] name 'SELF_DELETE' is not defined
Traceback (most recent call last):
  File "/usr/local/lib/python3.10/dist-packages/pyrogram/dispatcher.py", line 240, in handler_worker
    await handler.callback(self.client, *args)
  File "/root/ANIMETOON/plugins/pm_filter.py", line 57, in give_filter
    await auto_filter(client, message)
  File "/root/ANIMETOON/plugins/pm_filter.py", line 759, in auto_filter
    if SELF_DELETE:
NameError: name 'SELF_DELETE' is not defined
[03/14/2026 03:58:21 PM:pyrogram.dispatcher:253:ERROR] Telegram says: [420 FLOOD_WAIT_X] - A wait of 17 seconds is required (caused by "messages.SendMessage")
Traceback (most recent call last):
  File "/usr/local/lib/python3.10/dist-packages/pyrogram/session/session.py", line 389, in invoke
    return await self.send(query, timeout=timeout)
  File "/usr/local/lib/python3.10/dist-packages/pyrogram/session/session.py", line 357, in send
    RPCError.raise_it(result, type(data))
  File "/usr/local/lib/python3.10/dist-packages/pyrogram/errors/rpc_error.py", line 91, in raise_it
    raise getattr(
pyrogram.errors.exceptions.internal_server_error_500.RandomIdDuplicate: Telegram says: [500 RANDOM_ID_DUPLICATE] - You provided a random ID that was already used (caused by "messages.SendMessage")

During handling of the above exception, another exception occurred:

Traceback (most recent call last):
  File "/usr/local/lib/python3.10/dist-packages/pyrogram/session/session.py", line 389, in invoke
    return await self.send(query, timeout=timeout)
  File "/usr/local/lib/python3.10/dist-packages/pyrogram/session/session.py", line 357, in send
    RPCError.raise_it(result, type(data))
  File "/usr/local/lib/python3.10/dist-packages/pyrogram/errors/rpc_error.py", line 91, in raise_it
    raise getattr(
pyrogram.errors.exceptions.internal_server_error_500.RandomIdDuplicate: Telegram says: [500 RANDOM_ID_DUPLICATE] - You provided a random ID that was already used (caused by "messages.SendMessage")

During handling of the above exception, another exception occurred:

Traceback (most recent call last):
  File "/usr/local/lib/python3.10/dist-packages/pyrogram/session/session.py", line 389, in invoke
    return await self.send(query, timeout=timeout)
  File "/usr/local/lib/python3.10/dist-packages/pyrogram/session/session.py", line 357, in send
    RPCError.raise_it(result, type(data))
  File "/usr/local/lib/python3.10/dist-packages/pyrogram/errors/rpc_error.py", line 91, in raise_it
    raise getattr(
pyrogram.errors.exceptions.internal_server_error_500.RandomIdDuplicate: Telegram says: [500 RANDOM_ID_DUPLICATE] - You provided a random ID that was already used (caused by "messages.SendMessage")

During handling of the above exception, another exception occurred:

Traceback (most recent call last):
  File "/usr/local/lib/python3.10/dist-packages/pyrogram/session/session.py", line 389, in invoke
    return await self.send(query, timeout=timeout)
  File "/usr/local/lib/python3.10/dist-packages/pyrogram/session/session.py", line 357, in send
    RPCError.raise_it(result, type(data))
  File "/usr/local/lib/python3.10/dist-packages/pyrogram/errors/rpc_error.py", line 91, in raise_it
    raise getattr(
pyrogram.errors.exceptions.internal_server_error_500.RandomIdDuplicate: Telegram says: [500 RANDOM_ID_DUPLICATE] - You provided a random ID that was already used (caused by "messages.SendMessage")

During handling of the above exception, another exception occurred:

Traceback (most recent call last):
  File "/usr/local/lib/python3.10/dist-packages/pyrogram/session/session.py", line 389, in invoke
    return await self.send(query, timeout=timeout)
  File "/usr/local/lib/python3.10/dist-packages/pyrogram/session/session.py", line 357, in send
    RPCError.raise_it(result, type(data))
  File "/usr/local/lib/python3.10/dist-packages/pyrogram/errors/rpc_error.py", line 91, in raise_it
    raise getattr(
pyrogram.errors.exceptions.internal_server_error_500.RandomIdDuplicate: Telegram says: [500 RANDOM_ID_DUPLICATE] - You provided a random ID that was already used (caused by "messages.SendMessage")

During handling of the above exception, another exception occurred:

Traceback (most recent call last):
  File "/usr/local/lib/python3.10/dist-packages/pyrogram/dispatcher.py", line 240, in handler_worker
    await handler.callback(self.client, *args)
  File "/root/ANIMETOON/plugins/pm_filter.py", line 57, in give_filter
    await auto_filter(client, message)
  File "/root/ANIMETOON/plugins/pm_filter.py", line 650, in auto_filter
    return await advantage_spell_chok(msg)
  File "/root/ANIMETOON/plugins/pm_filter.py", line 772, in advantage_spell_chok
    k = await msg.reply("I couldn't find any movie in that name.")
  File "/usr/local/lib/python3.10/dist-packages/pyrogram/types/messages_and_media/message.py", line 970, in reply_text
    return await self._client.send_message(
  File "/usr/local/lib/python3.10/dist-packages/pyrogram/methods/messages/send_message.py", line 126, in send_message
    r = await self.invoke(
  File "/usr/local/lib/python3.10/dist-packages/pyrogram/methods/advanced/invoke.py", line 79, in invoke
    r = await self.session.invoke(
  File "/usr/local/lib/python3.10/dist-packages/pyrogram/session/session.py", line 412, in invoke
    return await self.invoke(query, retries - 1, timeout)
  File "/usr/local/lib/python3.10/dist-packages/pyrogram/session/session.py", line 412, in invoke
    return await self.invoke(query, retries - 1, timeout)
  File "/usr/local/lib/python3.10/dist-packages/pyrogram/session/session.py", line 412, in invoke
    return await self.invoke(query, retries - 1, timeout)
  [Previous line repeated 2 more times]
  File "/usr/local/lib/python3.10/dist-packages/pyrogram/session/session.py", line 389, in invoke
    return await self.send(query, timeout=timeout)
  File "/usr/local/lib/python3.10/dist-packages/pyrogram/session/session.py", line 357, in send
    RPCError.raise_it(result, type(data))
  File "/usr/local/lib/python3.10/dist-packages/pyrogram/errors/rpc_error.py", line 91, in raise_it
    raise getattr(
pyrogram.errors.exceptions.flood_420.FloodWait: Telegram says: [420 FLOOD_WAIT_X] - A wait of 17 seconds is required (caused by "messages.SendMessage")
[03/14/2026 04:00:18 PM:pyrogram.dispatcher:253:ERROR] name 'SELF_DELETE' is not defined
Traceback (most recent call last):
  File "/usr/local/lib/python3.10/dist-packages/pyrogram/dispatcher.py", line 240, in handler_worker
    await handler.callback(self.client, *args)
  File "/root/ANIMETOON/plugins/pm_filter.py", line 57, in give_filter
    await auto_filter(client, message)
  File "/root/ANIMETOON/plugins/pm_filter.py", line 759, in auto_filter
    if SELF_DELETE:
NameError: name 'SELF_DELETE' is not defined
[03/14/2026 04:03:35 PM:pyrogram.dispatcher:253:ERROR] name 'SELF_DELETE' is not defined
Traceback (most recent call last):
  File "/usr/local/lib/python3.10/dist-packages/pyrogram/dispatcher.py", line 240, in handler_worker
    await handler.callback(self.client, *args)
  File "/root/ANIMETOON/plugins/pm_filter.py", line 57, in give_filter
    await auto_filter(client, message)
  File "/root/ANIMETOON/plugins/pm_filter.py", line 759, in auto_filter
    if SELF_DELETE:
NameError: name 'SELF_DELETE' is not defined
[03/14/2026 04:08:00 PM:pyrogram.dispatcher:253:ERROR] name 'SELF_DELETE' is not defined
Traceback (most recent call last):
  File "/usr/local/lib/python3.10/dist-packages/pyrogram/dispatcher.py", line 240, in handler_worker
    await handler.callback(self.client, *args)
  File "/root/ANIMETOON/plugins/pm_filter.py", line 57, in give_filter
    await auto_filter(client, message)
  File "/root/ANIMETOON/plugins/pm_filter.py", line 759, in auto_filter
    if SELF_DELETE:
NameError: name 'SELF_DELETE' is not defined
[03/14/2026 04:09:41 PM:pyrogram.dispatcher:253:ERROR] name 'SELF_DELETE' is not defined
Traceback (most recent call last):
  File "/usr/local/lib/python3.10/dist-packages/pyrogram/dispatcher.py", line 240, in handler_worker
    await handler.callback(self.client, *args)
  File "/root/ANIMETOON/plugins/pm_filter.py", line 57, in give_filter
    await auto_filter(client, message)
  File "/root/ANIMETOON/plugins/pm_filter.py", line 759, in auto_filter
    if SELF_DELETE:
NameError: name 'SELF_DELETE' is not defined
[03/14/2026 04:13:58 PM:plugins.index:75:ERROR] Telegram says: [406 CHANNEL_PRIVATE] - The channel/supergroup is not accessible (caused by "channels.GetFullChannel")
Traceback (most recent call last):
  File "/root/ANIMETOON/plugins/index.py", line 69, in send_for_index
    await bot.get_chat(chat_id)
  File "/usr/local/lib/python3.10/dist-packages/pyrogram/methods/chats/get_chat.py", line 81, in get_chat
    r = await self.invoke(raw.functions.channels.GetFullChannel(channel=peer))
  File "/usr/local/lib/python3.10/dist-packages/pyrogram/methods/advanced/invoke.py", line 79, in invoke
    r = await self.session.invoke(
  File "/usr/local/lib/python3.10/dist-packages/pyrogram/session/session.py", line 389, in invoke
    return await self.send(query, timeout=timeout)
  File "/usr/local/lib/python3.10/dist-packages/pyrogram/session/session.py", line 357, in send
    RPCError.raise_it(result, type(data))
  File "/usr/local/lib/python3.10/dist-packages/pyrogram/errors/rpc_error.py", line 91, in raise_it
    raise getattr(
pyrogram.errors.exceptions.not_acceptable_406.ChannelPrivate: Telegram says: [406 CHANNEL_PRIVATE] - The channel/supergroup is not accessible (caused by "channels.GetFullChannel")
[03/14/2026 04:13:58 PM:plugins.index:75:ERROR] Telegram says: [406 CHANNEL_PRIVATE] - The channel/supergroup is not accessible (caused by "channels.GetFullChannel")
Traceback (most recent call last):
  File "/root/ANIMETOON/plugins/index.py", line 69, in send_for_index
    await bot.get_chat(chat_id)
  File "/usr/local/lib/python3.10/dist-packages/pyrogram/methods/chats/get_chat.py", line 81, in get_chat
    r = await self.invoke(raw.functions.channels.GetFullChannel(channel=peer))
  File "/usr/local/lib/python3.10/dist-packages/pyrogram/methods/advanced/invoke.py", line 79, in invoke
    r = await self.session.invoke(
  File "/usr/local/lib/python3.10/dist-packages/pyrogram/session/session.py", line 389, in invoke
    return await self.send(query, timeout=timeout)
  File "/usr/local/lib/python3.10/dist-packages/pyrogram/session/session.py", line 357, in send
    RPCError.raise_it(result, type(data))
  File "/usr/local/lib/python3.10/dist-packages/pyrogram/errors/rpc_error.py", line 91, in raise_it
    raise getattr(
pyrogram.errors.exceptions.not_acceptable_406.ChannelPrivate: Telegram says: [406 CHANNEL_PRIVATE] - The channel/supergroup is not accessible (caused by "channels.GetFullChannel")
[03/14/2026 04:13:58 PM:plugins.index:75:ERROR] Telegram says: [406 CHANNEL_PRIVATE] - The channel/supergroup is not accessible (caused by "channels.GetFullChannel")
Traceback (most recent call last):
  File "/root/ANIMETOON/plugins/index.py", line 69, in send_for_index
    await bot.get_chat(chat_id)
  File "/usr/local/lib/python3.10/dist-packages/pyrogram/methods/chats/get_chat.py", line 81, in get_chat
    r = await self.invoke(raw.functions.channels.GetFullChannel(channel=peer))
  File "/usr/local/lib/python3.10/dist-packages/pyrogram/methods/advanced/invoke.py", line 79, in invoke
    r = await self.session.invoke(
  File "/usr/local/lib/python3.10/dist-packages/pyrogram/session/session.py", line 389, in invoke
    return await self.send(query, timeout=timeout)
  File "/usr/local/lib/python3.10/dist-packages/pyrogram/session/session.py", line 357, in send
    RPCError.raise_it(result, type(data))
  File "/usr/local/lib/python3.10/dist-packages/pyrogram/errors/rpc_error.py", line 91, in raise_it
    raise getattr(
pyrogram.errors.exceptions.not_acceptable_406.ChannelPrivate: Telegram says: [406 CHANNEL_PRIVATE] - The channel/supergroup is not accessible (caused by "channels.GetFullChannel")
[03/14/2026 04:13:58 PM:plugins.index:75:ERROR] Telegram says: [406 CHANNEL_PRIVATE] - The channel/supergroup is not accessible (caused by "channels.GetFullChannel")
Traceback (most recent call last):
  File "/root/ANIMETOON/plugins/index.py", line 69, in send_for_index
    await bot.get_chat(chat_id)
  File "/usr/local/lib/python3.10/dist-packages/pyrogram/methods/chats/get_chat.py", line 81, in get_chat
    r = await self.invoke(raw.functions.channels.GetFullChannel(channel=peer))
  File "/usr/local/lib/python3.10/dist-packages/pyrogram/methods/advanced/invoke.py", line 79, in invoke
    r = await self.session.invoke(
  File "/usr/local/lib/python3.10/dist-packages/pyrogram/session/session.py", line 389, in invoke
    return await self.send(query, timeout=timeout)
  File "/usr/local/lib/python3.10/dist-packages/pyrogram/session/session.py", line 357, in send
    RPCError.raise_it(result, type(data))
  File "/usr/local/lib/python3.10/dist-packages/pyrogram/errors/rpc_error.py", line 91, in raise_it
    raise getattr(
pyrogram.errors.exceptions.not_acceptable_406.ChannelPrivate: Telegram says: [406 CHANNEL_PRIVATE] - The channel/supergroup is not accessible (caused by "channels.GetFullChannel")
[03/14/2026 04:13:58 PM:plugins.index:75:ERROR] Telegram says: [406 CHANNEL_PRIVATE] - The channel/supergroup is not accessible (caused by "channels.GetFullChannel")
Traceback (most recent call last):
  File "/root/ANIMETOON/plugins/index.py", line 69, in send_for_index
    await bot.get_chat(chat_id)
  File "/usr/local/lib/python3.10/dist-packages/pyrogram/methods/chats/get_chat.py", line 81, in get_chat
    r = await self.invoke(raw.functions.channels.GetFullChannel(channel=peer))
  File "/usr/local/lib/python3.10/dist-packages/pyrogram/methods/advanced/invoke.py", line 79, in invoke
    r = await self.session.invoke(
  File "/usr/local/lib/python3.10/dist-packages/pyrogram/session/session.py", line 389, in invoke
    return await self.send(query, timeout=timeout)
  File "/usr/local/lib/python3.10/dist-packages/pyrogram/session/session.py", line 357, in send
    RPCError.raise_it(result, type(data))
  File "/usr/local/lib/python3.10/dist-packages/pyrogram/errors/rpc_error.py", line 91, in raise_it
    raise getattr(
pyrogram.errors.exceptions.not_acceptable_406.ChannelPrivate: Telegram says: [406 CHANNEL_PRIVATE] - The channel/supergroup is not accessible (caused by "channels.GetFullChannel")
[03/14/2026 04:13:58 PM:plugins.index:75:ERROR] Telegram says: [406 CHANNEL_PRIVATE] - The channel/supergroup is not accessible (caused by "channels.GetFullChannel")
Traceback (most recent call last):
  File "/root/ANIMETOON/plugins/index.py", line 69, in send_for_index
    await bot.get_chat(chat_id)
  File "/usr/local/lib/python3.10/dist-packages/pyrogram/methods/chats/get_chat.py", line 81, in get_chat
    r = await self.invoke(raw.functions.channels.GetFullChannel(channel=peer))
  File "/usr/local/lib/python3.10/dist-packages/pyrogram/methods/advanced/invoke.py", line 79, in invoke
    r = await self.session.invoke(
  File "/usr/local/lib/python3.10/dist-packages/pyrogram/session/session.py", line 389, in invoke
    return await self.send(query, timeout=timeout)
  File "/usr/local/lib/python3.10/dist-packages/pyrogram/session/session.py", line 357, in send
    RPCError.raise_it(result, type(data))
  File "/usr/local/lib/python3.10/dist-packages/pyrogram/errors/rpc_error.py", line 91, in raise_it
    raise getattr(
pyrogram.errors.exceptions.not_acceptable_406.ChannelPrivate: Telegram says: [406 CHANNEL_PRIVATE] - The channel/supergroup is not accessible (caused by "channels.GetFullChannel")
[03/14/2026 04:13:58 PM:plugins.index:75:ERROR] Telegram says: [406 CHANNEL_PRIVATE] - The channel/supergroup is not accessible (caused by "channels.GetFullChannel")
Traceback (most recent call last):
  File "/root/ANIMETOON/plugins/index.py", line 69, in send_for_index
    await bot.get_chat(chat_id)
  File "/usr/local/lib/python3.10/dist-packages/pyrogram/methods/chats/get_chat.py", line 81, in get_chat
    r = await self.invoke(raw.functions.channels.GetFullChannel(channel=peer))
  File "/usr/local/lib/python3.10/dist-packages/pyrogram/methods/advanced/invoke.py", line 79, in invoke
    r = await self.session.invoke(
  File "/usr/local/lib/python3.10/dist-packages/pyrogram/session/session.py", line 389, in invoke
    return await self.send(query, timeout=timeout)
  File "/usr/local/lib/python3.10/dist-packages/pyrogram/session/session.py", line 357, in send
    RPCError.raise_it(result, type(data))
  File "/usr/local/lib/python3.10/dist-packages/pyrogram/errors/rpc_error.py", line 91, in raise_it
    raise getattr(
pyrogram.errors.exceptions.not_acceptable_406.ChannelPrivate: Telegram says: [406 CHANNEL_PRIVATE] - The channel/supergroup is not accessible (caused by "channels.GetFullChannel")
[03/14/2026 04:13:58 PM:plugins.index:75:ERROR] Telegram says: [406 CHANNEL_PRIVATE] - The channel/supergroup is not accessible (caused by "channels.GetFullChannel")
Traceback (most recent call last):
  File "/root/ANIMETOON/plugins/index.py", line 69, in send_for_index
    await bot.get_chat(chat_id)
  File "/usr/local/lib/python3.10/dist-packages/pyrogram/methods/chats/get_chat.py", line 81, in get_chat
    r = await self.invoke(raw.functions.channels.GetFullChannel(channel=peer))
  File "/usr/local/lib/python3.10/dist-packages/pyrogram/methods/advanced/invoke.py", line 79, in invoke
    r = await self.session.invoke(
  File "/usr/local/lib/python3.10/dist-packages/pyrogram/session/session.py", line 389, in invoke
    return await self.send(query, timeout=timeout)
  File "/usr/local/lib/python3.10/dist-packages/pyrogram/session/session.py", line 357, in send
    RPCError.raise_it(result, type(data))
  File "/usr/local/lib/python3.10/dist-packages/pyrogram/errors/rpc_error.py", line 91, in raise_it
    raise getattr(
pyrogram.errors.exceptions.not_acceptable_406.ChannelPrivate: Telegram says: [406 CHANNEL_PRIVATE] - The channel/supergroup is not accessible (caused by "channels.GetFullChannel")
[03/14/2026 04:13:58 PM:plugins.index:75:ERROR] Telegram says: [406 CHANNEL_PRIVATE] - The channel/supergroup is not accessible (caused by "channels.GetFullChannel")
Traceback (most recent call last):
  File "/root/ANIMETOON/plugins/index.py", line 69, in send_for_index
    await bot.get_chat(chat_id)
  File "/usr/local/lib/python3.10/dist-packages/pyrogram/methods/chats/get_chat.py", line 81, in get_chat
    r = await self.invoke(raw.functions.channels.GetFullChannel(channel=peer))
  File "/usr/local/lib/python3.10/dist-packages/pyrogram/methods/advanced/invoke.py", line 79, in invoke
    r = await self.session.invoke(
  File "/usr/local/lib/python3.10/dist-packages/pyrogram/session/session.py", line 389, in invoke
    return await self.send(query, timeout=timeout)
  File "/usr/local/lib/python3.10/dist-packages/pyrogram/session/session.py", line 357, in send
    RPCError.raise_it(result, type(data))
  File "/usr/local/lib/python3.10/dist-packages/pyrogram/errors/rpc_error.py", line 91, in raise_it
    raise getattr(
pyrogram.errors.exceptions.not_acceptable_406.ChannelPrivate: Telegram says: [406 CHANNEL_PRIVATE] - The channel/supergroup is not accessible (caused by "channels.GetFullChannel")
[03/14/2026 04:13:58 PM:plugins.index:75:ERROR] Telegram says: [406 CHANNEL_PRIVATE] - The channel/supergroup is not accessible (caused by "channels.GetFullChannel")
Traceback (most recent call last):
  File "/root/ANIMETOON/plugins/index.py", line 69, in send_for_index
    await bot.get_chat(chat_id)
  File "/usr/local/lib/python3.10/dist-packages/pyrogram/methods/chats/get_chat.py", line 81, in get_chat
    r = await self.invoke(raw.functions.channels.GetFullChannel(channel=peer))
  File "/usr/local/lib/python3.10/dist-packages/pyrogram/methods/advanced/invoke.py", line 79, in invoke
    r = await self.session.invoke(
  File "/usr/local/lib/python3.10/dist-packages/pyrogram/session/session.py", line 389, in invoke
    return await self.send(query, timeout=timeout)
  File "/usr/local/lib/python3.10/dist-packages/pyrogram/session/session.py", line 357, in send
    RPCError.raise_it(result, type(data))
  File "/usr/local/lib/python3.10/dist-packages/pyrogram/errors/rpc_error.py", line 91, in raise_it
    raise getattr(
pyrogram.errors.exceptions.not_acceptable_406.ChannelPrivate: Telegram says: [406 CHANNEL_PRIVATE] - The channel/supergroup is not accessible (caused by "channels.GetFullChannel")
[03/14/2026 04:13:58 PM:plugins.index:75:ERROR] Telegram says: [406 CHANNEL_PRIVATE] - The channel/supergroup is not accessible (caused by "channels.GetFullChannel")
Traceback (most recent call last):
  File "/root/ANIMETOON/plugins/index.py", line 69, in send_for_index
    await bot.get_chat(chat_id)
  File "/usr/local/lib/python3.10/dist-packages/pyrogram/methods/chats/get_chat.py", line 81, in get_chat
    r = await self.invoke(raw.functions.channels.GetFullChannel(channel=peer))
  File "/usr/local/lib/python3.10/dist-packages/pyrogram/methods/advanced/invoke.py", line 79, in invoke
    r = await self.session.invoke(
  File "/usr/local/lib/python3.10/dist-packages/pyrogram/session/session.py", line 389, in invoke
    return await self.send(query, timeout=timeout)
  File "/usr/local/lib/python3.10/dist-packages/pyrogram/session/session.py", line 357, in send
    RPCError.raise_it(result, type(data))
  File "/usr/local/lib/python3.10/dist-packages/pyrogram/errors/rpc_error.py", line 91, in raise_it
    raise getattr(
pyrogram.errors.exceptions.not_acceptable_406.ChannelPrivate: Telegram says: [406 CHANNEL_PRIVATE] - The channel/supergroup is not accessible (caused by "channels.GetFullChannel")
[03/14/2026 04:13:58 PM:plugins.index:75:ERROR] Telegram says: [406 CHANNEL_PRIVATE] - The channel/supergroup is not accessible (caused by "channels.GetFullChannel")
Traceback (most recent call last):
  File "/root/ANIMETOON/plugins/index.py", line 69, in send_for_index
    await bot.get_chat(chat_id)
  File "/usr/local/lib/python3.10/dist-packages/pyrogram/methods/chats/get_chat.py", line 81, in get_chat
    r = await self.invoke(raw.functions.channels.GetFullChannel(channel=peer))
  File "/usr/local/lib/python3.10/dist-packages/pyrogram/methods/advanced/invoke.py", line 79, in invoke
    r = await self.session.invoke(
  File "/usr/local/lib/python3.10/dist-packages/pyrogram/session/session.py", line 389, in invoke
    return await self.send(query, timeout=timeout)
  File "/usr/local/lib/python3.10/dist-packages/pyrogram/session/session.py", line 357, in send
    RPCError.raise_it(result, type(data))
  File "/usr/local/lib/python3.10/dist-packages/pyrogram/errors/rpc_error.py", line 91, in raise_it
    raise getattr(
pyrogram.errors.exceptions.not_acceptable_406.ChannelPrivate: Telegram says: [406 CHANNEL_PRIVATE] - The channel/supergroup is not accessible (caused by "channels.GetFullChannel")
[03/14/2026 04:13:58 PM:plugins.index:75:ERROR] Telegram says: [406 CHANNEL_PRIVATE] - The channel/supergroup is not accessible (caused by "channels.GetFullChannel")
Traceback (most recent call last):
  File "/root/ANIMETOON/plugins/index.py", line 69, in send_for_index
    await bot.get_chat(chat_id)
  File "/usr/local/lib/python3.10/dist-packages/pyrogram/methods/chats/get_chat.py", line 81, in get_chat
    r = await self.invoke(raw.functions.channels.GetFullChannel(channel=peer))
  File "/usr/local/lib/python3.10/dist-packages/pyrogram/methods/advanced/invoke.py", line 79, in invoke
    r = await self.session.invoke(
  File "/usr/local/lib/python3.10/dist-packages/pyrogram/session/session.py", line 389, in invoke
    return await self.send(query, timeout=timeout)
  File "/usr/local/lib/python3.10/dist-packages/pyrogram/session/session.py", line 357, in send
    RPCError.raise_it(result, type(data))
  File "/usr/local/lib/python3.10/dist-packages/pyrogram/errors/rpc_error.py", line 91, in raise_it
    raise getattr(
pyrogram.errors.exceptions.not_acceptable_406.ChannelPrivate: Telegram says: [406 CHANNEL_PRIVATE] - The channel/supergroup is not accessible (caused by "channels.GetFullChannel")
[03/14/2026 04:15:03 PM:plugins.index:75:ERROR] Telegram says: [406 CHANNEL_PRIVATE] - The channel/supergroup is not accessible (caused by "channels.GetFullChannel")
Traceback (most recent call last):
  File "/root/ANIMETOON/plugins/index.py", line 69, in send_for_index
    await bot.get_chat(chat_id)
  File "/usr/local/lib/python3.10/dist-packages/pyrogram/methods/chats/get_chat.py", line 81, in get_chat
    r = await self.invoke(raw.functions.channels.GetFullChannel(channel=peer))
  File "/usr/local/lib/python3.10/dist-packages/pyrogram/methods/advanced/invoke.py", line 79, in invoke
    r = await self.session.invoke(
  File "/usr/local/lib/python3.10/dist-packages/pyrogram/session/session.py", line 389, in invoke
    return await self.send(query, timeout=timeout)
  File "/usr/local/lib/python3.10/dist-packages/pyrogram/session/session.py", line 357, in send
    RPCError.raise_it(result, type(data))
  File "/usr/local/lib/python3.10/dist-packages/pyrogram/errors/rpc_error.py", line 91, in raise_it
    raise getattr(
pyrogram.errors.exceptions.not_acceptable_406.ChannelPrivate: Telegram says: [406 CHANNEL_PRIVATE] - The channel/supergroup is not accessible (caused by "channels.GetFullChannel")
[03/14/2026 04:15:03 PM:plugins.index:75:ERROR] Telegram says: [406 CHANNEL_PRIVATE] - The channel/supergroup is not accessible (caused by "channels.GetFullChannel")
Traceback (most recent call last):
  File "/root/ANIMETOON/plugins/index.py", line 69, in send_for_index
    await bot.get_chat(chat_id)
  File "/usr/local/lib/python3.10/dist-packages/pyrogram/methods/chats/get_chat.py", line 81, in get_chat
    r = await self.invoke(raw.functions.channels.GetFullChannel(channel=peer))
  File "/usr/local/lib/python3.10/dist-packages/pyrogram/methods/advanced/invoke.py", line 79, in invoke
    r = await self.session.invoke(
  File "/usr/local/lib/python3.10/dist-packages/pyrogram/session/session.py", line 389, in invoke
    return await self.send(query, timeout=timeout)
  File "/usr/local/lib/python3.10/dist-packages/pyrogram/session/session.py", line 357, in send
    RPCError.raise_it(result, type(data))
  File "/usr/local/lib/python3.10/dist-packages/pyrogram/errors/rpc_error.py", line 91, in raise_it
    raise getattr(
pyrogram.errors.exceptions.not_acceptable_406.ChannelPrivate: Telegram says: [406 CHANNEL_PRIVATE] - The channel/supergroup is not accessible (caused by "channels.GetFullChannel")
[03/14/2026 04:18:05 PM:pyrogram.dispatcher:253:ERROR] name 'SELF_DELETE' is not defined
Traceback (most recent call last):
  File "/usr/local/lib/python3.10/dist-packages/pyrogram/dispatcher.py", line 240, in handler_worker
    await handler.callback(self.client, *args)
  File "/root/ANIMETOON/plugins/pm_filter.py", line 57, in give_filter
    await auto_filter(client, message)
  File "/root/ANIMETOON/plugins/pm_filter.py", line 759, in auto_filter
    if SELF_DELETE:
NameError: name 'SELF_DELETE' is not defined
[03/14/2026 04:21:58 PM:pyrogram.dispatcher:253:ERROR] name 'SELF_DELETE' is not defined
Traceback (most recent call last):
  File "/usr/local/lib/python3.10/dist-packages/pyrogram/dispatcher.py", line 240, in handler_worker
    await handler.callback(self.client, *args)
  File "/root/ANIMETOON/plugins/pm_filter.py", line 57, in give_filter
    await auto_filter(client, message)
  File "/root/ANIMETOON/plugins/pm_filter.py", line 759, in auto_filter
    if SELF_DELETE:
NameError: name 'SELF_DELETE' is not defined
[03/14/2026 04:22:52 PM:pyrogram.dispatcher:253:ERROR] name 'SELF_DELETE' is not defined
Traceback (most recent call last):
  File "/usr/local/lib/python3.10/dist-packages/pyrogram/dispatcher.py", line 240, in handler_worker
    await handler.callback(self.client, *args)
  File "/root/ANIMETOON/plugins/pm_filter.py", line 57, in give_filter
    await auto_filter(client, message)
  File "/root/ANIMETOON/plugins/pm_filter.py", line 759, in auto_filter
    if SELF_DELETE:
NameError: name 'SELF_DELETE' is not defined
[03/14/2026 04:25:10 PM:pyrogram.dispatcher:253:ERROR] name 'SELF_DELETE' is not defined
Traceback (most recent call last):
  File "/usr/local/lib/python3.10/dist-packages/pyrogram/dispatcher.py", line 240, in handler_worker
    await handler.callback(self.client, *args)
  File "/root/ANIMETOON/plugins/pm_filter.py", line 57, in give_filter
    await auto_filter(client, message)
  File "/root/ANIMETOON/plugins/pm_filter.py", line 759, in auto_filter
    if SELF_DELETE:
NameError: name 'SELF_DELETE' is not defined
[03/14/2026 04:45:10 PM:pyrogram.dispatcher:253:ERROR] name 'SELF_DELETE' is not defined
Traceback (most recent call last):
  File "/usr/local/lib/python3.10/dist-packages/pyrogram/dispatcher.py", line 240, in handler_worker
    await handler.callback(self.client, *args)
  File "/root/ANIMETOON/plugins/pm_filter.py", line 57, in give_filter
    await auto_filter(client, message)
  File "/root/ANIMETOON/plugins/pm_filter.py", line 759, in auto_filter
    if SELF_DELETE:
NameError: name 'SELF_DELETE' is not defined
[03/14/2026 04:48:33 PM:pyrogram.dispatcher:253:ERROR] name 'SELF_DELETE' is not defined
Traceback (most recent call last):
  File "/usr/local/lib/python3.10/dist-packages/pyrogram/dispatcher.py", line 240, in handler_worker
    await handler.callback(self.client, *args)
  File "/root/ANIMETOON/plugins/pm_filter.py", line 57, in give_filter
    await auto_filter(client, message)
  File "/root/ANIMETOON/plugins/pm_filter.py", line 759, in auto_filter
    if SELF_DELETE:
NameError: name 'SELF_DELETE' is not defined
[03/14/2026 04:53:57 PM:pyrogram.dispatcher:253:ERROR] name 'SELF_DELETE' is not defined
Traceback (most recent call last):
  File "/usr/local/lib/python3.10/dist-packages/pyrogram/dispatcher.py", line 240, in handler_worker
    await handler.callback(self.client, *args)
  File "/root/ANIMETOON/plugins/pm_filter.py", line 57, in give_filter
    await auto_filter(client, message)
  File "/root/ANIMETOON/plugins/pm_filter.py", line 759, in auto_filter
    if SELF_DELETE:
NameError: name 'SELF_DELETE' is not defined
[03/14/2026 04:55:04 PM:pyrogram.dispatcher:253:ERROR] name 'SELF_DELETE' is not defined
Traceback (most recent call last):
  File "/usr/local/lib/python3.10/dist-packages/pyrogram/dispatcher.py", line 240, in handler_worker
    await handler.callback(self.client, *args)
  File "/root/ANIMETOON/plugins/pm_filter.py", line 57, in give_filter
    await auto_filter(client, message)
  File "/root/ANIMETOON/plugins/pm_filter.py", line 759, in auto_filter
    if SELF_DELETE:
NameError: name 'SELF_DELETE' is not defined
[03/14/2026 04:57:30 PM:pyrogram.dispatcher:253:ERROR] name 'SELF_DELETE' is not defined
Traceback (most recent call last):
  File "/usr/local/lib/python3.10/dist-packages/pyrogram/dispatcher.py", line 240, in handler_worker
    await handler.callback(self.client, *args)
  File "/root/ANIMETOON/plugins/pm_filter.py", line 57, in give_filter
    await auto_filter(client, message)
  File "/root/ANIMETOON/plugins/pm_filter.py", line 759, in auto_filter
    if SELF_DELETE:
NameError: name 'SELF_DELETE' is not defined
[03/14/2026 05:01:22 PM:pyrogram.dispatcher:253:ERROR] name 'SELF_DELETE' is not defined
Traceback (most recent call last):
  File "/usr/local/lib/python3.10/dist-packages/pyrogram/dispatcher.py", line 240, in handler_worker
    await handler.callback(self.client, *args)
  File "/root/ANIMETOON/plugins/pm_filter.py", line 57, in give_filter
    await auto_filter(client, message)
  File "/root/ANIMETOON/plugins/pm_filter.py", line 759, in auto_filter
    if SELF_DELETE:
NameError: name 'SELF_DELETE' is not defined
[03/14/2026 05:12:22 PM:pyrogram.dispatcher:253:ERROR] name 'SELF_DELETE' is not defined
Traceback (most recent call last):
  File "/usr/local/lib/python3.10/dist-packages/pyrogram/dispatcher.py", line 240, in handler_worker
    await handler.callback(self.client, *args)
  File "/root/ANIMETOON/plugins/pm_filter.py", line 57, in give_filter
    await auto_filter(client, message)
  File "/root/ANIMETOON/plugins/pm_filter.py", line 759, in auto_filter
    if SELF_DELETE:
NameError: name 'SELF_DELETE' is not defined
[03/14/2026 05:14:30 PM:pyrogram.dispatcher:253:ERROR] name 'SELF_DELETE' is not defined
Traceback (most recent call last):
  File "/usr/local/lib/python3.10/dist-packages/pyrogram/dispatcher.py", line 240, in handler_worker
    await handler.callback(self.client, *args)
  File "/root/ANIMETOON/plugins/pm_filter.py", line 57, in give_filter
    await auto_filter(client, message)
  File "/root/ANIMETOON/plugins/pm_filter.py", line 759, in auto_filter
    if SELF_DELETE:
NameError: name 'SELF_DELETE' is not defined
[03/14/2026 05:19:24 PM:pyrogram.dispatcher:253:ERROR] name 'SELF_DELETE' is not defined
Traceback (most recent call last):
  File "/usr/local/lib/python3.10/dist-packages/pyrogram/dispatcher.py", line 240, in handler_worker
    await handler.callback(self.client, *args)
  File "/root/ANIMETOON/plugins/pm_filter.py", line 57, in give_filter
    await auto_filter(client, message)
  File "/root/ANIMETOON/plugins/pm_filter.py", line 759, in auto_filter
    if SELF_DELETE:
NameError: name 'SELF_DELETE' is not defined
[03/14/2026 05:21:25 PM:pyrogram.dispatcher:253:ERROR] name 'SELF_DELETE' is not defined
Traceback (most recent call last):
  File "/usr/local/lib/python3.10/dist-packages/pyrogram/dispatcher.py", line 240, in handler_worker
    await handler.callback(self.client, *args)
  File "/root/ANIMETOON/plugins/pm_filter.py", line 57, in give_filter
    await auto_filter(client, message)
  File "/root/ANIMETOON/plugins/pm_filter.py", line 759, in auto_filter
    if SELF_DELETE:
NameError: name 'SELF_DELETE' is not defined
[03/14/2026 05:23:14 PM:pyrogram.dispatcher:253:ERROR] name 'SELF_DELETE' is not defined
Traceback (most recent call last):
  File "/usr/local/lib/python3.10/dist-packages/pyrogram/dispatcher.py", line 240, in handler_worker
    await handler.callback(self.client, *args)
  File "/root/ANIMETOON/plugins/pm_filter.py", line 57, in give_filter
    await auto_filter(client, message)
  File "/root/ANIMETOON/plugins/pm_filter.py", line 759, in auto_filter
    if SELF_DELETE:
NameError: name 'SELF_DELETE' is not defined
[03/14/2026 05:25:32 PM:pyrogram.dispatcher:253:ERROR] name 'SELF_DELETE' is not defined
Traceback (most recent call last):
  File "/usr/local/lib/python3.10/dist-packages/pyrogram/dispatcher.py", line 240, in handler_worker
    await handler.callback(self.client, *args)
  File "/root/ANIMETOON/plugins/pm_filter.py", line 57, in give_filter
    await auto_filter(client, message)
  File "/root/ANIMETOON/plugins/pm_filter.py", line 759, in auto_filter
    if SELF_DELETE:
NameError: name 'SELF_DELETE' is not defined
[03/14/2026 05:26:50 PM:pyrogram.dispatcher:253:ERROR] name 'SELF_DELETE' is not defined
Traceback (most recent call last):
  File "/usr/local/lib/python3.10/dist-packages/pyrogram/dispatcher.py", line 240, in handler_worker
    await handler.callback(self.client, *args)
  File "/root/ANIMETOON/plugins/pm_filter.py", line 57, in give_filter
    await auto_filter(client, message)
  File "/root/ANIMETOON/plugins/pm_filter.py", line 759, in auto_filter
    if SELF_DELETE:
NameError: name 'SELF_DELETE' is not defined
[03/14/2026 05:33:40 PM:pyrogram.dispatcher:253:ERROR] name 'SELF_DELETE' is not defined
Traceback (most recent call last):
  File "/usr/local/lib/python3.10/dist-packages/pyrogram/dispatcher.py", line 240, in handler_worker
    await handler.callback(self.client, *args)
  File "/root/ANIMETOON/plugins/pm_filter.py", line 57, in give_filter
    await auto_filter(client, message)
  File "/root/ANIMETOON/plugins/pm_filter.py", line 759, in auto_filter
    if SELF_DELETE:
NameError: name 'SELF_DELETE' is not defined
[03/14/2026 05:37:07 PM:pyrogram.dispatcher:253:ERROR] name 'SELF_DELETE' is not defined
Traceback (most recent call last):
  File "/usr/local/lib/python3.10/dist-packages/pyrogram/dispatcher.py", line 240, in handler_worker
    await handler.callback(self.client, *args)
  File "/root/ANIMETOON/plugins/pm_filter.py", line 57, in give_filter
    await auto_filter(client, message)
  File "/root/ANIMETOON/plugins/pm_filter.py", line 759, in auto_filter
    if SELF_DELETE:
NameError: name 'SELF_DELETE' is not defined
[03/14/2026 05:40:12 PM:pyrogram.dispatcher:253:ERROR] name 'SELF_DELETE' is not defined
Traceback (most recent call last):
  File "/usr/local/lib/python3.10/dist-packages/pyrogram/dispatcher.py", line 240, in handler_worker
    await handler.callback(self.client, *args)
  File "/root/ANIMETOON/plugins/pm_filter.py", line 57, in give_filter
    await auto_filter(client, message)
  File "/root/ANIMETOON/plugins/pm_filter.py", line 759, in auto_filter
    if SELF_DELETE:
NameError: name 'SELF_DELETE' is not defined
[03/14/2026 05:43:26 PM:pyrogram.dispatcher:253:ERROR] name 'SELF_DELETE' is not defined
Traceback (most recent call last):
  File "/usr/local/lib/python3.10/dist-packages/pyrogram/dispatcher.py", line 240, in handler_worker
    await handler.callback(self.client, *args)
  File "/root/ANIMETOON/plugins/pm_filter.py", line 57, in give_filter
    await auto_filter(client, message)
  File "/root/ANIMETOON/plugins/pm_filter.py", line 759, in auto_filter
    if SELF_DELETE:
NameError: name 'SELF_DELETE' is not defined
[03/14/2026 05:48:34 PM:pyrogram.dispatcher:253:ERROR] name 'SELF_DELETE' is not defined
Traceback (most recent call last):
  File "/usr/local/lib/python3.10/dist-packages/pyrogram/dispatcher.py", line 240, in handler_worker
    await handler.callback(self.client, *args)
  File "/root/ANIMETOON/plugins/pm_filter.py", line 57, in give_filter
    await auto_filter(client, message)
  File "/root/ANIMETOON/plugins/pm_filter.py", line 759, in auto_filter
    if SELF_DELETE:
NameError: name 'SELF_DELETE' is not defined
[03/14/2026 06:06:24 PM:pyrogram.dispatcher:253:ERROR] name 'SELF_DELETE' is not defined
Traceback (most recent call last):
  File "/usr/local/lib/python3.10/dist-packages/pyrogram/dispatcher.py", line 240, in handler_worker
    await handler.callback(self.client, *args)
  File "/root/ANIMETOON/plugins/pm_filter.py", line 57, in give_filter
    await auto_filter(client, message)
  File "/root/ANIMETOON/plugins/pm_filter.py", line 759, in auto_filter
    if SELF_DELETE:
NameError: name 'SELF_DELETE' is not defined
[03/14/2026 06:07:42 PM:pyrogram.dispatcher:253:ERROR] name 'SELF_DELETE' is not defined
Traceback (most recent call last):
  File "/usr/local/lib/python3.10/dist-packages/pyrogram/dispatcher.py", line 240, in handler_worker
    await handler.callback(self.client, *args)
  File "/root/ANIMETOON/plugins/pm_filter.py", line 57, in give_filter
    await auto_filter(client, message)
  File "/root/ANIMETOON/plugins/pm_filter.py", line 759, in auto_filter
    if SELF_DELETE:
NameError: name 'SELF_DELETE' is not defined
[03/14/2026 06:10:03 PM:pyrogram.dispatcher:253:ERROR] name 'SELF_DELETE' is not defined
Traceback (most recent call last):
  File "/usr/local/lib/python3.10/dist-packages/pyrogram/dispatcher.py", line 240, in handler_worker
    await handler.callback(self.client, *args)
  File "/root/ANIMETOON/plugins/pm_filter.py", line 57, in give_filter
    await auto_filter(client, message)
  File "/root/ANIMETOON/plugins/pm_filter.py", line 759, in auto_filter
    if SELF_DELETE:
NameError: name 'SELF_DELETE' is not defined
[03/14/2026 06:11:44 PM:pyrogram.dispatcher:253:ERROR] name 'SELF_DELETE' is not defined
Traceback (most recent call last):
  File "/usr/local/lib/python3.10/dist-packages/pyrogram/dispatcher.py", line 240, in handler_worker
    await handler.callback(self.client, *args)
  File "/root/ANIMETOON/plugins/pm_filter.py", line 57, in give_filter
    await auto_filter(client, message)
  File "/root/ANIMETOON/plugins/pm_filter.py", line 759, in auto_filter
    if SELF_DELETE:
NameError: name 'SELF_DELETE' is not defined
[03/14/2026 06:24:18 PM:pyrogram.dispatcher:253:ERROR] name 'SELF_DELETE' is not defined
Traceback (most recent call last):
  File "/usr/local/lib/python3.10/dist-packages/pyrogram/dispatcher.py", line 240, in handler_worker
    await handler.callback(self.client, *args)
  File "/root/ANIMETOON/plugins/pm_filter.py", line 57, in give_filter
    await auto_filter(client, message)
  File "/root/ANIMETOON/plugins/pm_filter.py", line 759, in auto_filter
    if SELF_DELETE:
NameError: name 'SELF_DELETE' is not defined
[03/14/2026 06:24:42 PM:pyrogram.dispatcher:253:ERROR] name 'SELF_DELETE' is not defined
Traceback (most recent call last):
  File "/usr/local/lib/python3.10/dist-packages/pyrogram/dispatcher.py", line 240, in handler_worker
    await handler.callback(self.client, *args)
  File "/root/ANIMETOON/plugins/pm_filter.py", line 57, in give_filter
    await auto_filter(client, message)
  File "/root/ANIMETOON/plugins/pm_filter.py", line 759, in auto_filter
    if SELF_DELETE:
NameError: name 'SELF_DELETE' is not defined
[03/14/2026 06:25:15 PM:pyrogram.dispatcher:253:ERROR] Telegram says: [500 RANDOM_ID_DUPLICATE] - You provided a random ID that was already used (caused by "messages.SendMessage")
Traceback (most recent call last):
  File "/usr/local/lib/python3.10/dist-packages/pyrogram/dispatcher.py", line 240, in handler_worker
    await handler.callback(self.client, *args)
  File "/root/ANIMETOON/plugins/pm_filter.py", line 57, in give_filter
    await auto_filter(client, message)
  File "/root/ANIMETOON/plugins/pm_filter.py", line 650, in auto_filter
    return await advantage_spell_chok(msg)
  File "/root/ANIMETOON/plugins/pm_filter.py", line 772, in advantage_spell_chok
    k = await msg.reply("I couldn't find any movie in that name.")
  File "/usr/local/lib/python3.10/dist-packages/pyrogram/types/messages_and_media/message.py", line 970, in reply_text
    return await self._client.send_message(
  File "/usr/local/lib/python3.10/dist-packages/pyrogram/methods/messages/send_message.py", line 126, in send_message
    r = await self.invoke(
  File "/usr/local/lib/python3.10/dist-packages/pyrogram/methods/advanced/invoke.py", line 79, in invoke
    r = await self.session.invoke(
  File "/usr/local/lib/python3.10/dist-packages/pyrogram/session/session.py", line 412, in invoke
    return await self.invoke(query, retries - 1, timeout)
  File "/usr/local/lib/python3.10/dist-packages/pyrogram/session/session.py", line 412, in invoke
    return await self.invoke(query, retries - 1, timeout)
  File "/usr/local/lib/python3.10/dist-packages/pyrogram/session/session.py", line 412, in invoke
    return await self.invoke(query, retries - 1, timeout)
  [Previous line repeated 7 more times]
  File "/usr/local/lib/python3.10/dist-packages/pyrogram/session/session.py", line 402, in invoke
    raise e from None
  File "/usr/local/lib/python3.10/dist-packages/pyrogram/session/session.py", line 389, in invoke
    return await self.send(query, timeout=timeout)
  File "/usr/local/lib/python3.10/dist-packages/pyrogram/session/session.py", line 357, in send
    RPCError.raise_it(result, type(data))
  File "/usr/local/lib/python3.10/dist-packages/pyrogram/errors/rpc_error.py", line 91, in raise_it
    raise getattr(
pyrogram.errors.exceptions.internal_server_error_500.RandomIdDuplicate: Telegram says: [500 RANDOM_ID_DUPLICATE] - You provided a random ID that was already used (caused by "messages.SendMessage")
[03/14/2026 06:25:19 PM:pyrogram.dispatcher:253:ERROR] name 'SELF_DELETE' is not defined
Traceback (most recent call last):
  File "/usr/local/lib/python3.10/dist-packages/pyrogram/dispatcher.py", line 240, in handler_worker
    await handler.callback(self.client, *args)
  File "/root/ANIMETOON/plugins/pm_filter.py", line 57, in give_filter
    await auto_filter(client, message)
  File "/root/ANIMETOON/plugins/pm_filter.py", line 759, in auto_filter
    if SELF_DELETE:
NameError: name 'SELF_DELETE' is not defined
[03/14/2026 06:28:55 PM:pyrogram.dispatcher:253:ERROR] name 'SELF_DELETE' is not defined
Traceback (most recent call last):
  File "/usr/local/lib/python3.10/dist-packages/pyrogram/dispatcher.py", line 240, in handler_worker
    await handler.callback(self.client, *args)
  File "/root/ANIMETOON/plugins/pm_filter.py", line 57, in give_filter
    await auto_filter(client, message)
  File "/root/ANIMETOON/plugins/pm_filter.py", line 759, in auto_filter
    if SELF_DELETE:
NameError: name 'SELF_DELETE' is not defined
[03/14/2026 06:45:30 PM:pyrogram.dispatcher:253:ERROR] name 'SELF_DELETE' is not defined
Traceback (most recent call last):
  File "/usr/local/lib/python3.10/dist-packages/pyrogram/dispatcher.py", line 240, in handler_worker
    await handler.callback(self.client, *args)
  File "/root/ANIMETOON/plugins/pm_filter.py", line 57, in give_filter
    await auto_filter(client, message)
  File "/root/ANIMETOON/plugins/pm_filter.py", line 759, in auto_filter
    if SELF_DELETE:
NameError: name 'SELF_DELETE' is not defined
[03/14/2026 06:59:43 PM:pyrogram.dispatcher:253:ERROR] name 'SELF_DELETE' is not defined
Traceback (most recent call last):
  File "/usr/local/lib/python3.10/dist-packages/pyrogram/dispatcher.py", line 240, in handler_worker
    await handler.callback(self.client, *args)
  File "/root/ANIMETOON/plugins/pm_filter.py", line 57, in give_filter
    await auto_filter(client, message)
  File "/root/ANIMETOON/plugins/pm_filter.py", line 759, in auto_filter
    if SELF_DELETE:
NameError: name 'SELF_DELETE' is not defined
[03/14/2026 07:03:28 PM:pyrogram.dispatcher:253:ERROR] 'NoneType' object has no attribute 'type'
Traceback (most recent call last):
  File "/usr/local/lib/python3.10/dist-packages/pyrogram/dispatcher.py", line 240, in handler_worker
    await handler.callback(self.client, *args)
  File "/root/ANIMETOON/plugins/index.py", line 63, in send_for_index
    elif message.forward_from_chat.type == enums.ChatType.CHANNEL:
AttributeError: 'NoneType' object has no attribute 'type'
[03/14/2026 07:09:57 PM:pyrogram.dispatcher:253:ERROR] name 'SELF_DELETE' is not defined
Traceback (most recent call last):
  File "/usr/local/lib/python3.10/dist-packages/pyrogram/dispatcher.py", line 240, in handler_worker
    await handler.callback(self.client, *args)
  File "/root/ANIMETOON/plugins/pm_filter.py", line 57, in give_filter
    await auto_filter(client, message)
  File "/root/ANIMETOON/plugins/pm_filter.py", line 759, in auto_filter
    if SELF_DELETE:
NameError: name 'SELF_DELETE' is not defined
[03/14/2026 07:10:11 PM:pyrogram.dispatcher:253:ERROR] name 'SELF_DELETE' is not defined
Traceback (most recent call last):
  File "/usr/local/lib/python3.10/dist-packages/pyrogram/dispatcher.py", line 240, in handler_worker
    await handler.callback(self.client, *args)
  File "/root/ANIMETOON/plugins/pm_filter.py", line 57, in give_filter
    await auto_filter(client, message)
  File "/root/ANIMETOON/plugins/pm_filter.py", line 759, in auto_filter
    if SELF_DELETE:
NameError: name 'SELF_DELETE' is not defined
[03/14/2026 07:13:43 PM:pyrogram.dispatcher:253:ERROR] name 'SELF_DELETE' is not defined
Traceback (most recent call last):
  File "/usr/local/lib/python3.10/dist-packages/pyrogram/dispatcher.py", line 240, in handler_worker
    await handler.callback(self.client, *args)
  File "/root/ANIMETOON/plugins/pm_filter.py", line 57, in give_filter
    await auto_filter(client, message)
  File "/root/ANIMETOON/plugins/pm_filter.py", line 759, in auto_filter
    if SELF_DELETE:
NameError: name 'SELF_DELETE' is not defined
[03/14/2026 07:19:50 PM:pyrogram.dispatcher:253:ERROR] name 'SELF_DELETE' is not defined
Traceback (most recent call last):
  File "/usr/local/lib/python3.10/dist-packages/pyrogram/dispatcher.py", line 240, in handler_worker
    await handler.callback(self.client, *args)
  File "/root/ANIMETOON/plugins/pm_filter.py", line 57, in give_filter
    await auto_filter(client, message)
  File "/root/ANIMETOON/plugins/pm_filter.py", line 759, in auto_filter
    if SELF_DELETE:
NameError: name 'SELF_DELETE' is not defined
[03/14/2026 07:51:45 PM:pyrogram.dispatcher:253:ERROR] name 'SELF_DELETE' is not defined
Traceback (most recent call last):
  File "/usr/local/lib/python3.10/dist-packages/pyrogram/dispatcher.py", line 240, in handler_worker
    await handler.callback(self.client, *args)
  File "/root/ANIMETOON/plugins/pm_filter.py", line 57, in give_filter
    await auto_filter(client, message)
  File "/root/ANIMETOON/plugins/pm_filter.py", line 759, in auto_filter
    if SELF_DELETE:
NameError: name 'SELF_DELETE' is not defined
[03/14/2026 07:52:40 PM:pyrogram.dispatcher:253:ERROR] name 'SELF_DELETE' is not defined
Traceback (most recent call last):
  File "/usr/local/lib/python3.10/dist-packages/pyrogram/dispatcher.py", line 240, in handler_worker
    await handler.callback(self.client, *args)
  File "/root/ANIMETOON/plugins/pm_filter.py", line 57, in give_filter
    await auto_filter(client, message)
  File "/root/ANIMETOON/plugins/pm_filter.py", line 759, in auto_filter
    if SELF_DELETE:
NameError: name 'SELF_DELETE' is not defined
[03/14/2026 08:03:53 PM:pyrogram.dispatcher:253:ERROR] name 'SELF_DELETE' is not defined
Traceback (most recent call last):
  File "/usr/local/lib/python3.10/dist-packages/pyrogram/dispatcher.py", line 240, in handler_worker
    await handler.callback(self.client, *args)
  File "/root/ANIMETOON/plugins/pm_filter.py", line 57, in give_filter
    await auto_filter(client, message)
  File "/root/ANIMETOON/plugins/pm_filter.py", line 759, in auto_filter
    if SELF_DELETE:
NameError: name 'SELF_DELETE' is not defined
[03/14/2026 08:13:21 PM:pyrogram.dispatcher:253:ERROR] name 'SELF_DELETE' is not defined
Traceback (most recent call last):
  File "/usr/local/lib/python3.10/dist-packages/pyrogram/dispatcher.py", line 240, in handler_worker
    await handler.callback(self.client, *args)
  File "/root/ANIMETOON/plugins/pm_filter.py", line 57, in give_filter
    await auto_filter(client, message)
  File "/root/ANIMETOON/plugins/pm_filter.py", line 759, in auto_filter
    if SELF_DELETE:
NameError: name 'SELF_DELETE' is not defined
[03/14/2026 09:09:23 PM:pyrogram.dispatcher:253:ERROR] name 'SELF_DELETE' is not defined
Traceback (most recent call last):
  File "/usr/local/lib/python3.10/dist-packages/pyrogram/dispatcher.py", line 240, in handler_worker
    await handler.callback(self.client, *args)
  File "/root/ANIMETOON/plugins/pm_filter.py", line 57, in give_filter
    await auto_filter(client, message)
  File "/root/ANIMETOON/plugins/pm_filter.py", line 759, in auto_filter
    if SELF_DELETE:
NameError: name 'SELF_DELETE' is not defined
[03/14/2026 09:38:00 PM:pyrogram.dispatcher:253:ERROR] name 'SELF_DELETE' is not defined
Traceback (most recent call last):
  File "/usr/local/lib/python3.10/dist-packages/pyrogram/dispatcher.py", line 240, in handler_worker
    await handler.callback(self.client, *args)
  File "/root/ANIMETOON/plugins/pm_filter.py", line 57, in give_filter
    await auto_filter(client, message)
  File "/root/ANIMETOON/plugins/pm_filter.py", line 759, in auto_filter
    if SELF_DELETE:
NameError: name 'SELF_DELETE' is not defined
[03/14/2026 09:48:16 PM:pyrogram.dispatcher:253:ERROR] name 'SELF_DELETE' is not defined
Traceback (most recent call last):
  File "/usr/local/lib/python3.10/dist-packages/pyrogram/dispatcher.py", line 240, in handler_worker
    await handler.callback(self.client, *args)
  File "/root/ANIMETOON/plugins/pm_filter.py", line 57, in give_filter
    await auto_filter(client, message)
  File "/root/ANIMETOON/plugins/pm_filter.py", line 759, in auto_filter
    if SELF_DELETE:
NameError: name 'SELF_DELETE' is not defined
[03/14/2026 10:21:02 PM:pyrogram.dispatcher:253:ERROR] name 'SELF_DELETE' is not defined
Traceback (most recent call last):
  File "/usr/local/lib/python3.10/dist-packages/pyrogram/dispatcher.py", line 240, in handler_worker
    await handler.callback(self.client, *args)
  File "/root/ANIMETOON/plugins/pm_filter.py", line 57, in give_filter
    await auto_filter(client, message)
  File "/root/ANIMETOON/plugins/pm_filter.py", line 759, in auto_filter
    if SELF_DELETE:
NameError: name 'SELF_DELETE' is not defined
[03/14/2026 11:42:25 PM:pyrogram.dispatcher:253:ERROR] name 'SELF_DELETE' is not defined
Traceback (most recent call last):
  File "/usr/local/lib/python3.10/dist-packages/pyrogram/dispatcher.py", line 240, in handler_worker
    await handler.callback(self.client, *args)
  File "/root/ANIMETOON/plugins/pm_filter.py", line 57, in give_filter
    await auto_filter(client, message)
  File "/root/ANIMETOON/plugins/pm_filter.py", line 759, in auto_filter
    if SELF_DELETE:
NameError: name 'SELF_DELETE' is not defined
[03/14/2026 11:42:57 PM:pyrogram.dispatcher:253:ERROR] name 'SELF_DELETE' is not defined
Traceback (most recent call last):
  File "/usr/local/lib/python3.10/dist-packages/pyrogram/dispatcher.py", line 240, in handler_worker
    await handler.callback(self.client, *args)
  File "/root/ANIMETOON/plugins/pm_filter.py", line 57, in give_filter
    await auto_filter(client, message)
  File "/root/ANIMETOON/plugins/pm_filter.py", line 759, in auto_filter
    if SELF_DELETE:
NameError: name 'SELF_DELETE' is not defined
[03/14/2026 11:43:22 PM:pyrogram.dispatcher:253:ERROR] name 'SELF_DELETE' is not defined
Traceback (most recent call last):
  File "/usr/local/lib/python3.10/dist-packages/pyrogram/dispatcher.py", line 240, in handler_worker
    await handler.callback(self.client, *args)
  File "/root/ANIMETOON/plugins/pm_filter.py", line 57, in give_filter
    await auto_filter(client, message)
  File "/root/ANIMETOON/plugins/pm_filter.py", line 759, in auto_filter
    if SELF_DELETE:
NameError: name 'SELF_DELETE' is not defined
[03/14/2026 11:43:51 PM:pyrogram.dispatcher:253:ERROR] name 'SELF_DELETE' is not defined
Traceback (most recent call last):
  File "/usr/local/lib/python3.10/dist-packages/pyrogram/dispatcher.py", line 240, in handler_worker
    await handler.callback(self.client, *args)
  File "/root/ANIMETOON/plugins/pm_filter.py", line 57, in give_filter
    await auto_filter(client, message)
  File "/root/ANIMETOON/plugins/pm_filter.py", line 759, in auto_filter
    if SELF_DELETE:
NameError: name 'SELF_DELETE' is not defined
[03/14/2026 11:44:18 PM:pyrogram.dispatcher:253:ERROR] name 'SELF_DELETE' is not defined
Traceback (most recent call last):
  File "/usr/local/lib/python3.10/dist-packages/pyrogram/dispatcher.py", line 240, in handler_worker
    await handler.callback(self.client, *args)
  File "/root/ANIMETOON/plugins/pm_filter.py", line 57, in give_filter
    await auto_filter(client, message)
  File "/root/ANIMETOON/plugins/pm_filter.py", line 759, in auto_filter
    if SELF_DELETE:
NameError: name 'SELF_DELETE' is not defined
[03/14/2026 11:44:48 PM:pyrogram.dispatcher:253:ERROR] name 'SELF_DELETE' is not defined
Traceback (most recent call last):
  File "/usr/local/lib/python3.10/dist-packages/pyrogram/dispatcher.py", line 240, in handler_worker
    await handler.callback(self.client, *args)
  File "/root/ANIMETOON/plugins/pm_filter.py", line 57, in give_filter
    await auto_filter(client, message)
  File "/root/ANIMETOON/plugins/pm_filter.py", line 759, in auto_filter
    if SELF_DELETE:
NameError: name 'SELF_DELETE' is not defined
[03/14/2026 11:45:10 PM:pyrogram.dispatcher:253:ERROR] name 'SELF_DELETE' is not defined
Traceback (most recent call last):
  File "/usr/local/lib/python3.10/dist-packages/pyrogram/dispatcher.py", line 240, in handler_worker
    await handler.callback(self.client, *args)
  File "/root/ANIMETOON/plugins/pm_filter.py", line 57, in give_filter
    await auto_filter(client, message)
  File "/root/ANIMETOON/plugins/pm_filter.py", line 759, in auto_filter
    if SELF_DELETE:
NameError: name 'SELF_DELETE' is not defined
[03/14/2026 11:45:24 PM:pyrogram.dispatcher:253:ERROR] name 'SELF_DELETE' is not defined
Traceback (most recent call last):
  File "/usr/local/lib/python3.10/dist-packages/pyrogram/dispatcher.py", line 240, in handler_worker
    await handler.callback(self.client, *args)
  File "/root/ANIMETOON/plugins/pm_filter.py", line 57, in give_filter
    await auto_filter(client, message)
  File "/root/ANIMETOON/plugins/pm_filter.py", line 759, in auto_filter
    if SELF_DELETE:
NameError: name 'SELF_DELETE' is not defined
[03/14/2026 11:46:43 PM:pyrogram.dispatcher:253:ERROR] name 'SELF_DELETE' is not defined
Traceback (most recent call last):
  File "/usr/local/lib/python3.10/dist-packages/pyrogram/dispatcher.py", line 240, in handler_worker
    await handler.callback(self.client, *args)
  File "/root/ANIMETOON/plugins/pm_filter.py", line 57, in give_filter
    await auto_filter(client, message)
  File "/root/ANIMETOON/plugins/pm_filter.py", line 759, in auto_filter
    if SELF_DELETE:
NameError: name 'SELF_DELETE' is not defined
[03/14/2026 11:47:17 PM:pyrogram.dispatcher:253:ERROR] name 'SELF_DELETE' is not defined
Traceback (most recent call last):
  File "/usr/local/lib/python3.10/dist-packages/pyrogram/dispatcher.py", line 240, in handler_worker
    await handler.callback(self.client, *args)
  File "/root/ANIMETOON/plugins/pm_filter.py", line 57, in give_filter
    await auto_filter(client, message)
  File "/root/ANIMETOON/plugins/pm_filter.py", line 759, in auto_filter
    if SELF_DELETE:
NameError: name 'SELF_DELETE' is not defined
[03/14/2026 11:47:41 PM:pyrogram.dispatcher:253:ERROR] name 'SELF_DELETE' is not defined
Traceback (most recent call last):
  File "/usr/local/lib/python3.10/dist-packages/pyrogram/dispatcher.py", line 240, in handler_worker
    await handler.callback(self.client, *args)
  File "/root/ANIMETOON/plugins/pm_filter.py", line 57, in give_filter
    await auto_filter(client, message)
  File "/root/ANIMETOON/plugins/pm_filter.py", line 759, in auto_filter
    if SELF_DELETE:
NameError: name 'SELF_DELETE' is not defined
[03/14/2026 11:48:59 PM:pyrogram.dispatcher:253:ERROR] name 'SELF_DELETE' is not defined
Traceback (most recent call last):
  File "/usr/local/lib/python3.10/dist-packages/pyrogram/dispatcher.py", line 240, in handler_worker
    await handler.callback(self.client, *args)
  File "/root/ANIMETOON/plugins/pm_filter.py", line 57, in give_filter
    await auto_filter(client, message)
  File "/root/ANIMETOON/plugins/pm_filter.py", line 759, in auto_filter
    if SELF_DELETE:
NameError: name 'SELF_DELETE' is not defined
[03/14/2026 11:49:15 PM:pyrogram.dispatcher:253:ERROR] name 'SELF_DELETE' is not defined
Traceback (most recent call last):
  File "/usr/local/lib/python3.10/dist-packages/pyrogram/dispatcher.py", line 240, in handler_worker
    await handler.callback(self.client, *args)
  File "/root/ANIMETOON/plugins/pm_filter.py", line 57, in give_filter
    await auto_filter(client, message)
  File "/root/ANIMETOON/plugins/pm_filter.py", line 759, in auto_filter
    if SELF_DELETE:
NameError: name 'SELF_DELETE' is not defined
[03/14/2026 11:49:29 PM:pyrogram.dispatcher:253:ERROR] name 'SELF_DELETE' is not defined
Traceback (most recent call last):
  File "/usr/local/lib/python3.10/dist-packages/pyrogram/dispatcher.py", line 240, in handler_worker
    await handler.callback(self.client, *args)
  File "/root/ANIMETOON/plugins/pm_filter.py", line 57, in give_filter
    await auto_filter(client, message)
  File "/root/ANIMETOON/plugins/pm_filter.py", line 759, in auto_filter
    if SELF_DELETE:
NameError: name 'SELF_DELETE' is not defined
[03/14/2026 11:50:15 PM:pyrogram.dispatcher:253:ERROR] name 'SELF_DELETE' is not defined
Traceback (most recent call last):
  File "/usr/local/lib/python3.10/dist-packages/pyrogram/dispatcher.py", line 240, in handler_worker
    await handler.callback(self.client, *args)
  File "/root/ANIMETOON/plugins/pm_filter.py", line 57, in give_filter
    await auto_filter(client, message)
  File "/root/ANIMETOON/plugins/pm_filter.py", line 759, in auto_filter
    if SELF_DELETE:
NameError: name 'SELF_DELETE' is not defined
[03/14/2026 11:50:43 PM:pyrogram.dispatcher:253:ERROR] name 'SELF_DELETE' is not defined
Traceback (most recent call last):
  File "/usr/local/lib/python3.10/dist-packages/pyrogram/dispatcher.py", line 240, in handler_worker
    await handler.callback(self.client, *args)
  File "/root/ANIMETOON/plugins/pm_filter.py", line 57, in give_filter
    await auto_filter(client, message)
  File "/root/ANIMETOON/plugins/pm_filter.py", line 759, in auto_filter
    if SELF_DELETE:
NameError: name 'SELF_DELETE' is not defined
[03/14/2026 11:50:59 PM:pyrogram.dispatcher:253:ERROR] name 'SELF_DELETE' is not defined
Traceback (most recent call last):
  File "/usr/local/lib/python3.10/dist-packages/pyrogram/dispatcher.py", line 240, in handler_worker
    await handler.callback(self.client, *args)
  File "/root/ANIMETOON/plugins/pm_filter.py", line 57, in give_filter
    await auto_filter(client, message)
  File "/root/ANIMETOON/plugins/pm_filter.py", line 759, in auto_filter
    if SELF_DELETE:
NameError: name 'SELF_DELETE' is not defined
[03/14/2026 11:51:14 PM:pyrogram.dispatcher:253:ERROR] name 'SELF_DELETE' is not defined
Traceback (most recent call last):
  File "/usr/local/lib/python3.10/dist-packages/pyrogram/dispatcher.py", line 240, in handler_worker
    await handler.callback(self.client, *args)
  File "/root/ANIMETOON/plugins/pm_filter.py", line 57, in give_filter
    await auto_filter(client, message)
  File "/root/ANIMETOON/plugins/pm_filter.py", line 759, in auto_filter
    if SELF_DELETE:
NameError: name 'SELF_DELETE' is not defined
[03/14/2026 11:51:38 PM:pyrogram.dispatcher:253:ERROR] name 'SELF_DELETE' is not defined
Traceback (most recent call last):
  File "/usr/local/lib/python3.10/dist-packages/pyrogram/dispatcher.py", line 240, in handler_worker
    await handler.callback(self.client, *args)
  File "/root/ANIMETOON/plugins/pm_filter.py", line 57, in give_filter
    await auto_filter(client, message)
  File "/root/ANIMETOON/plugins/pm_filter.py", line 759, in auto_filter
    if SELF_DELETE:
NameError: name 'SELF_DELETE' is not defined
[03/15/2026 12:40:04 AM:pyrogram.dispatcher:253:ERROR] name 'SELF_DELETE' is not defined
Traceback (most recent call last):
  File "/usr/local/lib/python3.10/dist-packages/pyrogram/dispatcher.py", line 240, in handler_worker
    await handler.callback(self.client, *args)
  File "/root/ANIMETOON/plugins/pm_filter.py", line 57, in give_filter
    await auto_filter(client, message)
  File "/root/ANIMETOON/plugins/pm_filter.py", line 759, in auto_filter
    if SELF_DELETE:
NameError: name 'SELF_DELETE' is not defined
[03/15/2026 12:42:11 AM:pyrogram.dispatcher:253:ERROR] name 'SELF_DELETE' is not defined
Traceback (most recent call last):
  File "/usr/local/lib/python3.10/dist-packages/pyrogram/dispatcher.py", line 240, in handler_worker
    await handler.callback(self.client, *args)
  File "/root/ANIMETOON/plugins/pm_filter.py", line 57, in give_filter
    await auto_filter(client, message)
  File "/root/ANIMETOON/plugins/pm_filter.py", line 759, in auto_filter
    if SELF_DELETE:
NameError: name 'SELF_DELETE' is not defined
[03/15/2026 01:46:49 AM:pyrogram.dispatcher:253:ERROR] name 'SELF_DELETE' is not defined
Traceback (most recent call last):
  File "/usr/local/lib/python3.10/dist-packages/pyrogram/dispatcher.py", line 240, in handler_worker
    await handler.callback(self.client, *args)
  File "/root/ANIMETOON/plugins/pm_filter.py", line 57, in give_filter
    await auto_filter(client, message)
  File "/root/ANIMETOON/plugins/pm_filter.py", line 759, in auto_filter
    if SELF_DELETE:
NameError: name 'SELF_DELETE' is not defined
[03/15/2026 02:14:08 AM:pyrogram.dispatcher:253:ERROR] name 'SELF_DELETE' is not defined
Traceback (most recent call last):
  File "/usr/local/lib/python3.10/dist-packages/pyrogram/dispatcher.py", line 240, in handler_worker
    await handler.callback(self.client, *args)
  File "/root/ANIMETOON/plugins/pm_filter.py", line 57, in give_filter
    await auto_filter(client, message)
  File "/root/ANIMETOON/plugins/pm_filter.py", line 759, in auto_filter
    if SELF_DELETE:
NameError: name 'SELF_DELETE' is not defined
[03/15/2026 02:30:41 AM:pyrogram.dispatcher:253:ERROR] name 'SELF_DELETE' is not defined
Traceback (most recent call last):
  File "/usr/local/lib/python3.10/dist-packages/pyrogram/dispatcher.py", line 240, in handler_worker
    await handler.callback(self.client, *args)
  File "/root/ANIMETOON/plugins/pm_filter.py", line 57, in give_filter
    await auto_filter(client, message)
  File "/root/ANIMETOON/plugins/pm_filter.py", line 759, in auto_filter
    if SELF_DELETE:
NameError: name 'SELF_DELETE' is not defined
[03/15/2026 02:36:52 AM:pyrogram.dispatcher:253:ERROR] name 'SELF_DELETE' is not defined
Traceback (most recent call last):
  File "/usr/local/lib/python3.10/dist-packages/pyrogram/dispatcher.py", line 240, in handler_worker
    await handler.callback(self.client, *args)
  File "/root/ANIMETOON/plugins/pm_filter.py", line 57, in give_filter
    await auto_filter(client, message)
  File "/root/ANIMETOON/plugins/pm_filter.py", line 759, in auto_filter
    if SELF_DELETE:
NameError: name 'SELF_DELETE' is not defined
[03/15/2026 03:02:40 AM:pyrogram.dispatcher:253:ERROR] name 'SELF_DELETE' is not defined
Traceback (most recent call last):
  File "/usr/local/lib/python3.10/dist-packages/pyrogram/dispatcher.py", line 240, in handler_worker
    await handler.callback(self.client, *args)
  File "/root/ANIMETOON/plugins/pm_filter.py", line 57, in give_filter
    await auto_filter(client, message)
  File "/root/ANIMETOON/plugins/pm_filter.py", line 759, in auto_filter
    if SELF_DELETE:
NameError: name 'SELF_DELETE' is not defined
[03/15/2026 03:36:26 AM:pyrogram.dispatcher:253:ERROR] name 'SELF_DELETE' is not defined
Traceback (most recent call last):
  File "/usr/local/lib/python3.10/dist-packages/pyrogram/dispatcher.py", line 240, in handler_worker
    await handler.callback(self.client, *args)
  File "/root/ANIMETOON/plugins/pm_filter.py", line 57, in give_filter
    await auto_filter(client, message)
  File "/root/ANIMETOON/plugins/pm_filter.py", line 759, in auto_filter
    if SELF_DELETE:
NameError: name 'SELF_DELETE' is not defined
[03/15/2026 04:03:04 AM:pyrogram.dispatcher:253:ERROR] name 'SELF_DELETE' is not defined
Traceback (most recent call last):
  File "/usr/local/lib/python3.10/dist-packages/pyrogram/dispatcher.py", line 240, in handler_worker
    await handler.callback(self.client, *args)
  File "/root/ANIMETOON/plugins/pm_filter.py", line 57, in give_filter
    await auto_filter(client, message)
  File "/root/ANIMETOON/plugins/pm_filter.py", line 759, in auto_filter
    if SELF_DELETE:
NameError: name 'SELF_DELETE' is not defined
[03/15/2026 04:05:01 AM:pyrogram.dispatcher:253:ERROR] name 'SELF_DELETE' is not defined
Traceback (most recent call last):
  File "/usr/local/lib/python3.10/dist-packages/pyrogram/dispatcher.py", line 240, in handler_worker
    await handler.callback(self.client, *args)
  File "/root/ANIMETOON/plugins/pm_filter.py", line 57, in give_filter
    await auto_filter(client, message)
  File "/root/ANIMETOON/plugins/pm_filter.py", line 759, in auto_filter
    if SELF_DELETE:
NameError: name 'SELF_DELETE' is not defined
[03/15/2026 04:05:51 AM:pyrogram.dispatcher:253:ERROR] name 'SELF_DELETE' is not defined
Traceback (most recent call last):
  File "/usr/local/lib/python3.10/dist-packages/pyrogram/dispatcher.py", line 240, in handler_worker
    await handler.callback(self.client, *args)
  File "/root/ANIMETOON/plugins/pm_filter.py", line 57, in give_filter
    await auto_filter(client, message)
  File "/root/ANIMETOON/plugins/pm_filter.py", line 759, in auto_filter
    if SELF_DELETE:
NameError: name 'SELF_DELETE' is not defined
[03/15/2026 04:10:48 AM:pyrogram.dispatcher:253:ERROR] name 'SELF_DELETE' is not defined
Traceback (most recent call last):
  File "/usr/local/lib/python3.10/dist-packages/pyrogram/dispatcher.py", line 240, in handler_worker
    await handler.callback(self.client, *args)
  File "/root/ANIMETOON/plugins/pm_filter.py", line 57, in give_filter
    await auto_filter(client, message)
  File "/root/ANIMETOON/plugins/pm_filter.py", line 759, in auto_filter
    if SELF_DELETE:
NameError: name 'SELF_DELETE' is not defined
[03/15/2026 04:10:52 AM:pyrogram.dispatcher:253:ERROR] name 'SELF_DELETE' is not defined
Traceback (most recent call last):
  File "/usr/local/lib/python3.10/dist-packages/pyrogram/dispatcher.py", line 240, in handler_worker
    await handler.callback(self.client, *args)
  File "/root/ANIMETOON/plugins/pm_filter.py", line 57, in give_filter
    await auto_filter(client, message)
  File "/root/ANIMETOON/plugins/pm_filter.py", line 759, in auto_filter
    if SELF_DELETE:
NameError: name 'SELF_DELETE' is not defined
[03/15/2026 04:21:11 AM:pyrogram.dispatcher:253:ERROR] name 'SELF_DELETE' is not defined
Traceback (most recent call last):
  File "/usr/local/lib/python3.10/dist-packages/pyrogram/dispatcher.py", line 240, in handler_worker
    await handler.callback(self.client, *args)
  File "/root/ANIMETOON/plugins/pm_filter.py", line 57, in give_filter
    await auto_filter(client, message)
  File "/root/ANIMETOON/plugins/pm_filter.py", line 759, in auto_filter
    if SELF_DELETE:
NameError: name 'SELF_DELETE' is not defined
[03/15/2026 04:26:24 AM:pyrogram.dispatcher:253:ERROR] name 'SELF_DELETE' is not defined
Traceback (most recent call last):
  File "/usr/local/lib/python3.10/dist-packages/pyrogram/dispatcher.py", line 240, in handler_worker
    await handler.callback(self.client, *args)
  File "/root/ANIMETOON/plugins/pm_filter.py", line 57, in give_filter
    await auto_filter(client, message)
  File "/root/ANIMETOON/plugins/pm_filter.py", line 759, in auto_filter
    if SELF_DELETE:
NameError: name 'SELF_DELETE' is not defined
[03/15/2026 04:27:14 AM:pyrogram.dispatcher:253:ERROR] name 'SELF_DELETE' is not defined
Traceback (most recent call last):
  File "/usr/local/lib/python3.10/dist-packages/pyrogram/dispatcher.py", line 240, in handler_worker
    await handler.callback(self.client, *args)
  File "/root/ANIMETOON/plugins/pm_filter.py", line 57, in give_filter
    await auto_filter(client, message)
  File "/root/ANIMETOON/plugins/pm_filter.py", line 759, in auto_filter
    if SELF_DELETE:
NameError: name 'SELF_DELETE' is not defined
[03/15/2026 04:29:14 AM:pyrogram.dispatcher:253:ERROR] Telegram says: [500 RANDOM_ID_DUPLICATE] - You provided a random ID that was already used (caused by "messages.SendMessage")
Traceback (most recent call last):
  File "/usr/local/lib/python3.10/dist-packages/pyrogram/dispatcher.py", line 240, in handler_worker
    await handler.callback(self.client, *args)
  File "/root/ANIMETOON/plugins/pm_filter.py", line 57, in give_filter
    await auto_filter(client, message)
  File "/root/ANIMETOON/plugins/pm_filter.py", line 650, in auto_filter
    return await advantage_spell_chok(msg)
  File "/root/ANIMETOON/plugins/pm_filter.py", line 772, in advantage_spell_chok
    k = await msg.reply("I couldn't find any movie in that name.")
  File "/usr/local/lib/python3.10/dist-packages/pyrogram/types/messages_and_media/message.py", line 970, in reply_text
    return await self._client.send_message(
  File "/usr/local/lib/python3.10/dist-packages/pyrogram/methods/messages/send_message.py", line 126, in send_message
    r = await self.invoke(
  File "/usr/local/lib/python3.10/dist-packages/pyrogram/methods/advanced/invoke.py", line 79, in invoke
    r = await self.session.invoke(
  File "/usr/local/lib/python3.10/dist-packages/pyrogram/session/session.py", line 412, in invoke
    return await self.invoke(query, retries - 1, timeout)
  File "/usr/local/lib/python3.10/dist-packages/pyrogram/session/session.py", line 412, in invoke
    return await self.invoke(query, retries - 1, timeout)
  File "/usr/local/lib/python3.10/dist-packages/pyrogram/session/session.py", line 412, in invoke
    return await self.invoke(query, retries - 1, timeout)
  [Previous line repeated 7 more times]
  File "/usr/local/lib/python3.10/dist-packages/pyrogram/session/session.py", line 402, in invoke
    raise e from None
  File "/usr/local/lib/python3.10/dist-packages/pyrogram/session/session.py", line 389, in invoke
    return await self.send(query, timeout=timeout)
  File "/usr/local/lib/python3.10/dist-packages/pyrogram/session/session.py", line 357, in send
    RPCError.raise_it(result, type(data))
  File "/usr/local/lib/python3.10/dist-packages/pyrogram/errors/rpc_error.py", line 91, in raise_it
    raise getattr(
pyrogram.errors.exceptions.internal_server_error_500.RandomIdDuplicate: Telegram says: [500 RANDOM_ID_DUPLICATE] - You provided a random ID that was already used (caused by "messages.SendMessage")
[03/15/2026 04:31:20 AM:pyrogram.dispatcher:253:ERROR] name 'SELF_DELETE' is not defined
Traceback (most recent call last):
  File "/usr/local/lib/python3.10/dist-packages/pyrogram/dispatcher.py", line 240, in handler_worker
    await handler.callback(self.client, *args)
  File "/root/ANIMETOON/plugins/pm_filter.py", line 57, in give_filter
    await auto_filter(client, message)
  File "/root/ANIMETOON/plugins/pm_filter.py", line 759, in auto_filter
    if SELF_DELETE:
NameError: name 'SELF_DELETE' is not defined
[03/15/2026 04:32:35 AM:pyrogram.dispatcher:253:ERROR] name 'SELF_DELETE' is not defined
Traceback (most recent call last):
  File "/usr/local/lib/python3.10/dist-packages/pyrogram/dispatcher.py", line 240, in handler_worker
    await handler.callback(self.client, *args)
  File "/root/ANIMETOON/plugins/pm_filter.py", line 57, in give_filter
    await auto_filter(client, message)
  File "/root/ANIMETOON/plugins/pm_filter.py", line 759, in auto_filter
    if SELF_DELETE:
NameError: name 'SELF_DELETE' is not defined
[03/15/2026 04:32:39 AM:pyrogram.dispatcher:253:ERROR] name 'SELF_DELETE' is not defined
Traceback (most recent call last):
  File "/usr/local/lib/python3.10/dist-packages/pyrogram/dispatcher.py", line 240, in handler_worker
    await handler.callback(self.client, *args)
  File "/root/ANIMETOON/plugins/pm_filter.py", line 57, in give_filter
    await auto_filter(client, message)
  File "/root/ANIMETOON/plugins/pm_filter.py", line 759, in auto_filter
    if SELF_DELETE:
NameError: name 'SELF_DELETE' is not defined
[03/15/2026 04:32:46 AM:pyrogram.dispatcher:253:ERROR] name 'SELF_DELETE' is not defined
Traceback (most recent call last):
  File "/usr/local/lib/python3.10/dist-packages/pyrogram/dispatcher.py", line 240, in handler_worker
    await handler.callback(self.client, *args)
  File "/root/ANIMETOON/plugins/pm_filter.py", line 57, in give_filter
    await auto_filter(client, message)
  File "/root/ANIMETOON/plugins/pm_filter.py", line 759, in auto_filter
    if SELF_DELETE:
NameError: name 'SELF_DELETE' is not defined
[03/15/2026 04:45:46 AM:pyrogram.dispatcher:253:ERROR] name 'SELF_DELETE' is not defined
Traceback (most recent call last):
  File "/usr/local/lib/python3.10/dist-packages/pyrogram/dispatcher.py", line 240, in handler_worker
    await handler.callback(self.client, *args)
  File "/root/ANIMETOON/plugins/pm_filter.py", line 57, in give_filter
    await auto_filter(client, message)
  File "/root/ANIMETOON/plugins/pm_filter.py", line 759, in auto_filter
    if SELF_DELETE:
NameError: name 'SELF_DELETE' is not defined
[03/15/2026 04:54:21 AM:pyrogram.dispatcher:253:ERROR] name 'SELF_DELETE' is not defined
Traceback (most recent call last):
  File "/usr/local/lib/python3.10/dist-packages/pyrogram/dispatcher.py", line 240, in handler_worker
    await handler.callback(self.client, *args)
  File "/root/ANIMETOON/plugins/pm_filter.py", line 57, in give_filter
    await auto_filter(client, message)
  File "/root/ANIMETOON/plugins/pm_filter.py", line 759, in auto_filter
    if SELF_DELETE:
NameError: name 'SELF_DELETE' is not defined
[03/15/2026 04:58:16 AM:pyrogram.dispatcher:253:ERROR] name 'SELF_DELETE' is not defined
Traceback (most recent call last):
  File "/usr/local/lib/python3.10/dist-packages/pyrogram/dispatcher.py", line 240, in handler_worker
    await handler.callback(self.client, *args)
  File "/root/ANIMETOON/plugins/pm_filter.py", line 57, in give_filter
    await auto_filter(client, message)
  File "/root/ANIMETOON/plugins/pm_filter.py", line 759, in auto_filter
    if SELF_DELETE:
NameError: name 'SELF_DELETE' is not defined
[03/15/2026 04:58:19 AM:pyrogram.dispatcher:253:ERROR] name 'SELF_DELETE' is not defined
Traceback (most recent call last):
  File "/usr/local/lib/python3.10/dist-packages/pyrogram/dispatcher.py", line 240, in handler_worker
    await handler.callback(self.client, *args)
  File "/root/ANIMETOON/plugins/pm_filter.py", line 57, in give_filter
    await auto_filter(client, message)
  File "/root/ANIMETOON/plugins/pm_filter.py", line 759, in auto_filter
    if SELF_DELETE:
NameError: name 'SELF_DELETE' is not defined
[03/15/2026 04:58:25 AM:pyrogram.dispatcher:253:ERROR] name 'SELF_DELETE' is not defined
Traceback (most recent call last):
  File "/usr/local/lib/python3.10/dist-packages/pyrogram/dispatcher.py", line 240, in handler_worker
    await handler.callback(self.client, *args)
  File "/root/ANIMETOON/plugins/pm_filter.py", line 57, in give_filter
    await auto_filter(client, message)
  File "/root/ANIMETOON/plugins/pm_filter.py", line 759, in auto_filter
    if SELF_DELETE:
NameError: name 'SELF_DELETE' is not defined
[03/15/2026 05:05:02 AM:pyrogram.dispatcher:253:ERROR] name 'SELF_DELETE' is not defined
Traceback (most recent call last):
  File "/usr/local/lib/python3.10/dist-packages/pyrogram/dispatcher.py", line 240, in handler_worker
    await handler.callback(self.client, *args)
  File "/root/ANIMETOON/plugins/pm_filter.py", line 57, in give_filter
    await auto_filter(client, message)
  File "/root/ANIMETOON/plugins/pm_filter.py", line 759, in auto_filter
    if SELF_DELETE:
NameError: name 'SELF_DELETE' is not defined
[03/15/2026 05:05:45 AM:pyrogram.dispatcher:253:ERROR] name 'SELF_DELETE' is not defined
Traceback (most recent call last):
  File "/usr/local/lib/python3.10/dist-packages/pyrogram/dispatcher.py", line 240, in handler_worker
    await handler.callback(self.client, *args)
  File "/root/ANIMETOON/plugins/pm_filter.py", line 57, in give_filter
    await auto_filter(client, message)
  File "/root/ANIMETOON/plugins/pm_filter.py", line 759, in auto_filter
    if SELF_DELETE:
NameError: name 'SELF_DELETE' is not defined
[03/15/2026 05:22:51 AM:pyrogram.dispatcher:253:ERROR] name 'SELF_DELETE' is not defined
Traceback (most recent call last):
  File "/usr/local/lib/python3.10/dist-packages/pyrogram/dispatcher.py", line 240, in handler_worker
    await handler.callback(self.client, *args)
  File "/root/ANIMETOON/plugins/pm_filter.py", line 57, in give_filter
    await auto_filter(client, message)
  File "/root/ANIMETOON/plugins/pm_filter.py", line 759, in auto_filter
    if SELF_DELETE:
NameError: name 'SELF_DELETE' is not defined
[03/15/2026 05:25:48 AM:pyrogram.dispatcher:253:ERROR] name 'SELF_DELETE' is not defined
Traceback (most recent call last):
  File "/usr/local/lib/python3.10/dist-packages/pyrogram/dispatcher.py", line 240, in handler_worker
    await handler.callback(self.client, *args)
  File "/root/ANIMETOON/plugins/pm_filter.py", line 57, in give_filter
    await auto_filter(client, message)
  File "/root/ANIMETOON/plugins/pm_filter.py", line 759, in auto_filter
    if SELF_DELETE:
NameError: name 'SELF_DELETE' is not defined
[03/15/2026 05:25:50 AM:pyrogram.dispatcher:253:ERROR] Telegram says: [420 FLOOD_WAIT_X] - A wait of 13 seconds is required (caused by "messages.SendMessage")
Traceback (most recent call last):
  File "/usr/local/lib/python3.10/dist-packages/pyrogram/session/session.py", line 389, in invoke
    return await self.send(query, timeout=timeout)
  File "/usr/local/lib/python3.10/dist-packages/pyrogram/session/session.py", line 357, in send
    RPCError.raise_it(result, type(data))
  File "/usr/local/lib/python3.10/dist-packages/pyrogram/errors/rpc_error.py", line 91, in raise_it
    raise getattr(
pyrogram.errors.exceptions.internal_server_error_500.RandomIdDuplicate: Telegram says: [500 RANDOM_ID_DUPLICATE] - You provided a random ID that was already used (caused by "messages.SendMessage")

During handling of the above exception, another exception occurred:

Traceback (most recent call last):
  File "/usr/local/lib/python3.10/dist-packages/pyrogram/session/session.py", line 389, in invoke
    return await self.send(query, timeout=timeout)
  File "/usr/local/lib/python3.10/dist-packages/pyrogram/session/session.py", line 357, in send
    RPCError.raise_it(result, type(data))
  File "/usr/local/lib/python3.10/dist-packages/pyrogram/errors/rpc_error.py", line 91, in raise_it
    raise getattr(
pyrogram.errors.exceptions.internal_server_error_500.RandomIdDuplicate: Telegram says: [500 RANDOM_ID_DUPLICATE] - You provided a random ID that was already used (caused by "messages.SendMessage")

During handling of the above exception, another exception occurred:

Traceback (most recent call last):
  File "/usr/local/lib/python3.10/dist-packages/pyrogram/session/session.py", line 389, in invoke
    return await self.send(query, timeout=timeout)
  File "/usr/local/lib/python3.10/dist-packages/pyrogram/session/session.py", line 357, in send
    RPCError.raise_it(result, type(data))
  File "/usr/local/lib/python3.10/dist-packages/pyrogram/errors/rpc_error.py", line 91, in raise_it
    raise getattr(
pyrogram.errors.exceptions.internal_server_error_500.RandomIdDuplicate: Telegram says: [500 RANDOM_ID_DUPLICATE] - You provided a random ID that was already used (caused by "messages.SendMessage")

During handling of the above exception, another exception occurred:

Traceback (most recent call last):
  File "/usr/local/lib/python3.10/dist-packages/pyrogram/dispatcher.py", line 240, in handler_worker
    await handler.callback(self.client, *args)
  File "/root/ANIMETOON/plugins/pm_filter.py", line 57, in give_filter
    await auto_filter(client, message)
  File "/root/ANIMETOON/plugins/pm_filter.py", line 650, in auto_filter
    return await advantage_spell_chok(msg)
  File "/root/ANIMETOON/plugins/pm_filter.py", line 772, in advantage_spell_chok
    k = await msg.reply("I couldn't find any movie in that name.")
  File "/usr/local/lib/python3.10/dist-packages/pyrogram/types/messages_and_media/message.py", line 970, in reply_text
    return await self._client.send_message(
  File "/usr/local/lib/python3.10/dist-packages/pyrogram/methods/messages/send_message.py", line 126, in send_message
    r = await self.invoke(
  File "/usr/local/lib/python3.10/dist-packages/pyrogram/methods/advanced/invoke.py", line 79, in invoke
    r = await self.session.invoke(
  File "/usr/local/lib/python3.10/dist-packages/pyrogram/session/session.py", line 412, in invoke
    return await self.invoke(query, retries - 1, timeout)
  File "/usr/local/lib/python3.10/dist-packages/pyrogram/session/session.py", line 412, in invoke
    return await self.invoke(query, retries - 1, timeout)
  File "/usr/local/lib/python3.10/dist-packages/pyrogram/session/session.py", line 412, in invoke
    return await self.invoke(query, retries - 1, timeout)
  File "/usr/local/lib/python3.10/dist-packages/pyrogram/session/session.py", line 389, in invoke
    return await self.send(query, timeout=timeout)
  File "/usr/local/lib/python3.10/dist-packages/pyrogram/session/session.py", line 357, in send
    RPCError.raise_it(result, type(data))
  File "/usr/local/lib/python3.10/dist-packages/pyrogram/errors/rpc_error.py", line 91, in raise_it
    raise getattr(
pyrogram.errors.exceptions.flood_420.FloodWait: Telegram says: [420 FLOOD_WAIT_X] - A wait of 13 seconds is required (caused by "messages.SendMessage")
[03/15/2026 05:26:42 AM:pyrogram.dispatcher:253:ERROR] name 'SELF_DELETE' is not defined
Traceback (most recent call last):
  File "/usr/local/lib/python3.10/dist-packages/pyrogram/dispatcher.py", line 240, in handler_worker
    await handler.callback(self.client, *args)
  File "/root/ANIMETOON/plugins/pm_filter.py", line 57, in give_filter
    await auto_filter(client, message)
  File "/root/ANIMETOON/plugins/pm_filter.py", line 759, in auto_filter
    if SELF_DELETE:
NameError: name 'SELF_DELETE' is not defined
[03/15/2026 05:26:45 AM:pyrogram.dispatcher:253:ERROR] name 'SELF_DELETE' is not defined
Traceback (most recent call last):
  File "/usr/local/lib/python3.10/dist-packages/pyrogram/dispatcher.py", line 240, in handler_worker
    await handler.callback(self.client, *args)
  File "/root/ANIMETOON/plugins/pm_filter.py", line 57, in give_filter
    await auto_filter(client, message)
  File "/root/ANIMETOON/plugins/pm_filter.py", line 759, in auto_filter
    if SELF_DELETE:
NameError: name 'SELF_DELETE' is not defined
[03/15/2026 05:26:48 AM:pyrogram.dispatcher:253:ERROR] name 'SELF_DELETE' is not defined
Traceback (most recent call last):
  File "/usr/local/lib/python3.10/dist-packages/pyrogram/dispatcher.py", line 240, in handler_worker
    await handler.callback(self.client, *args)
  File "/root/ANIMETOON/plugins/pm_filter.py", line 57, in give_filter
    await auto_filter(client, message)
  File "/root/ANIMETOON/plugins/pm_filter.py", line 759, in auto_filter
    if SELF_DELETE:
NameError: name 'SELF_DELETE' is not defined
[03/15/2026 05:27:09 AM:pyrogram.dispatcher:253:ERROR] name 'SELF_DELETE' is not defined
Traceback (most recent call last):
  File "/usr/local/lib/python3.10/dist-packages/pyrogram/dispatcher.py", line 240, in handler_worker
    await handler.callback(self.client, *args)
  File "/root/ANIMETOON/plugins/pm_filter.py", line 57, in give_filter
    await auto_filter(client, message)
  File "/root/ANIMETOON/plugins/pm_filter.py", line 759, in auto_filter
    if SELF_DELETE:
NameError: name 'SELF_DELETE' is not defined
[03/15/2026 05:27:14 AM:pyrogram.dispatcher:253:ERROR] name 'SELF_DELETE' is not defined
Traceback (most recent call last):
  File "/usr/local/lib/python3.10/dist-packages/pyrogram/dispatcher.py", line 240, in handler_worker
    await handler.callback(self.client, *args)
  File "/root/ANIMETOON/plugins/pm_filter.py", line 57, in give_filter
    await auto_filter(client, message)
  File "/root/ANIMETOON/plugins/pm_filter.py", line 759, in auto_filter
    if SELF_DELETE:
NameError: name 'SELF_DELETE' is not defined
[03/15/2026 05:27:18 AM:pyrogram.dispatcher:253:ERROR] name 'SELF_DELETE' is not defined
Traceback (most recent call last):
  File "/usr/local/lib/python3.10/dist-packages/pyrogram/dispatcher.py", line 240, in handler_worker
    await handler.callback(self.client, *args)
  File "/root/ANIMETOON/plugins/pm_filter.py", line 57, in give_filter
    await auto_filter(client, message)
  File "/root/ANIMETOON/plugins/pm_filter.py", line 759, in auto_filter
    if SELF_DELETE:
NameError: name 'SELF_DELETE' is not defined
[03/15/2026 05:27:42 AM:pyrogram.dispatcher:253:ERROR] name 'SELF_DELETE' is not defined
Traceback (most recent call last):
  File "/usr/local/lib/python3.10/dist-packages/pyrogram/dispatcher.py", line 240, in handler_worker
    await handler.callback(self.client, *args)
  File "/root/ANIMETOON/plugins/pm_filter.py", line 57, in give_filter
    await auto_filter(client, message)
  File "/root/ANIMETOON/plugins/pm_filter.py", line 759, in auto_filter
    if SELF_DELETE:
NameError: name 'SELF_DELETE' is not defined
[03/15/2026 05:27:46 AM:pyrogram.dispatcher:253:ERROR] name 'SELF_DELETE' is not defined
Traceback (most recent call last):
  File "/usr/local/lib/python3.10/dist-packages/pyrogram/dispatcher.py", line 240, in handler_worker
    await handler.callback(self.client, *args)
  File "/root/ANIMETOON/plugins/pm_filter.py", line 57, in give_filter
    await auto_filter(client, message)
  File "/root/ANIMETOON/plugins/pm_filter.py", line 759, in auto_filter
    if SELF_DELETE:
NameError: name 'SELF_DELETE' is not defined
[03/15/2026 05:36:53 AM:pyrogram.dispatcher:253:ERROR] name 'SELF_DELETE' is not defined
Traceback (most recent call last):
  File "/usr/local/lib/python3.10/dist-packages/pyrogram/dispatcher.py", line 240, in handler_worker
    await handler.callback(self.client, *args)
  File "/root/ANIMETOON/plugins/pm_filter.py", line 57, in give_filter
    await auto_filter(client, message)
  File "/root/ANIMETOON/plugins/pm_filter.py", line 759, in auto_filter
    if SELF_DELETE:
NameError: name 'SELF_DELETE' is not defined
[03/15/2026 05:49:17 AM:pyrogram.dispatcher:253:ERROR] name 'SELF_DELETE' is not defined
Traceback (most recent call last):
  File "/usr/local/lib/python3.10/dist-packages/pyrogram/dispatcher.py", line 240, in handler_worker
    await handler.callback(self.client, *args)
  File "/root/ANIMETOON/plugins/pm_filter.py", line 57, in give_filter
    await auto_filter(client, message)
  File "/root/ANIMETOON/plugins/pm_filter.py", line 759, in auto_filter
    if SELF_DELETE:
NameError: name 'SELF_DELETE' is not defined
[03/15/2026 05:59:50 AM:pyrogram.dispatcher:253:ERROR] name 'SELF_DELETE' is not defined
Traceback (most recent call last):
  File "/usr/local/lib/python3.10/dist-packages/pyrogram/dispatcher.py", line 240, in handler_worker
    await handler.callback(self.client, *args)
  File "/root/ANIMETOON/plugins/pm_filter.py", line 57, in give_filter
    await auto_filter(client, message)
  File "/root/ANIMETOON/plugins/pm_filter.py", line 759, in auto_filter
    if SELF_DELETE:
NameError: name 'SELF_DELETE' is not defined
[03/15/2026 06:06:08 AM:pyrogram.dispatcher:253:ERROR] name 'SELF_DELETE' is not defined
Traceback (most recent call last):
  File "/usr/local/lib/python3.10/dist-packages/pyrogram/dispatcher.py", line 240, in handler_worker
    await handler.callback(self.client, *args)
  File "/root/ANIMETOON/plugins/pm_filter.py", line 57, in give_filter
    await auto_filter(client, message)
  File "/root/ANIMETOON/plugins/pm_filter.py", line 759, in auto_filter
    if SELF_DELETE:
NameError: name 'SELF_DELETE' is not defined
[03/15/2026 06:07:58 AM:pyrogram.dispatcher:253:ERROR] name 'SELF_DELETE' is not defined
Traceback (most recent call last):
  File "/usr/local/lib/python3.10/dist-packages/pyrogram/dispatcher.py", line 240, in handler_worker
    await handler.callback(self.client, *args)
  File "/root/ANIMETOON/plugins/pm_filter.py", line 57, in give_filter
    await auto_filter(client, message)
  File "/root/ANIMETOON/plugins/pm_filter.py", line 759, in auto_filter
    if SELF_DELETE:
NameError: name 'SELF_DELETE' is not defined
[03/15/2026 06:08:26 AM:pyrogram.dispatcher:253:ERROR] name 'SELF_DELETE' is not defined
Traceback (most recent call last):
  File "/usr/local/lib/python3.10/dist-packages/pyrogram/dispatcher.py", line 240, in handler_worker
    await handler.callback(self.client, *args)
  File "/root/ANIMETOON/plugins/pm_filter.py", line 57, in give_filter
    await auto_filter(client, message)
  File "/root/ANIMETOON/plugins/pm_filter.py", line 759, in auto_filter
    if SELF_DELETE:
NameError: name 'SELF_DELETE' is not defined
[03/15/2026 06:08:31 AM:pyrogram.dispatcher:253:ERROR] name 'SELF_DELETE' is not defined
Traceback (most recent call last):
  File "/usr/local/lib/python3.10/dist-packages/pyrogram/dispatcher.py", line 240, in handler_worker
    await handler.callback(self.client, *args)
  File "/root/ANIMETOON/plugins/pm_filter.py", line 57, in give_filter
    await auto_filter(client, message)
  File "/root/ANIMETOON/plugins/pm_filter.py", line 759, in auto_filter
    if SELF_DELETE:
NameError: name 'SELF_DELETE' is not defined
[03/15/2026 06:08:41 AM:pyrogram.dispatcher:253:ERROR] name 'SELF_DELETE' is not defined
Traceback (most recent call last):
  File "/usr/local/lib/python3.10/dist-packages/pyrogram/dispatcher.py", line 240, in handler_worker
    await handler.callback(self.client, *args)
  File "/root/ANIMETOON/plugins/pm_filter.py", line 57, in give_filter
    await auto_filter(client, message)
  File "/root/ANIMETOON/plugins/pm_filter.py", line 759, in auto_filter
    if SELF_DELETE:
NameError: name 'SELF_DELETE' is not defined
[03/15/2026 06:09:02 AM:pyrogram.dispatcher:253:ERROR] name 'SELF_DELETE' is not defined
Traceback (most recent call last):
  File "/usr/local/lib/python3.10/dist-packages/pyrogram/dispatcher.py", line 240, in handler_worker
    await handler.callback(self.client, *args)
  File "/root/ANIMETOON/plugins/pm_filter.py", line 57, in give_filter
    await auto_filter(client, message)
  File "/root/ANIMETOON/plugins/pm_filter.py", line 759, in auto_filter
    if SELF_DELETE:
NameError: name 'SELF_DELETE' is not defined
[03/15/2026 06:09:13 AM:pyrogram.dispatcher:253:ERROR] name 'SELF_DELETE' is not defined
Traceback (most recent call last):
  File "/usr/local/lib/python3.10/dist-packages/pyrogram/dispatcher.py", line 240, in handler_worker
    await handler.callback(self.client, *args)
  File "/root/ANIMETOON/plugins/pm_filter.py", line 57, in give_filter
    await auto_filter(client, message)
  File "/root/ANIMETOON/plugins/pm_filter.py", line 759, in auto_filter
    if SELF_DELETE:
NameError: name 'SELF_DELETE' is not defined
[03/15/2026 06:09:25 AM:pyrogram.dispatcher:253:ERROR] name 'SELF_DELETE' is not defined
Traceback (most recent call last):
  File "/usr/local/lib/python3.10/dist-packages/pyrogram/dispatcher.py", line 240, in handler_worker
    await handler.callback(self.client, *args)
  File "/root/ANIMETOON/plugins/pm_filter.py", line 57, in give_filter
    await auto_filter(client, message)
  File "/root/ANIMETOON/plugins/pm_filter.py", line 759, in auto_filter
    if SELF_DELETE:
NameError: name 'SELF_DELETE' is not defined
[03/15/2026 06:10:05 AM:pyrogram.dispatcher:253:ERROR] name 'SELF_DELETE' is not defined
Traceback (most recent call last):
  File "/usr/local/lib/python3.10/dist-packages/pyrogram/dispatcher.py", line 240, in handler_worker
    await handler.callback(self.client, *args)
  File "/root/ANIMETOON/plugins/pm_filter.py", line 57, in give_filter
    await auto_filter(client, message)
  File "/root/ANIMETOON/plugins/pm_filter.py", line 759, in auto_filter
    if SELF_DELETE:
NameError: name 'SELF_DELETE' is not defined
[03/15/2026 06:10:08 AM:pyrogram.dispatcher:253:ERROR] name 'SELF_DELETE' is not defined
Traceback (most recent call last):
  File "/usr/local/lib/python3.10/dist-packages/pyrogram/dispatcher.py", line 240, in handler_worker
    await handler.callback(self.client, *args)
  File "/root/ANIMETOON/plugins/pm_filter.py", line 57, in give_filter
    await auto_filter(client, message)
  File "/root/ANIMETOON/plugins/pm_filter.py", line 759, in auto_filter
    if SELF_DELETE:
NameError: name 'SELF_DELETE' is not defined
[03/15/2026 06:10:17 AM:pyrogram.dispatcher:253:ERROR] name 'SELF_DELETE' is not defined
Traceback (most recent call last):
  File "/usr/local/lib/python3.10/dist-packages/pyrogram/dispatcher.py", line 240, in handler_worker
    await handler.callback(self.client, *args)
  File "/root/ANIMETOON/plugins/pm_filter.py", line 57, in give_filter
    await auto_filter(client, message)
  File "/root/ANIMETOON/plugins/pm_filter.py", line 759, in auto_filter
    if SELF_DELETE:
NameError: name 'SELF_DELETE' is not defined
[03/15/2026 06:10:21 AM:pyrogram.dispatcher:253:ERROR] name 'SELF_DELETE' is not defined
Traceback (most recent call last):
  File "/usr/local/lib/python3.10/dist-packages/pyrogram/dispatcher.py", line 240, in handler_worker
    await handler.callback(self.client, *args)
  File "/root/ANIMETOON/plugins/pm_filter.py", line 57, in give_filter
    await auto_filter(client, message)
  File "/root/ANIMETOON/plugins/pm_filter.py", line 759, in auto_filter
    if SELF_DELETE:
NameError: name 'SELF_DELETE' is not defined
[03/15/2026 06:10:35 AM:pyrogram.dispatcher:253:ERROR] name 'SELF_DELETE' is not defined
Traceback (most recent call last):
  File "/usr/local/lib/python3.10/dist-packages/pyrogram/dispatcher.py", line 240, in handler_worker
    await handler.callback(self.client, *args)
  File "/root/ANIMETOON/plugins/pm_filter.py", line 57, in give_filter
    await auto_filter(client, message)
  File "/root/ANIMETOON/plugins/pm_filter.py", line 759, in auto_filter
    if SELF_DELETE:
NameError: name 'SELF_DELETE' is not defined
[03/15/2026 06:10:39 AM:pyrogram.dispatcher:253:ERROR] name 'SELF_DELETE' is not defined
Traceback (most recent call last):
  File "/usr/local/lib/python3.10/dist-packages/pyrogram/dispatcher.py", line 240, in handler_worker
    await handler.callback(self.client, *args)
  File "/root/ANIMETOON/plugins/pm_filter.py", line 57, in give_filter
    await auto_filter(client, message)
  File "/root/ANIMETOON/plugins/pm_filter.py", line 759, in auto_filter
    if SELF_DELETE:
NameError: name 'SELF_DELETE' is not defined
[03/15/2026 06:14:22 AM:pyrogram.dispatcher:253:ERROR] name 'SELF_DELETE' is not defined
Traceback (most recent call last):
  File "/usr/local/lib/python3.10/dist-packages/pyrogram/dispatcher.py", line 240, in handler_worker
    await handler.callback(self.client, *args)
  File "/root/ANIMETOON/plugins/pm_filter.py", line 57, in give_filter
    await auto_filter(client, message)
  File "/root/ANIMETOON/plugins/pm_filter.py", line 759, in auto_filter
    if SELF_DELETE:
NameError: name 'SELF_DELETE' is not defined
[03/15/2026 06:19:32 AM:pyrogram.dispatcher:253:ERROR] name 'SELF_DELETE' is not defined
Traceback (most recent call last):
  File "/usr/local/lib/python3.10/dist-packages/pyrogram/dispatcher.py", line 240, in handler_worker
    await handler.callback(self.client, *args)
  File "/root/ANIMETOON/plugins/pm_filter.py", line 57, in give_filter
    await auto_filter(client, message)
  File "/root/ANIMETOON/plugins/pm_filter.py", line 759, in auto_filter
    if SELF_DELETE:
NameError: name 'SELF_DELETE' is not defined
[03/15/2026 06:25:09 AM:pyrogram.dispatcher:253:ERROR] name 'SELF_DELETE' is not defined
Traceback (most recent call last):
  File "/usr/local/lib/python3.10/dist-packages/pyrogram/dispatcher.py", line 240, in handler_worker
    await handler.callback(self.client, *args)
  File "/root/ANIMETOON/plugins/pm_filter.py", line 57, in give_filter
    await auto_filter(client, message)
  File "/root/ANIMETOON/plugins/pm_filter.py", line 759, in auto_filter
    if SELF_DELETE:
NameError: name 'SELF_DELETE' is not defined
[03/15/2026 06:25:19 AM:pyrogram.dispatcher:253:ERROR] name 'SELF_DELETE' is not defined
Traceback (most recent call last):
  File "/usr/local/lib/python3.10/dist-packages/pyrogram/dispatcher.py", line 240, in handler_worker
    await handler.callback(self.client, *args)
  File "/root/ANIMETOON/plugins/pm_filter.py", line 57, in give_filter
    await auto_filter(client, message)
  File "/root/ANIMETOON/plugins/pm_filter.py", line 759, in auto_filter
    if SELF_DELETE:
NameError: name 'SELF_DELETE' is not defined
[03/15/2026 06:27:49 AM:pyrogram.dispatcher:253:ERROR] name 'SELF_DELETE' is not defined
Traceback (most recent call last):
  File "/usr/local/lib/python3.10/dist-packages/pyrogram/dispatcher.py", line 240, in handler_worker
    await handler.callback(self.client, *args)
  File "/root/ANIMETOON/plugins/pm_filter.py", line 57, in give_filter
    await auto_filter(client, message)
  File "/root/ANIMETOON/plugins/pm_filter.py", line 759, in auto_filter
    if SELF_DELETE:
NameError: name 'SELF_DELETE' is not defined
[03/15/2026 06:28:35 AM:pyrogram.dispatcher:253:ERROR] name 'SELF_DELETE' is not defined
Traceback (most recent call last):
  File "/usr/local/lib/python3.10/dist-packages/pyrogram/dispatcher.py", line 240, in handler_worker
    await handler.callback(self.client, *args)
  File "/root/ANIMETOON/plugins/pm_filter.py", line 57, in give_filter
    await auto_filter(client, message)
  File "/root/ANIMETOON/plugins/pm_filter.py", line 759, in auto_filter
    if SELF_DELETE:
NameError: name 'SELF_DELETE' is not defined
[03/15/2026 06:28:52 AM:pyrogram.dispatcher:253:ERROR] name 'SELF_DELETE' is not defined
Traceback (most recent call last):
  File "/usr/local/lib/python3.10/dist-packages/pyrogram/dispatcher.py", line 240, in handler_worker
    await handler.callback(self.client, *args)
  File "/root/ANIMETOON/plugins/pm_filter.py", line 57, in give_filter
    await auto_filter(client, message)
  File "/root/ANIMETOON/plugins/pm_filter.py", line 759, in auto_filter
    if SELF_DELETE:
NameError: name 'SELF_DELETE' is not defined
[03/15/2026 06:31:08 AM:pyrogram.dispatcher:253:ERROR] name 'SELF_DELETE' is not defined
Traceback (most recent call last):
  File "/usr/local/lib/python3.10/dist-packages/pyrogram/dispatcher.py", line 240, in handler_worker
    await handler.callback(self.client, *args)
  File "/root/ANIMETOON/plugins/pm_filter.py", line 57, in give_filter
    await auto_filter(client, message)
  File "/root/ANIMETOON/plugins/pm_filter.py", line 759, in auto_filter
    if SELF_DELETE:
NameError: name 'SELF_DELETE' is not defined
[03/15/2026 06:32:16 AM:pyrogram.dispatcher:253:ERROR] name 'SELF_DELETE' is not defined
Traceback (most recent call last):
  File "/usr/local/lib/python3.10/dist-packages/pyrogram/dispatcher.py", line 240, in handler_worker
    await handler.callback(self.client, *args)
  File "/root/ANIMETOON/plugins/pm_filter.py", line 57, in give_filter
    await auto_filter(client, message)
  File "/root/ANIMETOON/plugins/pm_filter.py", line 759, in auto_filter
    if SELF_DELETE:
NameError: name 'SELF_DELETE' is not defined
[03/15/2026 06:32:22 AM:pyrogram.dispatcher:253:ERROR] name 'SELF_DELETE' is not defined
Traceback (most recent call last):
  File "/usr/local/lib/python3.10/dist-packages/pyrogram/dispatcher.py", line 240, in handler_worker
    await handler.callback(self.client, *args)
  File "/root/ANIMETOON/plugins/pm_filter.py", line 57, in give_filter
    await auto_filter(client, message)
  File "/root/ANIMETOON/plugins/pm_filter.py", line 759, in auto_filter
    if SELF_DELETE:
NameError: name 'SELF_DELETE' is not defined
[03/15/2026 06:32:32 AM:pyrogram.dispatcher:253:ERROR] name 'SELF_DELETE' is not defined
Traceback (most recent call last):
  File "/usr/local/lib/python3.10/dist-packages/pyrogram/dispatcher.py", line 240, in handler_worker
    await handler.callback(self.client, *args)
  File "/root/ANIMETOON/plugins/pm_filter.py", line 57, in give_filter
    await auto_filter(client, message)
  File "/root/ANIMETOON/plugins/pm_filter.py", line 759, in auto_filter
    if SELF_DELETE:
NameError: name 'SELF_DELETE' is not defined
[03/15/2026 06:35:59 AM:pyrogram.dispatcher:253:ERROR] Telegram says: [400 MESSAGE_NOT_MODIFIED] - The message was not modified because you tried to edit it using the same content (caused by "messages.EditMessage")
Traceback (most recent call last):
  File "/usr/local/lib/python3.10/dist-packages/pyrogram/dispatcher.py", line 240, in handler_worker
    await handler.callback(self.client, *args)
  File "/root/ANIMETOON/plugins/pm_filter.py", line 577, in cb_handler
    await query.message.edit_text(
  File "/usr/local/lib/python3.10/dist-packages/pyrogram/types/messages_and_media/message.py", line 2803, in edit_text
    return await self._client.edit_message_text(
  File "/usr/local/lib/python3.10/dist-packages/pyrogram/methods/messages/edit_message_text.py", line 82, in edit_message_text
    r = await self.invoke(
  File "/usr/local/lib/python3.10/dist-packages/pyrogram/methods/advanced/invoke.py", line 79, in invoke
    r = await self.session.invoke(
  File "/usr/local/lib/python3.10/dist-packages/pyrogram/session/session.py", line 389, in invoke
    return await self.send(query, timeout=timeout)
  File "/usr/local/lib/python3.10/dist-packages/pyrogram/session/session.py", line 357, in send
    RPCError.raise_it(result, type(data))
  File "/usr/local/lib/python3.10/dist-packages/pyrogram/errors/rpc_error.py", line 91, in raise_it
    raise getattr(
pyrogram.errors.exceptions.bad_request_400.MessageNotModified: Telegram says: [400 MESSAGE_NOT_MODIFIED] - The message was not modified because you tried to edit it using the same content (caused by "messages.EditMessage")
[03/15/2026 06:36:02 AM:pyrogram.dispatcher:253:ERROR] Telegram says: [400 MESSAGE_NOT_MODIFIED] - The message was not modified because you tried to edit it using the same content (caused by "messages.EditMessage")
Traceback (most recent call last):
  File "/usr/local/lib/python3.10/dist-packages/pyrogram/dispatcher.py", line 240, in handler_worker
    await handler.callback(self.client, *args)
  File "/root/ANIMETOON/plugins/pm_filter.py", line 577, in cb_handler
    await query.message.edit_text(
  File "/usr/local/lib/python3.10/dist-packages/pyrogram/types/messages_and_media/message.py", line 2803, in edit_text
    return await self._client.edit_message_text(
  File "/usr/local/lib/python3.10/dist-packages/pyrogram/methods/messages/edit_message_text.py", line 82, in edit_message_text
    r = await self.invoke(
  File "/usr/local/lib/python3.10/dist-packages/pyrogram/methods/advanced/invoke.py", line 79, in invoke
    r = await self.session.invoke(
  File "/usr/local/lib/python3.10/dist-packages/pyrogram/session/session.py", line 389, in invoke
    return await self.send(query, timeout=timeout)
  File "/usr/local/lib/python3.10/dist-packages/pyrogram/session/session.py", line 357, in send
    RPCError.raise_it(result, type(data))
  File "/usr/local/lib/python3.10/dist-packages/pyrogram/errors/rpc_error.py", line 91, in raise_it
    raise getattr(
pyrogram.errors.exceptions.bad_request_400.MessageNotModified: Telegram says: [400 MESSAGE_NOT_MODIFIED] - The message was not modified because you tried to edit it using the same content (caused by "messages.EditMessage")
[03/15/2026 06:40:33 AM:pyrogram.dispatcher:253:ERROR] name 'SELF_DELETE' is not defined
Traceback (most recent call last):
  File "/usr/local/lib/python3.10/dist-packages/pyrogram/dispatcher.py", line 240, in handler_worker
    await handler.callback(self.client, *args)
  File "/root/ANIMETOON/plugins/pm_filter.py", line 57, in give_filter
    await auto_filter(client, message)
  File "/root/ANIMETOON/plugins/pm_filter.py", line 759, in auto_filter
    if SELF_DELETE:
NameError: name 'SELF_DELETE' is not defined
[03/15/2026 06:52:00 AM:pyrogram.dispatcher:253:ERROR] Telegram says: [500 RANDOM_ID_DUPLICATE] - You provided a random ID that was already used (caused by "messages.SendMessage")
Traceback (most recent call last):
  File "/usr/local/lib/python3.10/dist-packages/pyrogram/dispatcher.py", line 240, in handler_worker
    await handler.callback(self.client, *args)
  File "/root/ANIMETOON/plugins/pm_filter.py", line 57, in give_filter
    await auto_filter(client, message)
  File "/root/ANIMETOON/plugins/pm_filter.py", line 650, in auto_filter
    return await advantage_spell_chok(msg)
  File "/root/ANIMETOON/plugins/pm_filter.py", line 772, in advantage_spell_chok
    k = await msg.reply("I couldn't find any movie in that name.")
  File "/usr/local/lib/python3.10/dist-packages/pyrogram/types/messages_and_media/message.py", line 970, in reply_text
    return await self._client.send_message(
  File "/usr/local/lib/python3.10/dist-packages/pyrogram/methods/messages/send_message.py", line 126, in send_message
    r = await self.invoke(
  File "/usr/local/lib/python3.10/dist-packages/pyrogram/methods/advanced/invoke.py", line 79, in invoke
    r = await self.session.invoke(
  File "/usr/local/lib/python3.10/dist-packages/pyrogram/session/session.py", line 412, in invoke
    return await self.invoke(query, retries - 1, timeout)
  File "/usr/local/lib/python3.10/dist-packages/pyrogram/session/session.py", line 412, in invoke
    return await self.invoke(query, retries - 1, timeout)
  File "/usr/local/lib/python3.10/dist-packages/pyrogram/session/session.py", line 412, in invoke
    return await self.invoke(query, retries - 1, timeout)
  [Previous line repeated 7 more times]
  File "/usr/local/lib/python3.10/dist-packages/pyrogram/session/session.py", line 402, in invoke
    raise e from None
  File "/usr/local/lib/python3.10/dist-packages/pyrogram/session/session.py", line 389, in invoke
    return await self.send(query, timeout=timeout)
  File "/usr/local/lib/python3.10/dist-packages/pyrogram/session/session.py", line 357, in send
    RPCError.raise_it(result, type(data))
  File "/usr/local/lib/python3.10/dist-packages/pyrogram/errors/rpc_error.py", line 91, in raise_it
    raise getattr(
pyrogram.errors.exceptions.internal_server_error_500.RandomIdDuplicate: Telegram says: [500 RANDOM_ID_DUPLICATE] - You provided a random ID that was already used (caused by "messages.SendMessage")
[03/15/2026 06:55:49 AM:pyrogram.dispatcher:253:ERROR] name 'SELF_DELETE' is not defined
Traceback (most recent call last):
  File "/usr/local/lib/python3.10/dist-packages/pyrogram/dispatcher.py", line 240, in handler_worker
    await handler.callback(self.client, *args)
  File "/root/ANIMETOON/plugins/pm_filter.py", line 57, in give_filter
    await auto_filter(client, message)
  File "/root/ANIMETOON/plugins/pm_filter.py", line 759, in auto_filter
    if SELF_DELETE:
NameError: name 'SELF_DELETE' is not defined
[03/15/2026 07:13:42 AM:pyrogram.dispatcher:253:ERROR] name 'SELF_DELETE' is not defined
Traceback (most recent call last):
  File "/usr/local/lib/python3.10/dist-packages/pyrogram/dispatcher.py", line 240, in handler_worker
    await handler.callback(self.client, *args)
  File "/root/ANIMETOON/plugins/pm_filter.py", line 57, in give_filter
    await auto_filter(client, message)
  File "/root/ANIMETOON/plugins/pm_filter.py", line 759, in auto_filter
    if SELF_DELETE:
NameError: name 'SELF_DELETE' is not defined
[03/15/2026 07:19:05 AM:pyrogram.dispatcher:253:ERROR] name 'SELF_DELETE' is not defined
Traceback (most recent call last):
  File "/usr/local/lib/python3.10/dist-packages/pyrogram/dispatcher.py", line 240, in handler_worker
    await handler.callback(self.client, *args)
  File "/root/ANIMETOON/plugins/pm_filter.py", line 57, in give_filter
    await auto_filter(client, message)
  File "/root/ANIMETOON/plugins/pm_filter.py", line 759, in auto_filter
    if SELF_DELETE:
NameError: name 'SELF_DELETE' is not defined
[03/15/2026 07:21:12 AM:pyrogram.dispatcher:253:ERROR] name 'SELF_DELETE' is not defined
Traceback (most recent call last):
  File "/usr/local/lib/python3.10/dist-packages/pyrogram/dispatcher.py", line 240, in handler_worker
    await handler.callback(self.client, *args)
  File "/root/ANIMETOON/plugins/pm_filter.py", line 57, in give_filter
    await auto_filter(client, message)
  File "/root/ANIMETOON/plugins/pm_filter.py", line 759, in auto_filter
    if SELF_DELETE:
NameError: name 'SELF_DELETE' is not defined
[03/15/2026 07:25:58 AM:pyrogram.dispatcher:253:ERROR] name 'SELF_DELETE' is not defined
Traceback (most recent call last):
  File "/usr/local/lib/python3.10/dist-packages/pyrogram/dispatcher.py", line 240, in handler_worker
    await handler.callback(self.client, *args)
  File "/root/ANIMETOON/plugins/pm_filter.py", line 57, in give_filter
    await auto_filter(client, message)
  File "/root/ANIMETOON/plugins/pm_filter.py", line 759, in auto_filter
    if SELF_DELETE:
NameError: name 'SELF_DELETE' is not defined
[03/15/2026 07:29:55 AM:pyrogram.dispatcher:253:ERROR] name 'SELF_DELETE' is not defined
Traceback (most recent call last):
  File "/usr/local/lib/python3.10/dist-packages/pyrogram/dispatcher.py", line 240, in handler_worker
    await handler.callback(self.client, *args)
  File "/root/ANIMETOON/plugins/pm_filter.py", line 57, in give_filter
    await auto_filter(client, message)
  File "/root/ANIMETOON/plugins/pm_filter.py", line 759, in auto_filter
    if SELF_DELETE:
NameError: name 'SELF_DELETE' is not defined
[03/15/2026 07:31:11 AM:pyrogram.dispatcher:253:ERROR] name 'SELF_DELETE' is not defined
Traceback (most recent call last):
  File "/usr/local/lib/python3.10/dist-packages/pyrogram/dispatcher.py", line 240, in handler_worker
    await handler.callback(self.client, *args)
  File "/root/ANIMETOON/plugins/pm_filter.py", line 57, in give_filter
    await auto_filter(client, message)
  File "/root/ANIMETOON/plugins/pm_filter.py", line 759, in auto_filter
    if SELF_DELETE:
NameError: name 'SELF_DELETE' is not defined
[03/15/2026 07:42:15 AM:pyrogram.dispatcher:253:ERROR] name 'SELF_DELETE' is not defined
Traceback (most recent call last):
  File "/usr/local/lib/python3.10/dist-packages/pyrogram/dispatcher.py", line 240, in handler_worker
    await handler.callback(self.client, *args)
  File "/root/ANIMETOON/plugins/pm_filter.py", line 57, in give_filter
    await auto_filter(client, message)
  File "/root/ANIMETOON/plugins/pm_filter.py", line 759, in auto_filter
    if SELF_DELETE:
NameError: name 'SELF_DELETE' is not defined
[03/15/2026 07:46:44 AM:pyrogram.dispatcher:253:ERROR] name 'SELF_DELETE' is not defined
Traceback (most recent call last):
  File "/usr/local/lib/python3.10/dist-packages/pyrogram/dispatcher.py", line 240, in handler_worker
    await handler.callback(self.client, *args)
  File "/root/ANIMETOON/plugins/pm_filter.py", line 57, in give_filter
    await auto_filter(client, message)
  File "/root/ANIMETOON/plugins/pm_filter.py", line 759, in auto_filter
    if SELF_DELETE:
NameError: name 'SELF_DELETE' is not defined
[03/15/2026 07:48:48 AM:pyrogram.dispatcher:253:ERROR] name 'SELF_DELETE' is not defined
Traceback (most recent call last):
  File "/usr/local/lib/python3.10/dist-packages/pyrogram/dispatcher.py", line 240, in handler_worker
    await handler.callback(self.client, *args)
  File "/root/ANIMETOON/plugins/pm_filter.py", line 57, in give_filter
    await auto_filter(client, message)
  File "/root/ANIMETOON/plugins/pm_filter.py", line 759, in auto_filter
    if SELF_DELETE:
NameError: name 'SELF_DELETE' is not defined
[03/15/2026 07:49:24 AM:pyrogram.dispatcher:253:ERROR] name 'SELF_DELETE' is not defined
Traceback (most recent call last):
  File "/usr/local/lib/python3.10/dist-packages/pyrogram/dispatcher.py", line 240, in handler_worker
    await handler.callback(self.client, *args)
  File "/root/ANIMETOON/plugins/pm_filter.py", line 57, in give_filter
    await auto_filter(client, message)
  File "/root/ANIMETOON/plugins/pm_filter.py", line 759, in auto_filter
    if SELF_DELETE:
NameError: name 'SELF_DELETE' is not defined
[03/15/2026 07:50:25 AM:pyrogram.dispatcher:253:ERROR] name 'SELF_DELETE' is not defined
Traceback (most recent call last):
  File "/usr/local/lib/python3.10/dist-packages/pyrogram/dispatcher.py", line 240, in handler_worker
    await handler.callback(self.client, *args)
  File "/root/ANIMETOON/plugins/pm_filter.py", line 57, in give_filter
    await auto_filter(client, message)
  File "/root/ANIMETOON/plugins/pm_filter.py", line 759, in auto_filter
    if SELF_DELETE:
NameError: name 'SELF_DELETE' is not defined
[03/15/2026 07:52:24 AM:pyrogram.dispatcher:253:ERROR] name 'SELF_DELETE' is not defined
Traceback (most recent call last):
  File "/usr/local/lib/python3.10/dist-packages/pyrogram/dispatcher.py", line 240, in handler_worker
    await handler.callback(self.client, *args)
  File "/root/ANIMETOON/plugins/pm_filter.py", line 57, in give_filter
    await auto_filter(client, message)
  File "/root/ANIMETOON/plugins/pm_filter.py", line 759, in auto_filter
    if SELF_DELETE:
NameError: name 'SELF_DELETE' is not defined
[03/15/2026 07:56:18 AM:pyrogram.dispatcher:253:ERROR] name 'SELF_DELETE' is not defined
Traceback (most recent call last):
  File "/usr/local/lib/python3.10/dist-packages/pyrogram/dispatcher.py", line 240, in handler_worker
    await handler.callback(self.client, *args)
  File "/root/ANIMETOON/plugins/pm_filter.py", line 57, in give_filter
    await auto_filter(client, message)
  File "/root/ANIMETOON/plugins/pm_filter.py", line 759, in auto_filter
    if SELF_DELETE:
NameError: name 'SELF_DELETE' is not defined
[03/15/2026 07:56:32 AM:pyrogram.dispatcher:253:ERROR] name 'SELF_DELETE' is not defined
Traceback (most recent call last):
  File "/usr/local/lib/python3.10/dist-packages/pyrogram/dispatcher.py", line 240, in handler_worker
    await handler.callback(self.client, *args)
  File "/root/ANIMETOON/plugins/pm_filter.py", line 57, in give_filter
    await auto_filter(client, message)
  File "/root/ANIMETOON/plugins/pm_filter.py", line 759, in auto_filter
    if SELF_DELETE:
NameError: name 'SELF_DELETE' is not defined
[03/15/2026 08:00:26 AM:pyrogram.dispatcher:253:ERROR] name 'SELF_DELETE' is not defined
Traceback (most recent call last):
  File "/usr/local/lib/python3.10/dist-packages/pyrogram/dispatcher.py", line 240, in handler_worker
    await handler.callback(self.client, *args)
  File "/root/ANIMETOON/plugins/pm_filter.py", line 57, in give_filter
    await auto_filter(client, message)
  File "/root/ANIMETOON/plugins/pm_filter.py", line 759, in auto_filter
    if SELF_DELETE:
NameError: name 'SELF_DELETE' is not defined
[03/15/2026 08:08:49 AM:pyrogram.dispatcher:253:ERROR] name 'SELF_DELETE' is not defined
Traceback (most recent call last):
  File "/usr/local/lib/python3.10/dist-packages/pyrogram/dispatcher.py", line 240, in handler_worker
    await handler.callback(self.client, *args)
  File "/root/ANIMETOON/plugins/pm_filter.py", line 57, in give_filter
    await auto_filter(client, message)
  File "/root/ANIMETOON/plugins/pm_filter.py", line 759, in auto_filter
    if SELF_DELETE:
NameError: name 'SELF_DELETE' is not defined
[03/15/2026 08:15:14 AM:pyrogram.dispatcher:253:ERROR] name 'SELF_DELETE' is not defined
Traceback (most recent call last):
  File "/usr/local/lib/python3.10/dist-packages/pyrogram/dispatcher.py", line 240, in handler_worker
    await handler.callback(self.client, *args)
  File "/root/ANIMETOON/plugins/pm_filter.py", line 57, in give_filter
    await auto_filter(client, message)
  File "/root/ANIMETOON/plugins/pm_filter.py", line 759, in auto_filter
    if SELF_DELETE:
NameError: name 'SELF_DELETE' is not defined
[03/15/2026 08:15:24 AM:pyrogram.dispatcher:253:ERROR] name 'SELF_DELETE' is not defined
Traceback (most recent call last):
  File "/usr/local/lib/python3.10/dist-packages/pyrogram/dispatcher.py", line 240, in handler_worker
    await handler.callback(self.client, *args)
  File "/root/ANIMETOON/plugins/pm_filter.py", line 57, in give_filter
    await auto_filter(client, message)
  File "/root/ANIMETOON/plugins/pm_filter.py", line 759, in auto_filter
    if SELF_DELETE:
NameError: name 'SELF_DELETE' is not defined
[03/15/2026 08:18:42 AM:pyrogram.dispatcher:253:ERROR] name 'SELF_DELETE' is not defined
Traceback (most recent call last):
  File "/usr/local/lib/python3.10/dist-packages/pyrogram/dispatcher.py", line 240, in handler_worker
    await handler.callback(self.client, *args)
  File "/root/ANIMETOON/plugins/pm_filter.py", line 57, in give_filter
    await auto_filter(client, message)
  File "/root/ANIMETOON/plugins/pm_filter.py", line 759, in auto_filter
    if SELF_DELETE:
NameError: name 'SELF_DELETE' is not defined
[03/15/2026 08:19:22 AM:pyrogram.dispatcher:253:ERROR] name 'SELF_DELETE' is not defined
Traceback (most recent call last):
  File "/usr/local/lib/python3.10/dist-packages/pyrogram/dispatcher.py", line 240, in handler_worker
    await handler.callback(self.client, *args)
  File "/root/ANIMETOON/plugins/pm_filter.py", line 57, in give_filter
    await auto_filter(client, message)
  File "/root/ANIMETOON/plugins/pm_filter.py", line 759, in auto_filter
    if SELF_DELETE:
NameError: name 'SELF_DELETE' is not defined
[03/15/2026 08:20:16 AM:pyrogram.dispatcher:253:ERROR] name 'SELF_DELETE' is not defined
Traceback (most recent call last):
  File "/usr/local/lib/python3.10/dist-packages/pyrogram/dispatcher.py", line 240, in handler_worker
    await handler.callback(self.client, *args)
  File "/root/ANIMETOON/plugins/pm_filter.py", line 57, in give_filter
    await auto_filter(client, message)
  File "/root/ANIMETOON/plugins/pm_filter.py", line 759, in auto_filter
    if SELF_DELETE:
NameError: name 'SELF_DELETE' is not defined
[03/15/2026 08:20:48 AM:pyrogram.dispatcher:253:ERROR] name 'SELF_DELETE' is not defined
Traceback (most recent call last):
  File "/usr/local/lib/python3.10/dist-packages/pyrogram/dispatcher.py", line 240, in handler_worker
    await handler.callback(self.client, *args)
  File "/root/ANIMETOON/plugins/pm_filter.py", line 57, in give_filter
    await auto_filter(client, message)
  File "/root/ANIMETOON/plugins/pm_filter.py", line 759, in auto_filter
    if SELF_DELETE:
NameError: name 'SELF_DELETE' is not defined
[03/15/2026 08:30:00 AM:pyrogram.dispatcher:253:ERROR] name 'SELF_DELETE' is not defined
Traceback (most recent call last):
  File "/usr/local/lib/python3.10/dist-packages/pyrogram/dispatcher.py", line 240, in handler_worker
    await handler.callback(self.client, *args)
  File "/root/ANIMETOON/plugins/pm_filter.py", line 57, in give_filter
    await auto_filter(client, message)
  File "/root/ANIMETOON/plugins/pm_filter.py", line 759, in auto_filter
    if SELF_DELETE:
NameError: name 'SELF_DELETE' is not defined
[03/15/2026 08:36:33 AM:pyrogram.dispatcher:253:ERROR] 'NoneType' object has no attribute 'type'
Traceback (most recent call last):
  File "/usr/local/lib/python3.10/dist-packages/pyrogram/dispatcher.py", line 240, in handler_worker
    await handler.callback(self.client, *args)
  File "/root/ANIMETOON/plugins/index.py", line 63, in send_for_index
    elif message.forward_from_chat.type == enums.ChatType.CHANNEL:
AttributeError: 'NoneType' object has no attribute 'type'
[03/15/2026 08:37:02 AM:pyrogram.dispatcher:253:ERROR] 'NoneType' object has no attribute 'type'
Traceback (most recent call last):
  File "/usr/local/lib/python3.10/dist-packages/pyrogram/dispatcher.py", line 240, in handler_worker
    await handler.callback(self.client, *args)
  File "/root/ANIMETOON/plugins/index.py", line 63, in send_for_index
    elif message.forward_from_chat.type == enums.ChatType.CHANNEL:
AttributeError: 'NoneType' object has no attribute 'type'
[03/15/2026 08:44:37 AM:pyrogram.dispatcher:253:ERROR] 'NoneType' object has no attribute 'type'
Traceback (most recent call last):
  File "/usr/local/lib/python3.10/dist-packages/pyrogram/dispatcher.py", line 240, in handler_worker
    await handler.callback(self.client, *args)
  File "/root/ANIMETOON/plugins/index.py", line 63, in send_for_index
    elif message.forward_from_chat.type == enums.ChatType.CHANNEL:
AttributeError: 'NoneType' object has no attribute 'type'
[03/15/2026 08:44:48 AM:pyrogram.dispatcher:253:ERROR] 'NoneType' object has no attribute 'type'
Traceback (most recent call last):
  File "/usr/local/lib/python3.10/dist-packages/pyrogram/dispatcher.py", line 240, in handler_worker
    await handler.callback(self.client, *args)
  File "/root/ANIMETOON/plugins/index.py", line 63, in send_for_index
    elif message.forward_from_chat.type == enums.ChatType.CHANNEL:
AttributeError: 'NoneType' object has no attribute 'type'
[03/15/2026 08:45:03 AM:pyrogram.dispatcher:253:ERROR] 'NoneType' object has no attribute 'type'
Traceback (most recent call last):
  File "/usr/local/lib/python3.10/dist-packages/pyrogram/dispatcher.py", line 240, in handler_worker
    await handler.callback(self.client, *args)
  File "/root/ANIMETOON/plugins/index.py", line 63, in send_for_index
    elif message.forward_from_chat.type == enums.ChatType.CHANNEL:
AttributeError: 'NoneType' object has no attribute 'type'
[03/15/2026 08:45:21 AM:pyrogram.dispatcher:253:ERROR] 'NoneType' object has no attribute 'type'
Traceback (most recent call last):
  File "/usr/local/lib/python3.10/dist-packages/pyrogram/dispatcher.py", line 240, in handler_worker
    await handler.callback(self.client, *args)
  File "/root/ANIMETOON/plugins/index.py", line 63, in send_for_index
    elif message.forward_from_chat.type == enums.ChatType.CHANNEL:
AttributeError: 'NoneType' object has no attribute 'type'
[03/15/2026 08:45:31 AM:pyrogram.dispatcher:253:ERROR] 'NoneType' object has no attribute 'type'
Traceback (most recent call last):
  File "/usr/local/lib/python3.10/dist-packages/pyrogram/dispatcher.py", line 240, in handler_worker
    await handler.callback(self.client, *args)
  File "/root/ANIMETOON/plugins/index.py", line 63, in send_for_index
    elif message.forward_from_chat.type == enums.ChatType.CHANNEL:
AttributeError: 'NoneType' object has no attribute 'type'
[03/15/2026 08:45:49 AM:pyrogram.dispatcher:253:ERROR] 'NoneType' object has no attribute 'type'
Traceback (most recent call last):
  File "/usr/local/lib/python3.10/dist-packages/pyrogram/dispatcher.py", line 240, in handler_worker
    await handler.callback(self.client, *args)
  File "/root/ANIMETOON/plugins/index.py", line 63, in send_for_index
    elif message.forward_from_chat.type == enums.ChatType.CHANNEL:
AttributeError: 'NoneType' object has no attribute 'type'
[03/15/2026 08:45:58 AM:pyrogram.dispatcher:253:ERROR] 'NoneType' object has no attribute 'type'
Traceback (most recent call last):
  File "/usr/local/lib/python3.10/dist-packages/pyrogram/dispatcher.py", line 240, in handler_worker
    await handler.callback(self.client, *args)
  File "/root/ANIMETOON/plugins/index.py", line 63, in send_for_index
    elif message.forward_from_chat.type == enums.ChatType.CHANNEL:
AttributeError: 'NoneType' object has no attribute 'type'
[03/15/2026 08:46:07 AM:pyrogram.dispatcher:253:ERROR] 'NoneType' object has no attribute 'type'
Traceback (most recent call last):
  File "/usr/local/lib/python3.10/dist-packages/pyrogram/dispatcher.py", line 240, in handler_worker
    await handler.callback(self.client, *args)
  File "/root/ANIMETOON/plugins/index.py", line 63, in send_for_index
    elif message.forward_from_chat.type == enums.ChatType.CHANNEL:
AttributeError: 'NoneType' object has no attribute 'type'
[03/15/2026 08:46:22 AM:pyrogram.dispatcher:253:ERROR] name 'SELF_DELETE' is not defined
Traceback (most recent call last):
  File "/usr/local/lib/python3.10/dist-packages/pyrogram/dispatcher.py", line 240, in handler_worker
    await handler.callback(self.client, *args)
  File "/root/ANIMETOON/plugins/pm_filter.py", line 57, in give_filter
    await auto_filter(client, message)
  File "/root/ANIMETOON/plugins/pm_filter.py", line 759, in auto_filter
    if SELF_DELETE:
NameError: name 'SELF_DELETE' is not defined
[03/15/2026 08:46:23 AM:pyrogram.dispatcher:253:ERROR] 'NoneType' object has no attribute 'type'
Traceback (most recent call last):
  File "/usr/local/lib/python3.10/dist-packages/pyrogram/dispatcher.py", line 240, in handler_worker
    await handler.callback(self.client, *args)
  File "/root/ANIMETOON/plugins/index.py", line 63, in send_for_index
    elif message.forward_from_chat.type == enums.ChatType.CHANNEL:
AttributeError: 'NoneType' object has no attribute 'type'
[03/15/2026 08:46:33 AM:pyrogram.dispatcher:253:ERROR] 'NoneType' object has no attribute 'type'
Traceback (most recent call last):
  File "/usr/local/lib/python3.10/dist-packages/pyrogram/dispatcher.py", line 240, in handler_worker
    await handler.callback(self.client, *args)
  File "/root/ANIMETOON/plugins/index.py", line 63, in send_for_index
    elif message.forward_from_chat.type == enums.ChatType.CHANNEL:
AttributeError: 'NoneType' object has no attribute 'type'
[03/15/2026 08:46:55 AM:pyrogram.dispatcher:253:ERROR] name 'SELF_DELETE' is not defined
Traceback (most recent call last):
  File "/usr/local/lib/python3.10/dist-packages/pyrogram/dispatcher.py", line 240, in handler_worker
    await handler.callback(self.client, *args)
  File "/root/ANIMETOON/plugins/pm_filter.py", line 57, in give_filter
    await auto_filter(client, message)
  File "/root/ANIMETOON/plugins/pm_filter.py", line 759, in auto_filter
    if SELF_DELETE:
NameError: name 'SELF_DELETE' is not defined
[03/15/2026 08:49:43 AM:pyrogram.dispatcher:253:ERROR] name 'SELF_DELETE' is not defined
Traceback (most recent call last):
  File "/usr/local/lib/python3.10/dist-packages/pyrogram/dispatcher.py", line 240, in handler_worker
    await handler.callback(self.client, *args)
  File "/root/ANIMETOON/plugins/pm_filter.py", line 57, in give_filter
    await auto_filter(client, message)
  File "/root/ANIMETOON/plugins/pm_filter.py", line 759, in auto_filter
    if SELF_DELETE:
NameError: name 'SELF_DELETE' is not defined
[03/15/2026 08:59:55 AM:pyrogram.dispatcher:253:ERROR] name 'SELF_DELETE' is not defined
Traceback (most recent call last):
  File "/usr/local/lib/python3.10/dist-packages/pyrogram/dispatcher.py", line 240, in handler_worker
    await handler.callback(self.client, *args)
  File "/root/ANIMETOON/plugins/pm_filter.py", line 57, in give_filter
    await auto_filter(client, message)
  File "/root/ANIMETOON/plugins/pm_filter.py", line 759, in auto_filter
    if SELF_DELETE:
NameError: name 'SELF_DELETE' is not defined
[03/15/2026 09:10:59 AM:pyrogram.dispatcher:253:ERROR] name 'SELF_DELETE' is not defined
Traceback (most recent call last):
  File "/usr/local/lib/python3.10/dist-packages/pyrogram/dispatcher.py", line 240, in handler_worker
    await handler.callback(self.client, *args)
  File "/root/ANIMETOON/plugins/pm_filter.py", line 57, in give_filter
    await auto_filter(client, message)
  File "/root/ANIMETOON/plugins/pm_filter.py", line 759, in auto_filter
    if SELF_DELETE:
NameError: name 'SELF_DELETE' is not defined
[03/15/2026 09:12:46 AM:pyrogram.dispatcher:253:ERROR] name 'SELF_DELETE' is not defined
Traceback (most recent call last):
  File "/usr/local/lib/python3.10/dist-packages/pyrogram/dispatcher.py", line 240, in handler_worker
    await handler.callback(self.client, *args)
  File "/root/ANIMETOON/plugins/pm_filter.py", line 57, in give_filter
    await auto_filter(client, message)
  File "/root/ANIMETOON/plugins/pm_filter.py", line 759, in auto_filter
    if SELF_DELETE:
NameError: name 'SELF_DELETE' is not defined
[03/15/2026 09:29:08 AM:pyrogram.dispatcher:253:ERROR] name 'SELF_DELETE' is not defined
Traceback (most recent call last):
  File "/usr/local/lib/python3.10/dist-packages/pyrogram/dispatcher.py", line 240, in handler_worker
    await handler.callback(self.client, *args)
  File "/root/ANIMETOON/plugins/pm_filter.py", line 57, in give_filter
    await auto_filter(client, message)
  File "/root/ANIMETOON/plugins/pm_filter.py", line 759, in auto_filter
    if SELF_DELETE:
NameError: name 'SELF_DELETE' is not defined
[03/15/2026 09:38:41 AM:pyrogram.dispatcher:253:ERROR] name 'SELF_DELETE' is not defined
Traceback (most recent call last):
  File "/usr/local/lib/python3.10/dist-packages/pyrogram/dispatcher.py", line 240, in handler_worker
    await handler.callback(self.client, *args)
  File "/root/ANIMETOON/plugins/pm_filter.py", line 57, in give_filter
    await auto_filter(client, message)
  File "/root/ANIMETOON/plugins/pm_filter.py", line 759, in auto_filter
    if SELF_DELETE:
NameError: name 'SELF_DELETE' is not defined
[03/15/2026 09:43:03 AM:pyrogram.dispatcher:253:ERROR] name 'SELF_DELETE' is not defined
Traceback (most recent call last):
  File "/usr/local/lib/python3.10/dist-packages/pyrogram/dispatcher.py", line 240, in handler_worker
    await handler.callback(self.client, *args)
  File "/root/ANIMETOON/plugins/pm_filter.py", line 57, in give_filter
    await auto_filter(client, message)
  File "/root/ANIMETOON/plugins/pm_filter.py", line 759, in auto_filter
    if SELF_DELETE:
NameError: name 'SELF_DELETE' is not defined
[03/15/2026 09:54:38 AM:pyrogram.dispatcher:253:ERROR] name 'SELF_DELETE' is not defined
Traceback (most recent call last):
  File "/usr/local/lib/python3.10/dist-packages/pyrogram/dispatcher.py", line 240, in handler_worker
    await handler.callback(self.client, *args)
  File "/root/ANIMETOON/plugins/pm_filter.py", line 57, in give_filter
    await auto_filter(client, message)
  File "/root/ANIMETOON/plugins/pm_filter.py", line 759, in auto_filter
    if SELF_DELETE:
NameError: name 'SELF_DELETE' is not defined
[03/15/2026 10:05:50 AM:pyrogram.dispatcher:253:ERROR] name 'SELF_DELETE' is not defined
Traceback (most recent call last):
  File "/usr/local/lib/python3.10/dist-packages/pyrogram/dispatcher.py", line 240, in handler_worker
    await handler.callback(self.client, *args)
  File "/root/ANIMETOON/plugins/pm_filter.py", line 57, in give_filter
    await auto_filter(client, message)
  File "/root/ANIMETOON/plugins/pm_filter.py", line 759, in auto_filter
    if SELF_DELETE:
NameError: name 'SELF_DELETE' is not defined
[03/15/2026 10:11:47 AM:pyrogram.dispatcher:253:ERROR] name 'SELF_DELETE' is not defined
Traceback (most recent call last):
  File "/usr/local/lib/python3.10/dist-packages/pyrogram/dispatcher.py", line 240, in handler_worker
    await handler.callback(self.client, *args)
  File "/root/ANIMETOON/plugins/pm_filter.py", line 57, in give_filter
    await auto_filter(client, message)
  File "/root/ANIMETOON/plugins/pm_filter.py", line 759, in auto_filter
    if SELF_DELETE:
NameError: name 'SELF_DELETE' is not defined
[03/15/2026 10:36:14 AM:pyrogram.dispatcher:253:ERROR] name 'SELF_DELETE' is not defined
Traceback (most recent call last):
  File "/usr/local/lib/python3.10/dist-packages/pyrogram/dispatcher.py", line 240, in handler_worker
    await handler.callback(self.client, *args)
  File "/root/ANIMETOON/plugins/pm_filter.py", line 57, in give_filter
    await auto_filter(client, message)
  File "/root/ANIMETOON/plugins/pm_filter.py", line 759, in auto_filter
    if SELF_DELETE:
NameError: name 'SELF_DELETE' is not defined
[03/15/2026 10:38:44 AM:pyrogram.dispatcher:253:ERROR] name 'SELF_DELETE' is not defined
Traceback (most recent call last):
  File "/usr/local/lib/python3.10/dist-packages/pyrogram/dispatcher.py", line 240, in handler_worker
    await handler.callback(self.client, *args)
  File "/root/ANIMETOON/plugins/pm_filter.py", line 57, in give_filter
    await auto_filter(client, message)
  File "/root/ANIMETOON/plugins/pm_filter.py", line 759, in auto_filter
    if SELF_DELETE:
NameError: name 'SELF_DELETE' is not defined
[03/15/2026 10:55:48 AM:pyrogram.dispatcher:253:ERROR] name 'SELF_DELETE' is not defined
Traceback (most recent call last):
  File "/usr/local/lib/python3.10/dist-packages/pyrogram/dispatcher.py", line 240, in handler_worker
    await handler.callback(self.client, *args)
  File "/root/ANIMETOON/plugins/pm_filter.py", line 57, in give_filter
    await auto_filter(client, message)
  File "/root/ANIMETOON/plugins/pm_filter.py", line 759, in auto_filter
    if SELF_DELETE:
NameError: name 'SELF_DELETE' is not defined
[03/15/2026 10:59:22 AM:pyrogram.dispatcher:253:ERROR] name 'SELF_DELETE' is not defined
Traceback (most recent call last):
  File "/usr/local/lib/python3.10/dist-packages/pyrogram/dispatcher.py", line 240, in handler_worker
    await handler.callback(self.client, *args)
  File "/root/ANIMETOON/plugins/pm_filter.py", line 57, in give_filter
    await auto_filter(client, message)
  File "/root/ANIMETOON/plugins/pm_filter.py", line 759, in auto_filter
    if SELF_DELETE:
NameError: name 'SELF_DELETE' is not defined
[03/15/2026 11:02:13 AM:pyrogram.dispatcher:253:ERROR] name 'SELF_DELETE' is not defined
Traceback (most recent call last):
  File "/usr/local/lib/python3.10/dist-packages/pyrogram/dispatcher.py", line 240, in handler_worker
    await handler.callback(self.client, *args)
  File "/root/ANIMETOON/plugins/pm_filter.py", line 57, in give_filter
    await auto_filter(client, message)
  File "/root/ANIMETOON/plugins/pm_filter.py", line 759, in auto_filter
    if SELF_DELETE:
NameError: name 'SELF_DELETE' is not defined
[03/15/2026 11:15:19 AM:pyrogram.dispatcher:253:ERROR] name 'SELF_DELETE' is not defined
Traceback (most recent call last):
  File "/usr/local/lib/python3.10/dist-packages/pyrogram/dispatcher.py", line 240, in handler_worker
    await handler.callback(self.client, *args)
  File "/root/ANIMETOON/plugins/pm_filter.py", line 57, in give_filter
    await auto_filter(client, message)
  File "/root/ANIMETOON/plugins/pm_filter.py", line 759, in auto_filter
    if SELF_DELETE:
NameError: name 'SELF_DELETE' is not defined
[03/15/2026 11:21:45 AM:pyrogram.dispatcher:253:ERROR] name 'SELF_DELETE' is not defined
Traceback (most recent call last):
  File "/usr/local/lib/python3.10/dist-packages/pyrogram/dispatcher.py", line 240, in handler_worker
    await handler.callback(self.client, *args)
  File "/root/ANIMETOON/plugins/pm_filter.py", line 57, in give_filter
    await auto_filter(client, message)
  File "/root/ANIMETOON/plugins/pm_filter.py", line 759, in auto_filter
    if SELF_DELETE:
NameError: name 'SELF_DELETE' is not defined
[03/15/2026 11:28:52 AM:pyrogram.dispatcher:253:ERROR] name 'SELF_DELETE' is not defined
Traceback (most recent call last):
  File "/usr/local/lib/python3.10/dist-packages/pyrogram/dispatcher.py", line 240, in handler_worker
    await handler.callback(self.client, *args)
  File "/root/ANIMETOON/plugins/pm_filter.py", line 57, in give_filter
    await auto_filter(client, message)
  File "/root/ANIMETOON/plugins/pm_filter.py", line 759, in auto_filter
    if SELF_DELETE:
NameError: name 'SELF_DELETE' is not defined
[03/15/2026 11:35:11 AM:pyrogram.dispatcher:253:ERROR] name 'SELF_DELETE' is not defined
Traceback (most recent call last):
  File "/usr/local/lib/python3.10/dist-packages/pyrogram/dispatcher.py", line 240, in handler_worker
    await handler.callback(self.client, *args)
  File "/root/ANIMETOON/plugins/pm_filter.py", line 57, in give_filter
    await auto_filter(client, message)
  File "/root/ANIMETOON/plugins/pm_filter.py", line 759, in auto_filter
    if SELF_DELETE:
NameError: name 'SELF_DELETE' is not defined
[03/15/2026 11:40:37 AM:pyrogram.dispatcher:253:ERROR] name 'SELF_DELETE' is not defined
Traceback (most recent call last):
  File "/usr/local/lib/python3.10/dist-packages/pyrogram/dispatcher.py", line 240, in handler_worker
    await handler.callback(self.client, *args)
  File "/root/ANIMETOON/plugins/pm_filter.py", line 57, in give_filter
    await auto_filter(client, message)
  File "/root/ANIMETOON/plugins/pm_filter.py", line 759, in auto_filter
    if SELF_DELETE:
NameError: name 'SELF_DELETE' is not defined
[03/15/2026 11:45:21 AM:pyrogram.dispatcher:253:ERROR] name 'SELF_DELETE' is not defined
Traceback (most recent call last):
  File "/usr/local/lib/python3.10/dist-packages/pyrogram/dispatcher.py", line 240, in handler_worker
    await handler.callback(self.client, *args)
  File "/root/ANIMETOON/plugins/pm_filter.py", line 57, in give_filter
    await auto_filter(client, message)
  File "/root/ANIMETOON/plugins/pm_filter.py", line 759, in auto_filter
    if SELF_DELETE:
NameError: name 'SELF_DELETE' is not defined
[03/15/2026 12:00:50 PM:pyrogram.dispatcher:253:ERROR] name 'SELF_DELETE' is not defined
Traceback (most recent call last):
  File "/usr/local/lib/python3.10/dist-packages/pyrogram/dispatcher.py", line 240, in handler_worker
    await handler.callback(self.client, *args)
  File "/root/ANIMETOON/plugins/pm_filter.py", line 57, in give_filter
    await auto_filter(client, message)
  File "/root/ANIMETOON/plugins/pm_filter.py", line 759, in auto_filter
    if SELF_DELETE:
NameError: name 'SELF_DELETE' is not defined
[03/15/2026 12:06:48 PM:pyrogram.dispatcher:253:ERROR] name 'SELF_DELETE' is not defined
Traceback (most recent call last):
  File "/usr/local/lib/python3.10/dist-packages/pyrogram/dispatcher.py", line 240, in handler_worker
    await handler.callback(self.client, *args)
  File "/root/ANIMETOON/plugins/pm_filter.py", line 57, in give_filter
    await auto_filter(client, message)
  File "/root/ANIMETOON/plugins/pm_filter.py", line 759, in auto_filter
    if SELF_DELETE:
NameError: name 'SELF_DELETE' is not defined
[03/15/2026 12:11:45 PM:pyrogram.dispatcher:253:ERROR] name 'SELF_DELETE' is not defined
Traceback (most recent call last):
  File "/usr/local/lib/python3.10/dist-packages/pyrogram/dispatcher.py", line 240, in handler_worker
    await handler.callback(self.client, *args)
  File "/root/ANIMETOON/plugins/pm_filter.py", line 57, in give_filter
    await auto_filter(client, message)
  File "/root/ANIMETOON/plugins/pm_filter.py", line 759, in auto_filter
    if SELF_DELETE:
NameError: name 'SELF_DELETE' is not defined
[03/15/2026 12:21:25 PM:pyrogram.dispatcher:253:ERROR] name 'SELF_DELETE' is not defined
Traceback (most recent call last):
  File "/usr/local/lib/python3.10/dist-packages/pyrogram/dispatcher.py", line 240, in handler_worker
    await handler.callback(self.client, *args)
  File "/root/ANIMETOON/plugins/pm_filter.py", line 57, in give_filter
    await auto_filter(client, message)
  File "/root/ANIMETOON/plugins/pm_filter.py", line 759, in auto_filter
    if SELF_DELETE:
NameError: name 'SELF_DELETE' is not defined
[03/15/2026 12:34:46 PM:pyrogram.dispatcher:253:ERROR] name 'SELF_DELETE' is not defined
Traceback (most recent call last):
  File "/usr/local/lib/python3.10/dist-packages/pyrogram/dispatcher.py", line 240, in handler_worker
    await handler.callback(self.client, *args)
  File "/root/ANIMETOON/plugins/pm_filter.py", line 57, in give_filter
    await auto_filter(client, message)
  File "/root/ANIMETOON/plugins/pm_filter.py", line 759, in auto_filter
    if SELF_DELETE:
NameError: name 'SELF_DELETE' is not defined
[03/15/2026 12:34:57 PM:pyrogram.dispatcher:253:ERROR] name 'SELF_DELETE' is not defined
Traceback (most recent call last):
  File "/usr/local/lib/python3.10/dist-packages/pyrogram/dispatcher.py", line 240, in handler_worker
    await handler.callback(self.client, *args)
  File "/root/ANIMETOON/plugins/pm_filter.py", line 57, in give_filter
    await auto_filter(client, message)
  File "/root/ANIMETOON/plugins/pm_filter.py", line 759, in auto_filter
    if SELF_DELETE:
NameError: name 'SELF_DELETE' is not defined
[03/15/2026 12:40:48 PM:pyrogram.dispatcher:253:ERROR] not enough values to unpack (expected 3, got 0)
Traceback (most recent call last):
  File "/usr/local/lib/python3.10/dist-packages/pyrogram/dispatcher.py", line 240, in handler_worker
    await handler.callback(self.client, *args)
  File "/root/ANIMETOON/plugins/pm_filter.py", line 57, in give_filter
    await auto_filter(client, message)
  File "/root/ANIMETOON/plugins/pm_filter.py", line 647, in auto_filter
    files, offset, total_results = await get_search_results(search.lower(), offset=0, filter=True)
ValueError: not enough values to unpack (expected 3, got 0)
[03/15/2026 12:42:27 PM:pyrogram.dispatcher:253:ERROR] name 'SELF_DELETE' is not defined
Traceback (most recent call last):
  File "/usr/local/lib/python3.10/dist-packages/pyrogram/dispatcher.py", line 240, in handler_worker
    await handler.callback(self.client, *args)
  File "/root/ANIMETOON/plugins/pm_filter.py", line 57, in give_filter
    await auto_filter(client, message)
  File "/root/ANIMETOON/plugins/pm_filter.py", line 759, in auto_filter
    if SELF_DELETE:
NameError: name 'SELF_DELETE' is not defined
[03/15/2026 12:50:29 PM:pyrogram.dispatcher:253:ERROR] name 'SELF_DELETE' is not defined
Traceback (most recent call last):
  File "/usr/local/lib/python3.10/dist-packages/pyrogram/dispatcher.py", line 240, in handler_worker
    await handler.callback(self.client, *args)
  File "/root/ANIMETOON/plugins/pm_filter.py", line 57, in give_filter
    await auto_filter(client, message)
  File "/root/ANIMETOON/plugins/pm_filter.py", line 759, in auto_filter
    if SELF_DELETE:
NameError: name 'SELF_DELETE' is not defined
[03/15/2026 12:51:45 PM:pyrogram.dispatcher:253:ERROR] name 'SELF_DELETE' is not defined
Traceback (most recent call last):
  File "/usr/local/lib/python3.10/dist-packages/pyrogram/dispatcher.py", line 240, in handler_worker
    await handler.callback(self.client, *args)
  File "/root/ANIMETOON/plugins/pm_filter.py", line 57, in give_filter
    await auto_filter(client, message)
  File "/root/ANIMETOON/plugins/pm_filter.py", line 759, in auto_filter
    if SELF_DELETE:
NameError: name 'SELF_DELETE' is not defined
[03/15/2026 01:19:43 PM:pyrogram.dispatcher:253:ERROR] name 'SELF_DELETE' is not defined
Traceback (most recent call last):
  File "/usr/local/lib/python3.10/dist-packages/pyrogram/dispatcher.py", line 240, in handler_worker
    await handler.callback(self.client, *args)
  File "/root/ANIMETOON/plugins/pm_filter.py", line 57, in give_filter
    await auto_filter(client, message)
  File "/root/ANIMETOON/plugins/pm_filter.py", line 759, in auto_filter
    if SELF_DELETE:
NameError: name 'SELF_DELETE' is not defined
[03/15/2026 01:23:18 PM:pyrogram.dispatcher:253:ERROR] name 'SELF_DELETE' is not defined
Traceback (most recent call last):
  File "/usr/local/lib/python3.10/dist-packages/pyrogram/dispatcher.py", line 240, in handler_worker
    await handler.callback(self.client, *args)
  File "/root/ANIMETOON/plugins/pm_filter.py", line 57, in give_filter
    await auto_filter(client, message)
  File "/root/ANIMETOON/plugins/pm_filter.py", line 759, in auto_filter
    if SELF_DELETE:
NameError: name 'SELF_DELETE' is not defined
[03/15/2026 01:27:01 PM:pyrogram.dispatcher:253:ERROR] name 'SELF_DELETE' is not defined
Traceback (most recent call last):
  File "/usr/local/lib/python3.10/dist-packages/pyrogram/dispatcher.py", line 240, in handler_worker
    await handler.callback(self.client, *args)
  File "/root/ANIMETOON/plugins/pm_filter.py", line 57, in give_filter
    await auto_filter(client, message)
  File "/root/ANIMETOON/plugins/pm_filter.py", line 759, in auto_filter
    if SELF_DELETE:
NameError: name 'SELF_DELETE' is not defined
[03/15/2026 01:31:22 PM:pyrogram.dispatcher:253:ERROR] name 'SELF_DELETE' is not defined
Traceback (most recent call last):
  File "/usr/local/lib/python3.10/dist-packages/pyrogram/dispatcher.py", line 240, in handler_worker
    await handler.callback(self.client, *args)
  File "/root/ANIMETOON/plugins/pm_filter.py", line 57, in give_filter
    await auto_filter(client, message)
  File "/root/ANIMETOON/plugins/pm_filter.py", line 759, in auto_filter
    if SELF_DELETE:
NameError: name 'SELF_DELETE' is not defined
[03/15/2026 01:31:32 PM:pyrogram.dispatcher:253:ERROR] name 'SELF_DELETE' is not defined
Traceback (most recent call last):
  File "/usr/local/lib/python3.10/dist-packages/pyrogram/dispatcher.py", line 240, in handler_worker
    await handler.callback(self.client, *args)
  File "/root/ANIMETOON/plugins/pm_filter.py", line 57, in give_filter
    await auto_filter(client, message)
  File "/root/ANIMETOON/plugins/pm_filter.py", line 759, in auto_filter
    if SELF_DELETE:
NameError: name 'SELF_DELETE' is not defined
[03/15/2026 01:32:21 PM:pyrogram.dispatcher:253:ERROR] name 'SELF_DELETE' is not defined
Traceback (most recent call last):
  File "/usr/local/lib/python3.10/dist-packages/pyrogram/dispatcher.py", line 240, in handler_worker
    await handler.callback(self.client, *args)
  File "/root/ANIMETOON/plugins/pm_filter.py", line 57, in give_filter
    await auto_filter(client, message)
  File "/root/ANIMETOON/plugins/pm_filter.py", line 759, in auto_filter
    if SELF_DELETE:
NameError: name 'SELF_DELETE' is not defined
[03/15/2026 01:32:27 PM:pyrogram.dispatcher:253:ERROR] name 'SELF_DELETE' is not defined
Traceback (most recent call last):
  File "/usr/local/lib/python3.10/dist-packages/pyrogram/dispatcher.py", line 240, in handler_worker
    await handler.callback(self.client, *args)
  File "/root/ANIMETOON/plugins/pm_filter.py", line 57, in give_filter
    await auto_filter(client, message)
  File "/root/ANIMETOON/plugins/pm_filter.py", line 759, in auto_filter
    if SELF_DELETE:
NameError: name 'SELF_DELETE' is not defined
[03/15/2026 01:32:31 PM:pyrogram.dispatcher:253:ERROR] name 'SELF_DELETE' is not defined
Traceback (most recent call last):
  File "/usr/local/lib/python3.10/dist-packages/pyrogram/dispatcher.py", line 240, in handler_worker
    await handler.callback(self.client, *args)
  File "/root/ANIMETOON/plugins/pm_filter.py", line 57, in give_filter
    await auto_filter(client, message)
  File "/root/ANIMETOON/plugins/pm_filter.py", line 759, in auto_filter
    if SELF_DELETE:
NameError: name 'SELF_DELETE' is not defined
[03/15/2026 01:33:11 PM:pyrogram.dispatcher:253:ERROR] name 'SELF_DELETE' is not defined
Traceback (most recent call last):
  File "/usr/local/lib/python3.10/dist-packages/pyrogram/dispatcher.py", line 240, in handler_worker
    await handler.callback(self.client, *args)
  File "/root/ANIMETOON/plugins/pm_filter.py", line 57, in give_filter
    await auto_filter(client, message)
  File "/root/ANIMETOON/plugins/pm_filter.py", line 759, in auto_filter
    if SELF_DELETE:
NameError: name 'SELF_DELETE' is not defined
[03/15/2026 01:33:15 PM:pyrogram.dispatcher:253:ERROR] name 'SELF_DELETE' is not defined
Traceback (most recent call last):
  File "/usr/local/lib/python3.10/dist-packages/pyrogram/dispatcher.py", line 240, in handler_worker
    await handler.callback(self.client, *args)
  File "/root/ANIMETOON/plugins/pm_filter.py", line 57, in give_filter
    await auto_filter(client, message)
  File "/root/ANIMETOON/plugins/pm_filter.py", line 759, in auto_filter
    if SELF_DELETE:
NameError: name 'SELF_DELETE' is not defined
[03/15/2026 01:33:18 PM:pyrogram.dispatcher:253:ERROR] name 'SELF_DELETE' is not defined
Traceback (most recent call last):
  File "/usr/local/lib/python3.10/dist-packages/pyrogram/dispatcher.py", line 240, in handler_worker
    await handler.callback(self.client, *args)
  File "/root/ANIMETOON/plugins/pm_filter.py", line 57, in give_filter
    await auto_filter(client, message)
  File "/root/ANIMETOON/plugins/pm_filter.py", line 759, in auto_filter
    if SELF_DELETE:
NameError: name 'SELF_DELETE' is not defined
[03/15/2026 01:34:02 PM:pyrogram.dispatcher:253:ERROR] name 'SELF_DELETE' is not defined
Traceback (most recent call last):
  File "/usr/local/lib/python3.10/dist-packages/pyrogram/dispatcher.py", line 240, in handler_worker
    await handler.callback(self.client, *args)
  File "/root/ANIMETOON/plugins/pm_filter.py", line 57, in give_filter
    await auto_filter(client, message)
  File "/root/ANIMETOON/plugins/pm_filter.py", line 759, in auto_filter
    if SELF_DELETE:
NameError: name 'SELF_DELETE' is not defined
[03/15/2026 01:34:05 PM:pyrogram.dispatcher:253:ERROR] name 'SELF_DELETE' is not defined
Traceback (most recent call last):
  File "/usr/local/lib/python3.10/dist-packages/pyrogram/dispatcher.py", line 240, in handler_worker
    await handler.callback(self.client, *args)
  File "/root/ANIMETOON/plugins/pm_filter.py", line 57, in give_filter
    await auto_filter(client, message)
  File "/root/ANIMETOON/plugins/pm_filter.py", line 759, in auto_filter
    if SELF_DELETE:
NameError: name 'SELF_DELETE' is not defined
[03/15/2026 01:54:46 PM:pyrogram.dispatcher:253:ERROR] name 'SELF_DELETE' is not defined
Traceback (most recent call last):
  File "/usr/local/lib/python3.10/dist-packages/pyrogram/dispatcher.py", line 240, in handler_worker
    await handler.callback(self.client, *args)
  File "/root/ANIMETOON/plugins/pm_filter.py", line 57, in give_filter
    await auto_filter(client, message)
  File "/root/ANIMETOON/plugins/pm_filter.py", line 759, in auto_filter
    if SELF_DELETE:
NameError: name 'SELF_DELETE' is not defined
[03/15/2026 01:59:11 PM:pyrogram.dispatcher:253:ERROR] name 'SELF_DELETE' is not defined
Traceback (most recent call last):
  File "/usr/local/lib/python3.10/dist-packages/pyrogram/dispatcher.py", line 240, in handler_worker
    await handler.callback(self.client, *args)
  File "/root/ANIMETOON/plugins/pm_filter.py", line 57, in give_filter
    await auto_filter(client, message)
  File "/root/ANIMETOON/plugins/pm_filter.py", line 759, in auto_filter
    if SELF_DELETE:
NameError: name 'SELF_DELETE' is not defined
[03/15/2026 02:00:36 PM:pyrogram.dispatcher:253:ERROR] name 'SELF_DELETE' is not defined
Traceback (most recent call last):
  File "/usr/local/lib/python3.10/dist-packages/pyrogram/dispatcher.py", line 240, in handler_worker
    await handler.callback(self.client, *args)
  File "/root/ANIMETOON/plugins/pm_filter.py", line 57, in give_filter
    await auto_filter(client, message)
  File "/root/ANIMETOON/plugins/pm_filter.py", line 759, in auto_filter
    if SELF_DELETE:
NameError: name 'SELF_DELETE' is not defined
[03/15/2026 02:01:53 PM:pyrogram.dispatcher:253:ERROR] name 'SELF_DELETE' is not defined
Traceback (most recent call last):
  File "/usr/local/lib/python3.10/dist-packages/pyrogram/dispatcher.py", line 240, in handler_worker
    await handler.callback(self.client, *args)
  File "/root/ANIMETOON/plugins/pm_filter.py", line 57, in give_filter
    await auto_filter(client, message)
  File "/root/ANIMETOON/plugins/pm_filter.py", line 759, in auto_filter
    if SELF_DELETE:
NameError: name 'SELF_DELETE' is not defined
[03/15/2026 02:02:22 PM:pyrogram.dispatcher:253:ERROR] name 'SELF_DELETE' is not defined
Traceback (most recent call last):
  File "/usr/local/lib/python3.10/dist-packages/pyrogram/dispatcher.py", line 240, in handler_worker
    await handler.callback(self.client, *args)
  File "/root/ANIMETOON/plugins/pm_filter.py", line 57, in give_filter
    await auto_filter(client, message)
  File "/root/ANIMETOON/plugins/pm_filter.py", line 759, in auto_filter
    if SELF_DELETE:
NameError: name 'SELF_DELETE' is not defined
[03/15/2026 02:03:11 PM:pyrogram.dispatcher:253:ERROR] name 'SELF_DELETE' is not defined
Traceback (most recent call last):
  File "/usr/local/lib/python3.10/dist-packages/pyrogram/dispatcher.py", line 240, in handler_worker
    await handler.callback(self.client, *args)
  File "/root/ANIMETOON/plugins/pm_filter.py", line 57, in give_filter
    await auto_filter(client, message)
  File "/root/ANIMETOON/plugins/pm_filter.py", line 759, in auto_filter
    if SELF_DELETE:
NameError: name 'SELF_DELETE' is not defined
[03/15/2026 02:03:35 PM:pyrogram.dispatcher:253:ERROR] name 'SELF_DELETE' is not defined
Traceback (most recent call last):
  File "/usr/local/lib/python3.10/dist-packages/pyrogram/dispatcher.py", line 240, in handler_worker
    await handler.callback(self.client, *args)
  File "/root/ANIMETOON/plugins/pm_filter.py", line 57, in give_filter
    await auto_filter(client, message)
  File "/root/ANIMETOON/plugins/pm_filter.py", line 759, in auto_filter
    if SELF_DELETE:
NameError: name 'SELF_DELETE' is not defined
[03/15/2026 02:04:17 PM:pyrogram.dispatcher:253:ERROR] name 'SELF_DELETE' is not defined
Traceback (most recent call last):
  File "/usr/local/lib/python3.10/dist-packages/pyrogram/dispatcher.py", line 240, in handler_worker
    await handler.callback(self.client, *args)
  File "/root/ANIMETOON/plugins/pm_filter.py", line 57, in give_filter
    await auto_filter(client, message)
  File "/root/ANIMETOON/plugins/pm_filter.py", line 759, in auto_filter
    if SELF_DELETE:
NameError: name 'SELF_DELETE' is not defined
[03/15/2026 02:04:36 PM:pyrogram.dispatcher:253:ERROR] not enough values to unpack (expected 3, got 0)
Traceback (most recent call last):
  File "/usr/local/lib/python3.10/dist-packages/pyrogram/dispatcher.py", line 240, in handler_worker
    await handler.callback(self.client, *args)
  File "/root/ANIMETOON/plugins/pm_filter.py", line 57, in give_filter
    await auto_filter(client, message)
  File "/root/ANIMETOON/plugins/pm_filter.py", line 647, in auto_filter
    files, offset, total_results = await get_search_results(search.lower(), offset=0, filter=True)
ValueError: not enough values to unpack (expected 3, got 0)
[03/15/2026 02:04:40 PM:pyrogram.dispatcher:253:ERROR] name 'SELF_DELETE' is not defined
Traceback (most recent call last):
  File "/usr/local/lib/python3.10/dist-packages/pyrogram/dispatcher.py", line 240, in handler_worker
    await handler.callback(self.client, *args)
  File "/root/ANIMETOON/plugins/pm_filter.py", line 57, in give_filter
    await auto_filter(client, message)
  File "/root/ANIMETOON/plugins/pm_filter.py", line 759, in auto_filter
    if SELF_DELETE:
NameError: name 'SELF_DELETE' is not defined
[03/15/2026 02:17:35 PM:pyrogram.dispatcher:253:ERROR] name 'SELF_DELETE' is not defined
Traceback (most recent call last):
  File "/usr/local/lib/python3.10/dist-packages/pyrogram/dispatcher.py", line 240, in handler_worker
    await handler.callback(self.client, *args)
  File "/root/ANIMETOON/plugins/pm_filter.py", line 57, in give_filter
    await auto_filter(client, message)
  File "/root/ANIMETOON/plugins/pm_filter.py", line 759, in auto_filter
    if SELF_DELETE:
NameError: name 'SELF_DELETE' is not defined
[03/15/2026 02:19:40 PM:pyrogram.dispatcher:253:ERROR] name 'SELF_DELETE' is not defined
Traceback (most recent call last):
  File "/usr/local/lib/python3.10/dist-packages/pyrogram/dispatcher.py", line 240, in handler_worker
    await handler.callback(self.client, *args)
  File "/root/ANIMETOON/plugins/pm_filter.py", line 57, in give_filter
    await auto_filter(client, message)
  File "/root/ANIMETOON/plugins/pm_filter.py", line 759, in auto_filter
    if SELF_DELETE:
NameError: name 'SELF_DELETE' is not defined
[03/15/2026 02:23:19 PM:pyrogram.dispatcher:253:ERROR] name 'SELF_DELETE' is not defined
Traceback (most recent call last):
  File "/usr/local/lib/python3.10/dist-packages/pyrogram/dispatcher.py", line 240, in handler_worker
    await handler.callback(self.client, *args)
  File "/root/ANIMETOON/plugins/pm_filter.py", line 57, in give_filter
    await auto_filter(client, message)
  File "/root/ANIMETOON/plugins/pm_filter.py", line 759, in auto_filter
    if SELF_DELETE:
NameError: name 'SELF_DELETE' is not defined
[03/15/2026 02:23:34 PM:pyrogram.dispatcher:253:ERROR] name 'SELF_DELETE' is not defined
Traceback (most recent call last):
  File "/usr/local/lib/python3.10/dist-packages/pyrogram/dispatcher.py", line 240, in handler_worker
    await handler.callback(self.client, *args)
  File "/root/ANIMETOON/plugins/pm_filter.py", line 57, in give_filter
    await auto_filter(client, message)
  File "/root/ANIMETOON/plugins/pm_filter.py", line 759, in auto_filter
    if SELF_DELETE:
NameError: name 'SELF_DELETE' is not defined
[03/15/2026 02:24:01 PM:pyrogram.dispatcher:253:ERROR] name 'SELF_DELETE' is not defined
Traceback (most recent call last):
  File "/usr/local/lib/python3.10/dist-packages/pyrogram/dispatcher.py", line 240, in handler_worker
    await handler.callback(self.client, *args)
  File "/root/ANIMETOON/plugins/pm_filter.py", line 57, in give_filter
    await auto_filter(client, message)
  File "/root/ANIMETOON/plugins/pm_filter.py", line 759, in auto_filter
    if SELF_DELETE:
NameError: name 'SELF_DELETE' is not defined
[03/15/2026 02:27:13 PM:pyrogram.dispatcher:253:ERROR] name 'SELF_DELETE' is not defined
Traceback (most recent call last):
  File "/usr/local/lib/python3.10/dist-packages/pyrogram/dispatcher.py", line 240, in handler_worker
    await handler.callback(self.client, *args)
  File "/root/ANIMETOON/plugins/pm_filter.py", line 57, in give_filter
    await auto_filter(client, message)
  File "/root/ANIMETOON/plugins/pm_filter.py", line 759, in auto_filter
    if SELF_DELETE:
NameError: name 'SELF_DELETE' is not defined
[03/15/2026 02:35:57 PM:pyrogram.dispatcher:253:ERROR] name 'SELF_DELETE' is not defined
Traceback (most recent call last):
  File "/usr/local/lib/python3.10/dist-packages/pyrogram/dispatcher.py", line 240, in handler_worker
    await handler.callback(self.client, *args)
  File "/root/ANIMETOON/plugins/pm_filter.py", line 57, in give_filter
    await auto_filter(client, message)
  File "/root/ANIMETOON/plugins/pm_filter.py", line 759, in auto_filter
    if SELF_DELETE:
NameError: name 'SELF_DELETE' is not defined
[03/15/2026 02:40:26 PM:pyrogram.dispatcher:253:ERROR] name 'SELF_DELETE' is not defined
Traceback (most recent call last):
  File "/usr/local/lib/python3.10/dist-packages/pyrogram/dispatcher.py", line 240, in handler_worker
    await handler.callback(self.client, *args)
  File "/root/ANIMETOON/plugins/pm_filter.py", line 57, in give_filter
    await auto_filter(client, message)
  File "/root/ANIMETOON/plugins/pm_filter.py", line 759, in auto_filter
    if SELF_DELETE:
NameError: name 'SELF_DELETE' is not defined
[03/15/2026 02:40:38 PM:pyrogram.dispatcher:253:ERROR] name 'SELF_DELETE' is not defined
Traceback (most recent call last):
  File "/usr/local/lib/python3.10/dist-packages/pyrogram/dispatcher.py", line 240, in handler_worker
    await handler.callback(self.client, *args)
  File "/root/ANIMETOON/plugins/pm_filter.py", line 57, in give_filter
    await auto_filter(client, message)
  File "/root/ANIMETOON/plugins/pm_filter.py", line 759, in auto_filter
    if SELF_DELETE:
NameError: name 'SELF_DELETE' is not defined
[03/15/2026 02:42:43 PM:pyrogram.dispatcher:253:ERROR] name 'SELF_DELETE' is not defined
Traceback (most recent call last):
  File "/usr/local/lib/python3.10/dist-packages/pyrogram/dispatcher.py", line 240, in handler_worker
    await handler.callback(self.client, *args)
  File "/root/ANIMETOON/plugins/pm_filter.py", line 57, in give_filter
    await auto_filter(client, message)
  File "/root/ANIMETOON/plugins/pm_filter.py", line 759, in auto_filter
    if SELF_DELETE:
NameError: name 'SELF_DELETE' is not defined
[03/15/2026 02:46:02 PM:pyrogram.dispatcher:253:ERROR] name 'SELF_DELETE' is not defined
Traceback (most recent call last):
  File "/usr/local/lib/python3.10/dist-packages/pyrogram/dispatcher.py", line 240, in handler_worker
    await handler.callback(self.client, *args)
  File "/root/ANIMETOON/plugins/pm_filter.py", line 57, in give_filter
    await auto_filter(client, message)
  File "/root/ANIMETOON/plugins/pm_filter.py", line 759, in auto_filter
    if SELF_DELETE:
NameError: name 'SELF_DELETE' is not defined
[03/15/2026 02:47:42 PM:pyrogram.dispatcher:253:ERROR] name 'SELF_DELETE' is not defined
Traceback (most recent call last):
  File "/usr/local/lib/python3.10/dist-packages/pyrogram/dispatcher.py", line 240, in handler_worker
    await handler.callback(self.client, *args)
  File "/root/ANIMETOON/plugins/pm_filter.py", line 57, in give_filter
    await auto_filter(client, message)
  File "/root/ANIMETOON/plugins/pm_filter.py", line 759, in auto_filter
    if SELF_DELETE:
NameError: name 'SELF_DELETE' is not defined
[03/15/2026 02:49:27 PM:pyrogram.dispatcher:253:ERROR] name 'SELF_DELETE' is not defined
Traceback (most recent call last):
  File "/usr/local/lib/python3.10/dist-packages/pyrogram/dispatcher.py", line 240, in handler_worker
    await handler.callback(self.client, *args)
  File "/root/ANIMETOON/plugins/pm_filter.py", line 57, in give_filter
    await auto_filter(client, message)
  File "/root/ANIMETOON/plugins/pm_filter.py", line 759, in auto_filter
    if SELF_DELETE:
NameError: name 'SELF_DELETE' is not defined
[03/15/2026 02:55:17 PM:pyrogram.dispatcher:253:ERROR] name 'SELF_DELETE' is not defined
Traceback (most recent call last):
  File "/usr/local/lib/python3.10/dist-packages/pyrogram/dispatcher.py", line 240, in handler_worker
    await handler.callback(self.client, *args)
  File "/root/ANIMETOON/plugins/pm_filter.py", line 57, in give_filter
    await auto_filter(client, message)
  File "/root/ANIMETOON/plugins/pm_filter.py", line 759, in auto_filter
    if SELF_DELETE:
NameError: name 'SELF_DELETE' is not defined
[03/15/2026 02:58:06 PM:pyrogram.dispatcher:253:ERROR] Telegram says: [400 QUERY_ID_INVALID] - The callback query id is invalid (caused by "messages.SetInlineBotResults")
Traceback (most recent call last):
  File "/usr/local/lib/python3.10/dist-packages/pyrogram/dispatcher.py", line 240, in handler_worker
    await handler.callback(self.client, *args)
  File "/root/ANIMETOON/plugins/inline.py", line 96, in answer
    await query.answer(results=[],
  File "/usr/local/lib/python3.10/dist-packages/pyrogram/types/inline_mode/inline_query.py", line 172, in answer
    return await self._client.answer_inline_query(
  File "/usr/local/lib/python3.10/dist-packages/pyrogram/methods/bots/answer_inline_query.py", line 99, in answer_inline_query
    return await self.invoke(
  File "/usr/local/lib/python3.10/dist-packages/pyrogram/methods/advanced/invoke.py", line 79, in invoke
    r = await self.session.invoke(
  File "/usr/local/lib/python3.10/dist-packages/pyrogram/session/session.py", line 389, in invoke
    return await self.send(query, timeout=timeout)
  File "/usr/local/lib/python3.10/dist-packages/pyrogram/session/session.py", line 357, in send
    RPCError.raise_it(result, type(data))
  File "/usr/local/lib/python3.10/dist-packages/pyrogram/errors/rpc_error.py", line 91, in raise_it
    raise getattr(
pyrogram.errors.exceptions.bad_request_400.QueryIdInvalid: Telegram says: [400 QUERY_ID_INVALID] - The callback query id is invalid (caused by "messages.SetInlineBotResults")
[03/15/2026 02:58:07 PM:pyrogram.dispatcher:253:ERROR] Telegram says: [400 QUERY_ID_INVALID] - The callback query id is invalid (caused by "messages.SetInlineBotResults")
Traceback (most recent call last):
  File "/usr/local/lib/python3.10/dist-packages/pyrogram/dispatcher.py", line 240, in handler_worker
    await handler.callback(self.client, *args)
  File "/root/ANIMETOON/plugins/inline.py", line 96, in answer
    await query.answer(results=[],
  File "/usr/local/lib/python3.10/dist-packages/pyrogram/types/inline_mode/inline_query.py", line 172, in answer
    return await self._client.answer_inline_query(
  File "/usr/local/lib/python3.10/dist-packages/pyrogram/methods/bots/answer_inline_query.py", line 99, in answer_inline_query
    return await self.invoke(
  File "/usr/local/lib/python3.10/dist-packages/pyrogram/methods/advanced/invoke.py", line 79, in invoke
    r = await self.session.invoke(
  File "/usr/local/lib/python3.10/dist-packages/pyrogram/session/session.py", line 389, in invoke
    return await self.send(query, timeout=timeout)
  File "/usr/local/lib/python3.10/dist-packages/pyrogram/session/session.py", line 357, in send
    RPCError.raise_it(result, type(data))
  File "/usr/local/lib/python3.10/dist-packages/pyrogram/errors/rpc_error.py", line 91, in raise_it
    raise getattr(
pyrogram.errors.exceptions.bad_request_400.QueryIdInvalid: Telegram says: [400 QUERY_ID_INVALID] - The callback query id is invalid (caused by "messages.SetInlineBotResults")
[03/15/2026 02:58:07 PM:pyrogram.dispatcher:253:ERROR] Telegram says: [400 QUERY_ID_INVALID] - The callback query id is invalid (caused by "messages.SetInlineBotResults")
Traceback (most recent call last):
  File "/usr/local/lib/python3.10/dist-packages/pyrogram/dispatcher.py", line 240, in handler_worker
    await handler.callback(self.client, *args)
  File "/root/ANIMETOON/plugins/inline.py", line 96, in answer
    await query.answer(results=[],
  File "/usr/local/lib/python3.10/dist-packages/pyrogram/types/inline_mode/inline_query.py", line 172, in answer
    return await self._client.answer_inline_query(
  File "/usr/local/lib/python3.10/dist-packages/pyrogram/methods/bots/answer_inline_query.py", line 99, in answer_inline_query
    return await self.invoke(
  File "/usr/local/lib/python3.10/dist-packages/pyrogram/methods/advanced/invoke.py", line 79, in invoke
    r = await self.session.invoke(
  File "/usr/local/lib/python3.10/dist-packages/pyrogram/session/session.py", line 389, in invoke
    return await self.send(query, timeout=timeout)
  File "/usr/local/lib/python3.10/dist-packages/pyrogram/session/session.py", line 357, in send
    RPCError.raise_it(result, type(data))
  File "/usr/local/lib/python3.10/dist-packages/pyrogram/errors/rpc_error.py", line 91, in raise_it
    raise getattr(
pyrogram.errors.exceptions.bad_request_400.QueryIdInvalid: Telegram says: [400 QUERY_ID_INVALID] - The callback query id is invalid (caused by "messages.SetInlineBotResults")
[03/15/2026 02:58:09 PM:pyrogram.dispatcher:253:ERROR] Telegram says: [400 QUERY_ID_INVALID] - The callback query id is invalid (caused by "messages.SetInlineBotResults")
Traceback (most recent call last):
  File "/usr/local/lib/python3.10/dist-packages/pyrogram/dispatcher.py", line 240, in handler_worker
    await handler.callback(self.client, *args)
  File "/root/ANIMETOON/plugins/inline.py", line 96, in answer
    await query.answer(results=[],
  File "/usr/local/lib/python3.10/dist-packages/pyrogram/types/inline_mode/inline_query.py", line 172, in answer
    return await self._client.answer_inline_query(
  File "/usr/local/lib/python3.10/dist-packages/pyrogram/methods/bots/answer_inline_query.py", line 99, in answer_inline_query
    return await self.invoke(
  File "/usr/local/lib/python3.10/dist-packages/pyrogram/methods/advanced/invoke.py", line 79, in invoke
    r = await self.session.invoke(
  File "/usr/local/lib/python3.10/dist-packages/pyrogram/session/session.py", line 389, in invoke
    return await self.send(query, timeout=timeout)
  File "/usr/local/lib/python3.10/dist-packages/pyrogram/session/session.py", line 357, in send
    RPCError.raise_it(result, type(data))
  File "/usr/local/lib/python3.10/dist-packages/pyrogram/errors/rpc_error.py", line 91, in raise_it
    raise getattr(
pyrogram.errors.exceptions.bad_request_400.QueryIdInvalid: Telegram says: [400 QUERY_ID_INVALID] - The callback query id is invalid (caused by "messages.SetInlineBotResults")
[03/15/2026 02:58:09 PM:pyrogram.dispatcher:253:ERROR] Telegram says: [400 QUERY_ID_INVALID] - The callback query id is invalid (caused by "messages.SetInlineBotResults")
Traceback (most recent call last):
  File "/usr/local/lib/python3.10/dist-packages/pyrogram/dispatcher.py", line 240, in handler_worker
    await handler.callback(self.client, *args)
  File "/root/ANIMETOON/plugins/inline.py", line 96, in answer
    await query.answer(results=[],
  File "/usr/local/lib/python3.10/dist-packages/pyrogram/types/inline_mode/inline_query.py", line 172, in answer
    return await self._client.answer_inline_query(
  File "/usr/local/lib/python3.10/dist-packages/pyrogram/methods/bots/answer_inline_query.py", line 99, in answer_inline_query
    return await self.invoke(
  File "/usr/local/lib/python3.10/dist-packages/pyrogram/methods/advanced/invoke.py", line 79, in invoke
    r = await self.session.invoke(
  File "/usr/local/lib/python3.10/dist-packages/pyrogram/session/session.py", line 389, in invoke
    return await self.send(query, timeout=timeout)
  File "/usr/local/lib/python3.10/dist-packages/pyrogram/session/session.py", line 357, in send
    RPCError.raise_it(result, type(data))
  File "/usr/local/lib/python3.10/dist-packages/pyrogram/errors/rpc_error.py", line 91, in raise_it
    raise getattr(
pyrogram.errors.exceptions.bad_request_400.QueryIdInvalid: Telegram says: [400 QUERY_ID_INVALID] - The callback query id is invalid (caused by "messages.SetInlineBotResults")
[03/15/2026 02:58:22 PM:pyrogram.dispatcher:253:ERROR] Telegram says: [400 QUERY_ID_INVALID] - The callback query id is invalid (caused by "messages.SetInlineBotResults")
Traceback (most recent call last):
  File "/usr/local/lib/python3.10/dist-packages/pyrogram/dispatcher.py", line 240, in handler_worker
    await handler.callback(self.client, *args)
  File "/root/ANIMETOON/plugins/inline.py", line 96, in answer
    await query.answer(results=[],
  File "/usr/local/lib/python3.10/dist-packages/pyrogram/types/inline_mode/inline_query.py", line 172, in answer
    return await self._client.answer_inline_query(
  File "/usr/local/lib/python3.10/dist-packages/pyrogram/methods/bots/answer_inline_query.py", line 99, in answer_inline_query
    return await self.invoke(
  File "/usr/local/lib/python3.10/dist-packages/pyrogram/methods/advanced/invoke.py", line 79, in invoke
    r = await self.session.invoke(
  File "/usr/local/lib/python3.10/dist-packages/pyrogram/session/session.py", line 389, in invoke
    return await self.send(query, timeout=timeout)
  File "/usr/local/lib/python3.10/dist-packages/pyrogram/session/session.py", line 357, in send
    RPCError.raise_it(result, type(data))
  File "/usr/local/lib/python3.10/dist-packages/pyrogram/errors/rpc_error.py", line 91, in raise_it
    raise getattr(
pyrogram.errors.exceptions.bad_request_400.QueryIdInvalid: Telegram says: [400 QUERY_ID_INVALID] - The callback query id is invalid (caused by "messages.SetInlineBotResults")
[03/15/2026 02:58:46 PM:pyrogram.dispatcher:253:ERROR] Telegram says: [400 QUERY_ID_INVALID] - The callback query id is invalid (caused by "messages.SetInlineBotResults")
Traceback (most recent call last):
  File "/usr/local/lib/python3.10/dist-packages/pyrogram/dispatcher.py", line 240, in handler_worker
    await handler.callback(self.client, *args)
  File "/root/ANIMETOON/plugins/inline.py", line 96, in answer
    await query.answer(results=[],
  File "/usr/local/lib/python3.10/dist-packages/pyrogram/types/inline_mode/inline_query.py", line 172, in answer
    return await self._client.answer_inline_query(
  File "/usr/local/lib/python3.10/dist-packages/pyrogram/methods/bots/answer_inline_query.py", line 99, in answer_inline_query
    return await self.invoke(
  File "/usr/local/lib/python3.10/dist-packages/pyrogram/methods/advanced/invoke.py", line 79, in invoke
    r = await self.session.invoke(
  File "/usr/local/lib/python3.10/dist-packages/pyrogram/session/session.py", line 389, in invoke
    return await self.send(query, timeout=timeout)
  File "/usr/local/lib/python3.10/dist-packages/pyrogram/session/session.py", line 357, in send
    RPCError.raise_it(result, type(data))
  File "/usr/local/lib/python3.10/dist-packages/pyrogram/errors/rpc_error.py", line 91, in raise_it
    raise getattr(
pyrogram.errors.exceptions.bad_request_400.QueryIdInvalid: Telegram says: [400 QUERY_ID_INVALID] - The callback query id is invalid (caused by "messages.SetInlineBotResults")
[03/15/2026 02:58:49 PM:pyrogram.dispatcher:253:ERROR] Telegram says: [400 QUERY_ID_INVALID] - The callback query id is invalid (caused by "messages.SetInlineBotResults")
Traceback (most recent call last):
  File "/usr/local/lib/python3.10/dist-packages/pyrogram/dispatcher.py", line 240, in handler_worker
    await handler.callback(self.client, *args)
  File "/root/ANIMETOON/plugins/inline.py", line 96, in answer
    await query.answer(results=[],
  File "/usr/local/lib/python3.10/dist-packages/pyrogram/types/inline_mode/inline_query.py", line 172, in answer
    return await self._client.answer_inline_query(
  File "/usr/local/lib/python3.10/dist-packages/pyrogram/methods/bots/answer_inline_query.py", line 99, in answer_inline_query
    return await self.invoke(
  File "/usr/local/lib/python3.10/dist-packages/pyrogram/methods/advanced/invoke.py", line 79, in invoke
    r = await self.session.invoke(
  File "/usr/local/lib/python3.10/dist-packages/pyrogram/session/session.py", line 389, in invoke
    return await self.send(query, timeout=timeout)
  File "/usr/local/lib/python3.10/dist-packages/pyrogram/session/session.py", line 357, in send
    RPCError.raise_it(result, type(data))
  File "/usr/local/lib/python3.10/dist-packages/pyrogram/errors/rpc_error.py", line 91, in raise_it
    raise getattr(
pyrogram.errors.exceptions.bad_request_400.QueryIdInvalid: Telegram says: [400 QUERY_ID_INVALID] - The callback query id is invalid (caused by "messages.SetInlineBotResults")
[03/15/2026 02:58:50 PM:pyrogram.dispatcher:253:ERROR] Telegram says: [400 QUERY_ID_INVALID] - The callback query id is invalid (caused by "messages.SetInlineBotResults")
Traceback (most recent call last):
  File "/usr/local/lib/python3.10/dist-packages/pyrogram/dispatcher.py", line 240, in handler_worker
    await handler.callback(self.client, *args)
  File "/root/ANIMETOON/plugins/inline.py", line 96, in answer
    await query.answer(results=[],
  File "/usr/local/lib/python3.10/dist-packages/pyrogram/types/inline_mode/inline_query.py", line 172, in answer
    return await self._client.answer_inline_query(
  File "/usr/local/lib/python3.10/dist-packages/pyrogram/methods/bots/answer_inline_query.py", line 99, in answer_inline_query
    return await self.invoke(
  File "/usr/local/lib/python3.10/dist-packages/pyrogram/methods/advanced/invoke.py", line 79, in invoke
    r = await self.session.invoke(
  File "/usr/local/lib/python3.10/dist-packages/pyrogram/session/session.py", line 389, in invoke
    return await self.send(query, timeout=timeout)
  File "/usr/local/lib/python3.10/dist-packages/pyrogram/session/session.py", line 357, in send
    RPCError.raise_it(result, type(data))
  File "/usr/local/lib/python3.10/dist-packages/pyrogram/errors/rpc_error.py", line 91, in raise_it
    raise getattr(
pyrogram.errors.exceptions.bad_request_400.QueryIdInvalid: Telegram says: [400 QUERY_ID_INVALID] - The callback query id is invalid (caused by "messages.SetInlineBotResults")
[03/15/2026 02:58:51 PM:pyrogram.dispatcher:253:ERROR] Telegram says: [400 QUERY_ID_INVALID] - The callback query id is invalid (caused by "messages.SetInlineBotResults")
Traceback (most recent call last):
  File "/usr/local/lib/python3.10/dist-packages/pyrogram/dispatcher.py", line 240, in handler_worker
    await handler.callback(self.client, *args)
  File "/root/ANIMETOON/plugins/inline.py", line 96, in answer
    await query.answer(results=[],
  File "/usr/local/lib/python3.10/dist-packages/pyrogram/types/inline_mode/inline_query.py", line 172, in answer
    return await self._client.answer_inline_query(
  File "/usr/local/lib/python3.10/dist-packages/pyrogram/methods/bots/answer_inline_query.py", line 99, in answer_inline_query
    return await self.invoke(
  File "/usr/local/lib/python3.10/dist-packages/pyrogram/methods/advanced/invoke.py", line 79, in invoke
    r = await self.session.invoke(
  File "/usr/local/lib/python3.10/dist-packages/pyrogram/session/session.py", line 389, in invoke
    return await self.send(query, timeout=timeout)
  File "/usr/local/lib/python3.10/dist-packages/pyrogram/session/session.py", line 357, in send
    RPCError.raise_it(result, type(data))
  File "/usr/local/lib/python3.10/dist-packages/pyrogram/errors/rpc_error.py", line 91, in raise_it
    raise getattr(
pyrogram.errors.exceptions.bad_request_400.QueryIdInvalid: Telegram says: [400 QUERY_ID_INVALID] - The callback query id is invalid (caused by "messages.SetInlineBotResults")
[03/15/2026 02:58:51 PM:pyrogram.dispatcher:253:ERROR] Telegram says: [400 QUERY_ID_INVALID] - The callback query id is invalid (caused by "messages.SetInlineBotResults")
Traceback (most recent call last):
  File "/usr/local/lib/python3.10/dist-packages/pyrogram/dispatcher.py", line 240, in handler_worker
    await handler.callback(self.client, *args)
  File "/root/ANIMETOON/plugins/inline.py", line 96, in answer
    await query.answer(results=[],
  File "/usr/local/lib/python3.10/dist-packages/pyrogram/types/inline_mode/inline_query.py", line 172, in answer
    return await self._client.answer_inline_query(
  File "/usr/local/lib/python3.10/dist-packages/pyrogram/methods/bots/answer_inline_query.py", line 99, in answer_inline_query
    return await self.invoke(
  File "/usr/local/lib/python3.10/dist-packages/pyrogram/methods/advanced/invoke.py", line 79, in invoke
    r = await self.session.invoke(
  File "/usr/local/lib/python3.10/dist-packages/pyrogram/session/session.py", line 389, in invoke
    return await self.send(query, timeout=timeout)
  File "/usr/local/lib/python3.10/dist-packages/pyrogram/session/session.py", line 357, in send
    RPCError.raise_it(result, type(data))
  File "/usr/local/lib/python3.10/dist-packages/pyrogram/errors/rpc_error.py", line 91, in raise_it
    raise getattr(
pyrogram.errors.exceptions.bad_request_400.QueryIdInvalid: Telegram says: [400 QUERY_ID_INVALID] - The callback query id is invalid (caused by "messages.SetInlineBotResults")
[03/15/2026 03:00:16 PM:pyrogram.dispatcher:253:ERROR] name 'SELF_DELETE' is not defined
Traceback (most recent call last):
  File "/usr/local/lib/python3.10/dist-packages/pyrogram/dispatcher.py", line 240, in handler_worker
    await handler.callback(self.client, *args)
  File "/root/ANIMETOON/plugins/pm_filter.py", line 57, in give_filter
    await auto_filter(client, message)
  File "/root/ANIMETOON/plugins/pm_filter.py", line 759, in auto_filter
    if SELF_DELETE:
NameError: name 'SELF_DELETE' is not defined
[03/15/2026 03:13:39 PM:pyrogram.dispatcher:253:ERROR] name 'SELF_DELETE' is not defined
Traceback (most recent call last):
  File "/usr/local/lib/python3.10/dist-packages/pyrogram/dispatcher.py", line 240, in handler_worker
    await handler.callback(self.client, *args)
  File "/root/ANIMETOON/plugins/pm_filter.py", line 57, in give_filter
    await auto_filter(client, message)
  File "/root/ANIMETOON/plugins/pm_filter.py", line 759, in auto_filter
    if SELF_DELETE:
NameError: name 'SELF_DELETE' is not defined
[03/15/2026 03:14:05 PM:pyrogram.dispatcher:253:ERROR] name 'SELF_DELETE' is not defined
Traceback (most recent call last):
  File "/usr/local/lib/python3.10/dist-packages/pyrogram/dispatcher.py", line 240, in handler_worker
    await handler.callback(self.client, *args)
  File "/root/ANIMETOON/plugins/pm_filter.py", line 57, in give_filter
    await auto_filter(client, message)
  File "/root/ANIMETOON/plugins/pm_filter.py", line 759, in auto_filter
    if SELF_DELETE:
NameError: name 'SELF_DELETE' is not defined
[03/15/2026 03:14:21 PM:pyrogram.dispatcher:253:ERROR] name 'SELF_DELETE' is not defined
Traceback (most recent call last):
  File "/usr/local/lib/python3.10/dist-packages/pyrogram/dispatcher.py", line 240, in handler_worker
    await handler.callback(self.client, *args)
  File "/root/ANIMETOON/plugins/pm_filter.py", line 57, in give_filter
    await auto_filter(client, message)
  File "/root/ANIMETOON/plugins/pm_filter.py", line 759, in auto_filter
    if SELF_DELETE:
NameError: name 'SELF_DELETE' is not defined
[03/15/2026 03:15:30 PM:pyrogram.dispatcher:253:ERROR] name 'SELF_DELETE' is not defined
Traceback (most recent call last):
  File "/usr/local/lib/python3.10/dist-packages/pyrogram/dispatcher.py", line 240, in handler_worker
    await handler.callback(self.client, *args)
  File "/root/ANIMETOON/plugins/pm_filter.py", line 57, in give_filter
    await auto_filter(client, message)
  File "/root/ANIMETOON/plugins/pm_filter.py", line 759, in auto_filter
    if SELF_DELETE:
NameError: name 'SELF_DELETE' is not defined
[03/15/2026 03:16:57 PM:pyrogram.dispatcher:253:ERROR] name 'SELF_DELETE' is not defined
Traceback (most recent call last):
  File "/usr/local/lib/python3.10/dist-packages/pyrogram/dispatcher.py", line 240, in handler_worker
    await handler.callback(self.client, *args)
  File "/root/ANIMETOON/plugins/pm_filter.py", line 57, in give_filter
    await auto_filter(client, message)
  File "/root/ANIMETOON/plugins/pm_filter.py", line 759, in auto_filter
    if SELF_DELETE:
NameError: name 'SELF_DELETE' is not defined
[03/15/2026 03:20:52 PM:pyrogram.dispatcher:253:ERROR] name 'SELF_DELETE' is not defined
Traceback (most recent call last):
  File "/usr/local/lib/python3.10/dist-packages/pyrogram/dispatcher.py", line 240, in handler_worker
    await handler.callback(self.client, *args)
  File "/root/ANIMETOON/plugins/pm_filter.py", line 57, in give_filter
    await auto_filter(client, message)
  File "/root/ANIMETOON/plugins/pm_filter.py", line 759, in auto_filter
    if SELF_DELETE:
NameError: name 'SELF_DELETE' is not defined
[03/15/2026 03:22:06 PM:pyrogram.dispatcher:253:ERROR] name 'SELF_DELETE' is not defined
Traceback (most recent call last):
  File "/usr/local/lib/python3.10/dist-packages/pyrogram/dispatcher.py", line 240, in handler_worker
    await handler.callback(self.client, *args)
  File "/root/ANIMETOON/plugins/pm_filter.py", line 57, in give_filter
    await auto_filter(client, message)
  File "/root/ANIMETOON/plugins/pm_filter.py", line 759, in auto_filter
    if SELF_DELETE:
NameError: name 'SELF_DELETE' is not defined
[03/15/2026 03:30:49 PM:pyrogram.dispatcher:253:ERROR] name 'SELF_DELETE' is not defined
Traceback (most recent call last):
  File "/usr/local/lib/python3.10/dist-packages/pyrogram/dispatcher.py", line 240, in handler_worker
    await handler.callback(self.client, *args)
  File "/root/ANIMETOON/plugins/pm_filter.py", line 57, in give_filter
    await auto_filter(client, message)
  File "/root/ANIMETOON/plugins/pm_filter.py", line 759, in auto_filter
    if SELF_DELETE:
NameError: name 'SELF_DELETE' is not defined
[03/15/2026 03:30:58 PM:pyrogram.dispatcher:253:ERROR] name 'SELF_DELETE' is not defined
Traceback (most recent call last):
  File "/usr/local/lib/python3.10/dist-packages/pyrogram/dispatcher.py", line 240, in handler_worker
    await handler.callback(self.client, *args)
  File "/root/ANIMETOON/plugins/pm_filter.py", line 57, in give_filter
    await auto_filter(client, message)
  File "/root/ANIMETOON/plugins/pm_filter.py", line 759, in auto_filter
    if SELF_DELETE:
NameError: name 'SELF_DELETE' is not defined
[03/15/2026 03:31:31 PM:pyrogram.dispatcher:253:ERROR] name 'SELF_DELETE' is not defined
Traceback (most recent call last):
  File "/usr/local/lib/python3.10/dist-packages/pyrogram/dispatcher.py", line 240, in handler_worker
    await handler.callback(self.client, *args)
  File "/root/ANIMETOON/plugins/pm_filter.py", line 57, in give_filter
    await auto_filter(client, message)
  File "/root/ANIMETOON/plugins/pm_filter.py", line 759, in auto_filter
    if SELF_DELETE:
NameError: name 'SELF_DELETE' is not defined
[03/15/2026 03:31:37 PM:pyrogram.dispatcher:253:ERROR] name 'SELF_DELETE' is not defined
Traceback (most recent call last):
  File "/usr/local/lib/python3.10/dist-packages/pyrogram/dispatcher.py", line 240, in handler_worker
    await handler.callback(self.client, *args)
  File "/root/ANIMETOON/plugins/pm_filter.py", line 57, in give_filter
    await auto_filter(client, message)
  File "/root/ANIMETOON/plugins/pm_filter.py", line 759, in auto_filter
    if SELF_DELETE:
NameError: name 'SELF_DELETE' is not defined
[03/15/2026 03:32:09 PM:pyrogram.dispatcher:253:ERROR] name 'SELF_DELETE' is not defined
Traceback (most recent call last):
  File "/usr/local/lib/python3.10/dist-packages/pyrogram/dispatcher.py", line 240, in handler_worker
    await handler.callback(self.client, *args)
  File "/root/ANIMETOON/plugins/pm_filter.py", line 57, in give_filter
    await auto_filter(client, message)
  File "/root/ANIMETOON/plugins/pm_filter.py", line 759, in auto_filter
    if SELF_DELETE:
NameError: name 'SELF_DELETE' is not defined
[03/15/2026 03:32:13 PM:pyrogram.dispatcher:253:ERROR] name 'SELF_DELETE' is not defined
Traceback (most recent call last):
  File "/usr/local/lib/python3.10/dist-packages/pyrogram/dispatcher.py", line 240, in handler_worker
    await handler.callback(self.client, *args)
  File "/root/ANIMETOON/plugins/pm_filter.py", line 57, in give_filter
    await auto_filter(client, message)
  File "/root/ANIMETOON/plugins/pm_filter.py", line 759, in auto_filter
    if SELF_DELETE:
NameError: name 'SELF_DELETE' is not defined
[03/15/2026 03:32:17 PM:pyrogram.dispatcher:253:ERROR] name 'SELF_DELETE' is not defined
Traceback (most recent call last):
  File "/usr/local/lib/python3.10/dist-packages/pyrogram/dispatcher.py", line 240, in handler_worker
    await handler.callback(self.client, *args)
  File "/root/ANIMETOON/plugins/pm_filter.py", line 57, in give_filter
    await auto_filter(client, message)
  File "/root/ANIMETOON/plugins/pm_filter.py", line 759, in auto_filter
    if SELF_DELETE:
NameError: name 'SELF_DELETE' is not defined
[03/15/2026 03:32:45 PM:pyrogram.dispatcher:253:ERROR] name 'SELF_DELETE' is not defined
Traceback (most recent call last):
  File "/usr/local/lib/python3.10/dist-packages/pyrogram/dispatcher.py", line 240, in handler_worker
    await handler.callback(self.client, *args)
  File "/root/ANIMETOON/plugins/pm_filter.py", line 57, in give_filter
    await auto_filter(client, message)
  File "/root/ANIMETOON/plugins/pm_filter.py", line 759, in auto_filter
    if SELF_DELETE:
NameError: name 'SELF_DELETE' is not defined
[03/15/2026 03:32:48 PM:pyrogram.dispatcher:253:ERROR] name 'SELF_DELETE' is not defined
Traceback (most recent call last):
  File "/usr/local/lib/python3.10/dist-packages/pyrogram/dispatcher.py", line 240, in handler_worker
    await handler.callback(self.client, *args)
  File "/root/ANIMETOON/plugins/pm_filter.py", line 57, in give_filter
    await auto_filter(client, message)
  File "/root/ANIMETOON/plugins/pm_filter.py", line 759, in auto_filter
    if SELF_DELETE:
NameError: name 'SELF_DELETE' is not defined
[03/15/2026 03:32:50 PM:pyrogram.dispatcher:253:ERROR] name 'SELF_DELETE' is not defined
Traceback (most recent call last):
  File "/usr/local/lib/python3.10/dist-packages/pyrogram/dispatcher.py", line 240, in handler_worker
    await handler.callback(self.client, *args)
  File "/root/ANIMETOON/plugins/pm_filter.py", line 57, in give_filter
    await auto_filter(client, message)
  File "/root/ANIMETOON/plugins/pm_filter.py", line 759, in auto_filter
    if SELF_DELETE:
NameError: name 'SELF_DELETE' is not defined
[03/15/2026 03:32:53 PM:pyrogram.dispatcher:253:ERROR] name 'SELF_DELETE' is not defined
Traceback (most recent call last):
  File "/usr/local/lib/python3.10/dist-packages/pyrogram/dispatcher.py", line 240, in handler_worker
    await handler.callback(self.client, *args)
  File "/root/ANIMETOON/plugins/pm_filter.py", line 57, in give_filter
    await auto_filter(client, message)
  File "/root/ANIMETOON/plugins/pm_filter.py", line 759, in auto_filter
    if SELF_DELETE:
NameError: name 'SELF_DELETE' is not defined
[03/15/2026 03:33:29 PM:pyrogram.dispatcher:253:ERROR] name 'SELF_DELETE' is not defined
Traceback (most recent call last):
  File "/usr/local/lib/python3.10/dist-packages/pyrogram/dispatcher.py", line 240, in handler_worker
    await handler.callback(self.client, *args)
  File "/root/ANIMETOON/plugins/pm_filter.py", line 57, in give_filter
    await auto_filter(client, message)
  File "/root/ANIMETOON/plugins/pm_filter.py", line 759, in auto_filter
    if SELF_DELETE:
NameError: name 'SELF_DELETE' is not defined
[03/15/2026 03:34:00 PM:pyrogram.dispatcher:253:ERROR] name 'SELF_DELETE' is not defined
Traceback (most recent call last):
  File "/usr/local/lib/python3.10/dist-packages/pyrogram/dispatcher.py", line 240, in handler_worker
    await handler.callback(self.client, *args)
  File "/root/ANIMETOON/plugins/pm_filter.py", line 57, in give_filter
    await auto_filter(client, message)
  File "/root/ANIMETOON/plugins/pm_filter.py", line 759, in auto_filter
    if SELF_DELETE:
NameError: name 'SELF_DELETE' is not defined
[03/15/2026 03:34:17 PM:pyrogram.dispatcher:253:ERROR] name 'SELF_DELETE' is not defined
Traceback (most recent call last):
  File "/usr/local/lib/python3.10/dist-packages/pyrogram/dispatcher.py", line 240, in handler_worker
    await handler.callback(self.client, *args)
  File "/root/ANIMETOON/plugins/pm_filter.py", line 57, in give_filter
    await auto_filter(client, message)
  File "/root/ANIMETOON/plugins/pm_filter.py", line 759, in auto_filter
    if SELF_DELETE:
NameError: name 'SELF_DELETE' is not defined
[03/15/2026 03:38:33 PM:pyrogram.dispatcher:253:ERROR] name 'SELF_DELETE' is not defined
Traceback (most recent call last):
  File "/usr/local/lib/python3.10/dist-packages/pyrogram/dispatcher.py", line 240, in handler_worker
    await handler.callback(self.client, *args)
  File "/root/ANIMETOON/plugins/pm_filter.py", line 57, in give_filter
    await auto_filter(client, message)
  File "/root/ANIMETOON/plugins/pm_filter.py", line 759, in auto_filter
    if SELF_DELETE:
NameError: name 'SELF_DELETE' is not defined
[03/15/2026 03:39:32 PM:pyrogram.dispatcher:253:ERROR] name 'SELF_DELETE' is not defined
Traceback (most recent call last):
  File "/usr/local/lib/python3.10/dist-packages/pyrogram/dispatcher.py", line 240, in handler_worker
    await handler.callback(self.client, *args)
  File "/root/ANIMETOON/plugins/pm_filter.py", line 57, in give_filter
    await auto_filter(client, message)
  File "/root/ANIMETOON/plugins/pm_filter.py", line 759, in auto_filter
    if SELF_DELETE:
NameError: name 'SELF_DELETE' is not defined
[03/15/2026 03:40:41 PM:pyrogram.dispatcher:253:ERROR] name 'SELF_DELETE' is not defined
Traceback (most recent call last):
  File "/usr/local/lib/python3.10/dist-packages/pyrogram/dispatcher.py", line 240, in handler_worker
    await handler.callback(self.client, *args)
  File "/root/ANIMETOON/plugins/pm_filter.py", line 57, in give_filter
    await auto_filter(client, message)
  File "/root/ANIMETOON/plugins/pm_filter.py", line 759, in auto_filter
    if SELF_DELETE:
NameError: name 'SELF_DELETE' is not defined
[03/15/2026 03:41:26 PM:pyrogram.dispatcher:253:ERROR] name 'SELF_DELETE' is not defined
Traceback (most recent call last):
  File "/usr/local/lib/python3.10/dist-packages/pyrogram/dispatcher.py", line 240, in handler_worker
    await handler.callback(self.client, *args)
  File "/root/ANIMETOON/plugins/pm_filter.py", line 57, in give_filter
    await auto_filter(client, message)
  File "/root/ANIMETOON/plugins/pm_filter.py", line 759, in auto_filter
    if SELF_DELETE:
NameError: name 'SELF_DELETE' is not defined
[03/15/2026 03:42:09 PM:pyrogram.dispatcher:253:ERROR] name 'SELF_DELETE' is not defined
Traceback (most recent call last):
  File "/usr/local/lib/python3.10/dist-packages/pyrogram/dispatcher.py", line 240, in handler_worker
    await handler.callback(self.client, *args)
  File "/root/ANIMETOON/plugins/pm_filter.py", line 57, in give_filter
    await auto_filter(client, message)
  File "/root/ANIMETOON/plugins/pm_filter.py", line 759, in auto_filter
    if SELF_DELETE:
NameError: name 'SELF_DELETE' is not defined
[03/15/2026 03:42:47 PM:pyrogram.dispatcher:253:ERROR] name 'SELF_DELETE' is not defined
Traceback (most recent call last):
  File "/usr/local/lib/python3.10/dist-packages/pyrogram/dispatcher.py", line 240, in handler_worker
    await handler.callback(self.client, *args)
  File "/root/ANIMETOON/plugins/pm_filter.py", line 57, in give_filter
    await auto_filter(client, message)
  File "/root/ANIMETOON/plugins/pm_filter.py", line 759, in auto_filter
    if SELF_DELETE:
NameError: name 'SELF_DELETE' is not defined
[03/15/2026 03:43:21 PM:pyrogram.dispatcher:253:ERROR] name 'SELF_DELETE' is not defined
Traceback (most recent call last):
  File "/usr/local/lib/python3.10/dist-packages/pyrogram/dispatcher.py", line 240, in handler_worker
    await handler.callback(self.client, *args)
  File "/root/ANIMETOON/plugins/pm_filter.py", line 57, in give_filter
    await auto_filter(client, message)
  File "/root/ANIMETOON/plugins/pm_filter.py", line 759, in auto_filter
    if SELF_DELETE:
NameError: name 'SELF_DELETE' is not defined
[03/15/2026 03:44:48 PM:pyrogram.dispatcher:253:ERROR] name 'SELF_DELETE' is not defined
Traceback (most recent call last):
  File "/usr/local/lib/python3.10/dist-packages/pyrogram/dispatcher.py", line 240, in handler_worker
    await handler.callback(self.client, *args)
  File "/root/ANIMETOON/plugins/pm_filter.py", line 57, in give_filter
    await auto_filter(client, message)
  File "/root/ANIMETOON/plugins/pm_filter.py", line 759, in auto_filter
    if SELF_DELETE:
NameError: name 'SELF_DELETE' is not defined
[03/15/2026 03:44:48 PM:pyrogram.dispatcher:253:ERROR] Telegram says: [400 QUERY_ID_INVALID] - The callback query id is invalid (caused by "messages.SetBotCallbackAnswer")
Traceback (most recent call last):
  File "/usr/local/lib/python3.10/dist-packages/pyrogram/dispatcher.py", line 240, in handler_worker
    await handler.callback(self.client, *args)
  File "/root/ANIMETOON/plugins/pm_filter.py", line 141, in next_page
    await query.answer()
  File "/usr/local/lib/python3.10/dist-packages/pyrogram/types/bots_and_keyboards/callback_query.py", line 159, in answer
    return await self._client.answer_callback_query(
  File "/usr/local/lib/python3.10/dist-packages/pyrogram/methods/bots/answer_callback_query.py", line 73, in answer_callback_query
    return await self.invoke(
  File "/usr/local/lib/python3.10/dist-packages/pyrogram/methods/advanced/invoke.py", line 79, in invoke
    r = await self.session.invoke(
  File "/usr/local/lib/python3.10/dist-packages/pyrogram/session/session.py", line 389, in invoke
    return await self.send(query, timeout=timeout)
  File "/usr/local/lib/python3.10/dist-packages/pyrogram/session/session.py", line 357, in send
    RPCError.raise_it(result, type(data))
  File "/usr/local/lib/python3.10/dist-packages/pyrogram/errors/rpc_error.py", line 91, in raise_it
    raise getattr(
pyrogram.errors.exceptions.bad_request_400.QueryIdInvalid: Telegram says: [400 QUERY_ID_INVALID] - The callback query id is invalid (caused by "messages.SetBotCallbackAnswer")
[03/15/2026 03:44:49 PM:pyrogram.dispatcher:253:ERROR] Telegram says: [400 QUERY_ID_INVALID] - The callback query id is invalid (caused by "messages.SetBotCallbackAnswer")
Traceback (most recent call last):
  File "/usr/local/lib/python3.10/dist-packages/pyrogram/dispatcher.py", line 240, in handler_worker
    await handler.callback(self.client, *args)
  File "/root/ANIMETOON/plugins/pm_filter.py", line 141, in next_page
    await query.answer()
  File "/usr/local/lib/python3.10/dist-packages/pyrogram/types/bots_and_keyboards/callback_query.py", line 159, in answer
    return await self._client.answer_callback_query(
  File "/usr/local/lib/python3.10/dist-packages/pyrogram/methods/bots/answer_callback_query.py", line 73, in answer_callback_query
    return await self.invoke(
  File "/usr/local/lib/python3.10/dist-packages/pyrogram/methods/advanced/invoke.py", line 79, in invoke
    r = await self.session.invoke(
  File "/usr/local/lib/python3.10/dist-packages/pyrogram/session/session.py", line 389, in invoke
    return await self.send(query, timeout=timeout)
  File "/usr/local/lib/python3.10/dist-packages/pyrogram/session/session.py", line 357, in send
    RPCError.raise_it(result, type(data))
  File "/usr/local/lib/python3.10/dist-packages/pyrogram/errors/rpc_error.py", line 91, in raise_it
    raise getattr(
pyrogram.errors.exceptions.bad_request_400.QueryIdInvalid: Telegram says: [400 QUERY_ID_INVALID] - The callback query id is invalid (caused by "messages.SetBotCallbackAnswer")
[03/15/2026 03:44:49 PM:pyrogram.dispatcher:253:ERROR] Telegram says: [400 QUERY_ID_INVALID] - The callback query id is invalid (caused by "messages.SetBotCallbackAnswer")
Traceback (most recent call last):
  File "/usr/local/lib/python3.10/dist-packages/pyrogram/dispatcher.py", line 240, in handler_worker
    await handler.callback(self.client, *args)
  File "/root/ANIMETOON/plugins/pm_filter.py", line 141, in next_page
    await query.answer()
  File "/usr/local/lib/python3.10/dist-packages/pyrogram/types/bots_and_keyboards/callback_query.py", line 159, in answer
    return await self._client.answer_callback_query(
  File "/usr/local/lib/python3.10/dist-packages/pyrogram/methods/bots/answer_callback_query.py", line 73, in answer_callback_query
    return await self.invoke(
  File "/usr/local/lib/python3.10/dist-packages/pyrogram/methods/advanced/invoke.py", line 79, in invoke
    r = await self.session.invoke(
  File "/usr/local/lib/python3.10/dist-packages/pyrogram/session/session.py", line 389, in invoke
    return await self.send(query, timeout=timeout)
  File "/usr/local/lib/python3.10/dist-packages/pyrogram/session/session.py", line 357, in send
    RPCError.raise_it(result, type(data))
  File "/usr/local/lib/python3.10/dist-packages/pyrogram/errors/rpc_error.py", line 91, in raise_it
    raise getattr(
pyrogram.errors.exceptions.bad_request_400.QueryIdInvalid: Telegram says: [400 QUERY_ID_INVALID] - The callback query id is invalid (caused by "messages.SetBotCallbackAnswer")
[03/15/2026 03:44:49 PM:pyrogram.dispatcher:253:ERROR] Telegram says: [400 QUERY_ID_INVALID] - The callback query id is invalid (caused by "messages.SetBotCallbackAnswer")
Traceback (most recent call last):
  File "/usr/local/lib/python3.10/dist-packages/pyrogram/dispatcher.py", line 240, in handler_worker
    await handler.callback(self.client, *args)
  File "/root/ANIMETOON/plugins/pm_filter.py", line 141, in next_page
    await query.answer()
  File "/usr/local/lib/python3.10/dist-packages/pyrogram/types/bots_and_keyboards/callback_query.py", line 159, in answer
    return await self._client.answer_callback_query(
  File "/usr/local/lib/python3.10/dist-packages/pyrogram/methods/bots/answer_callback_query.py", line 73, in answer_callback_query
    return await self.invoke(
  File "/usr/local/lib/python3.10/dist-packages/pyrogram/methods/advanced/invoke.py", line 79, in invoke
    r = await self.session.invoke(
  File "/usr/local/lib/python3.10/dist-packages/pyrogram/session/session.py", line 389, in invoke
    return await self.send(query, timeout=timeout)
  File "/usr/local/lib/python3.10/dist-packages/pyrogram/session/session.py", line 357, in send
    RPCError.raise_it(result, type(data))
  File "/usr/local/lib/python3.10/dist-packages/pyrogram/errors/rpc_error.py", line 91, in raise_it
    raise getattr(
pyrogram.errors.exceptions.bad_request_400.QueryIdInvalid: Telegram says: [400 QUERY_ID_INVALID] - The callback query id is invalid (caused by "messages.SetBotCallbackAnswer")
[03/15/2026 03:44:49 PM:pyrogram.dispatcher:253:ERROR] Telegram says: [400 QUERY_ID_INVALID] - The callback query id is invalid (caused by "messages.SetBotCallbackAnswer")
Traceback (most recent call last):
  File "/usr/local/lib/python3.10/dist-packages/pyrogram/dispatcher.py", line 240, in handler_worker
    await handler.callback(self.client, *args)
  File "/root/ANIMETOON/plugins/pm_filter.py", line 141, in next_page
    await query.answer()
  File "/usr/local/lib/python3.10/dist-packages/pyrogram/types/bots_and_keyboards/callback_query.py", line 159, in answer
    return await self._client.answer_callback_query(
  File "/usr/local/lib/python3.10/dist-packages/pyrogram/methods/bots/answer_callback_query.py", line 73, in answer_callback_query
    return await self.invoke(
  File "/usr/local/lib/python3.10/dist-packages/pyrogram/methods/advanced/invoke.py", line 79, in invoke
    r = await self.session.invoke(
  File "/usr/local/lib/python3.10/dist-packages/pyrogram/session/session.py", line 389, in invoke
    return await self.send(query, timeout=timeout)
  File "/usr/local/lib/python3.10/dist-packages/pyrogram/session/session.py", line 357, in send
    RPCError.raise_it(result, type(data))
  File "/usr/local/lib/python3.10/dist-packages/pyrogram/errors/rpc_error.py", line 91, in raise_it
    raise getattr(
pyrogram.errors.exceptions.bad_request_400.QueryIdInvalid: Telegram says: [400 QUERY_ID_INVALID] - The callback query id is invalid (caused by "messages.SetBotCallbackAnswer")
[03/15/2026 03:44:49 PM:pyrogram.dispatcher:253:ERROR] Telegram says: [400 QUERY_ID_INVALID] - The callback query id is invalid (caused by "messages.SetBotCallbackAnswer")
Traceback (most recent call last):
  File "/usr/local/lib/python3.10/dist-packages/pyrogram/dispatcher.py", line 240, in handler_worker
    await handler.callback(self.client, *args)
  File "/root/ANIMETOON/plugins/pm_filter.py", line 141, in next_page
    await query.answer()
  File "/usr/local/lib/python3.10/dist-packages/pyrogram/types/bots_and_keyboards/callback_query.py", line 159, in answer
    return await self._client.answer_callback_query(
  File "/usr/local/lib/python3.10/dist-packages/pyrogram/methods/bots/answer_callback_query.py", line 73, in answer_callback_query
    return await self.invoke(
  File "/usr/local/lib/python3.10/dist-packages/pyrogram/methods/advanced/invoke.py", line 79, in invoke
    r = await self.session.invoke(
  File "/usr/local/lib/python3.10/dist-packages/pyrogram/session/session.py", line 389, in invoke
    return await self.send(query, timeout=timeout)
  File "/usr/local/lib/python3.10/dist-packages/pyrogram/session/session.py", line 357, in send
    RPCError.raise_it(result, type(data))
  File "/usr/local/lib/python3.10/dist-packages/pyrogram/errors/rpc_error.py", line 91, in raise_it
    raise getattr(
pyrogram.errors.exceptions.bad_request_400.QueryIdInvalid: Telegram says: [400 QUERY_ID_INVALID] - The callback query id is invalid (caused by "messages.SetBotCallbackAnswer")
[03/15/2026 03:44:49 PM:pyrogram.dispatcher:253:ERROR] Telegram says: [400 QUERY_ID_INVALID] - The callback query id is invalid (caused by "messages.SetBotCallbackAnswer")
Traceback (most recent call last):
  File "/usr/local/lib/python3.10/dist-packages/pyrogram/dispatcher.py", line 240, in handler_worker
    await handler.callback(self.client, *args)
  File "/root/ANIMETOON/plugins/pm_filter.py", line 141, in next_page
    await query.answer()
  File "/usr/local/lib/python3.10/dist-packages/pyrogram/types/bots_and_keyboards/callback_query.py", line 159, in answer
    return await self._client.answer_callback_query(
  File "/usr/local/lib/python3.10/dist-packages/pyrogram/methods/bots/answer_callback_query.py", line 73, in answer_callback_query
    return await self.invoke(
  File "/usr/local/lib/python3.10/dist-packages/pyrogram/methods/advanced/invoke.py", line 79, in invoke
    r = await self.session.invoke(
  File "/usr/local/lib/python3.10/dist-packages/pyrogram/session/session.py", line 389, in invoke
    return await self.send(query, timeout=timeout)
  File "/usr/local/lib/python3.10/dist-packages/pyrogram/session/session.py", line 357, in send
    RPCError.raise_it(result, type(data))
  File "/usr/local/lib/python3.10/dist-packages/pyrogram/errors/rpc_error.py", line 91, in raise_it
    raise getattr(
pyrogram.errors.exceptions.bad_request_400.QueryIdInvalid: Telegram says: [400 QUERY_ID_INVALID] - The callback query id is invalid (caused by "messages.SetBotCallbackAnswer")
[03/15/2026 03:44:49 PM:pyrogram.dispatcher:253:ERROR] Telegram says: [400 QUERY_ID_INVALID] - The callback query id is invalid (caused by "messages.SetBotCallbackAnswer")
Traceback (most recent call last):
  File "/usr/local/lib/python3.10/dist-packages/pyrogram/dispatcher.py", line 240, in handler_worker
    await handler.callback(self.client, *args)
  File "/root/ANIMETOON/plugins/pm_filter.py", line 141, in next_page
    await query.answer()
  File "/usr/local/lib/python3.10/dist-packages/pyrogram/types/bots_and_keyboards/callback_query.py", line 159, in answer
    return await self._client.answer_callback_query(
  File "/usr/local/lib/python3.10/dist-packages/pyrogram/methods/bots/answer_callback_query.py", line 73, in answer_callback_query
    return await self.invoke(
  File "/usr/local/lib/python3.10/dist-packages/pyrogram/methods/advanced/invoke.py", line 79, in invoke
    r = await self.session.invoke(
  File "/usr/local/lib/python3.10/dist-packages/pyrogram/session/session.py", line 389, in invoke
    return await self.send(query, timeout=timeout)
  File "/usr/local/lib/python3.10/dist-packages/pyrogram/session/session.py", line 357, in send
    RPCError.raise_it(result, type(data))
  File "/usr/local/lib/python3.10/dist-packages/pyrogram/errors/rpc_error.py", line 91, in raise_it
    raise getattr(
pyrogram.errors.exceptions.bad_request_400.QueryIdInvalid: Telegram says: [400 QUERY_ID_INVALID] - The callback query id is invalid (caused by "messages.SetBotCallbackAnswer")
[03/15/2026 03:44:49 PM:pyrogram.dispatcher:253:ERROR] Telegram says: [400 QUERY_ID_INVALID] - The callback query id is invalid (caused by "messages.SetBotCallbackAnswer")
Traceback (most recent call last):
  File "/usr/local/lib/python3.10/dist-packages/pyrogram/dispatcher.py", line 240, in handler_worker
    await handler.callback(self.client, *args)
  File "/root/ANIMETOON/plugins/pm_filter.py", line 141, in next_page
    await query.answer()
  File "/usr/local/lib/python3.10/dist-packages/pyrogram/types/bots_and_keyboards/callback_query.py", line 159, in answer
    return await self._client.answer_callback_query(
  File "/usr/local/lib/python3.10/dist-packages/pyrogram/methods/bots/answer_callback_query.py", line 73, in answer_callback_query
    return await self.invoke(
  File "/usr/local/lib/python3.10/dist-packages/pyrogram/methods/advanced/invoke.py", line 79, in invoke
    r = await self.session.invoke(
  File "/usr/local/lib/python3.10/dist-packages/pyrogram/session/session.py", line 389, in invoke
    return await self.send(query, timeout=timeout)
  File "/usr/local/lib/python3.10/dist-packages/pyrogram/session/session.py", line 357, in send
    RPCError.raise_it(result, type(data))
  File "/usr/local/lib/python3.10/dist-packages/pyrogram/errors/rpc_error.py", line 91, in raise_it
    raise getattr(
pyrogram.errors.exceptions.bad_request_400.QueryIdInvalid: Telegram says: [400 QUERY_ID_INVALID] - The callback query id is invalid (caused by "messages.SetBotCallbackAnswer")
[03/15/2026 03:44:49 PM:pyrogram.dispatcher:253:ERROR] Telegram says: [400 QUERY_ID_INVALID] - The callback query id is invalid (caused by "messages.SetBotCallbackAnswer")
Traceback (most recent call last):
  File "/usr/local/lib/python3.10/dist-packages/pyrogram/dispatcher.py", line 240, in handler_worker
    await handler.callback(self.client, *args)
  File "/root/ANIMETOON/plugins/pm_filter.py", line 141, in next_page
    await query.answer()
  File "/usr/local/lib/python3.10/dist-packages/pyrogram/types/bots_and_keyboards/callback_query.py", line 159, in answer
    return await self._client.answer_callback_query(
  File "/usr/local/lib/python3.10/dist-packages/pyrogram/methods/bots/answer_callback_query.py", line 73, in answer_callback_query
    return await self.invoke(
  File "/usr/local/lib/python3.10/dist-packages/pyrogram/methods/advanced/invoke.py", line 79, in invoke
    r = await self.session.invoke(
  File "/usr/local/lib/python3.10/dist-packages/pyrogram/session/session.py", line 389, in invoke
    return await self.send(query, timeout=timeout)
  File "/usr/local/lib/python3.10/dist-packages/pyrogram/session/session.py", line 357, in send
    RPCError.raise_it(result, type(data))
  File "/usr/local/lib/python3.10/dist-packages/pyrogram/errors/rpc_error.py", line 91, in raise_it
    raise getattr(
pyrogram.errors.exceptions.bad_request_400.QueryIdInvalid: Telegram says: [400 QUERY_ID_INVALID] - The callback query id is invalid (caused by "messages.SetBotCallbackAnswer")
[03/15/2026 03:44:49 PM:pyrogram.dispatcher:253:ERROR] Telegram says: [400 QUERY_ID_INVALID] - The callback query id is invalid (caused by "messages.SetBotCallbackAnswer")
Traceback (most recent call last):
  File "/usr/local/lib/python3.10/dist-packages/pyrogram/dispatcher.py", line 240, in handler_worker
    await handler.callback(self.client, *args)
  File "/root/ANIMETOON/plugins/pm_filter.py", line 141, in next_page
    await query.answer()
  File "/usr/local/lib/python3.10/dist-packages/pyrogram/types/bots_and_keyboards/callback_query.py", line 159, in answer
    return await self._client.answer_callback_query(
  File "/usr/local/lib/python3.10/dist-packages/pyrogram/methods/bots/answer_callback_query.py", line 73, in answer_callback_query
    return await self.invoke(
  File "/usr/local/lib/python3.10/dist-packages/pyrogram/methods/advanced/invoke.py", line 79, in invoke
    r = await self.session.invoke(
  File "/usr/local/lib/python3.10/dist-packages/pyrogram/session/session.py", line 389, in invoke
    return await self.send(query, timeout=timeout)
  File "/usr/local/lib/python3.10/dist-packages/pyrogram/session/session.py", line 357, in send
    RPCError.raise_it(result, type(data))
  File "/usr/local/lib/python3.10/dist-packages/pyrogram/errors/rpc_error.py", line 91, in raise_it
    raise getattr(
pyrogram.errors.exceptions.bad_request_400.QueryIdInvalid: Telegram says: [400 QUERY_ID_INVALID] - The callback query id is invalid (caused by "messages.SetBotCallbackAnswer")
[03/15/2026 03:44:49 PM:pyrogram.dispatcher:253:ERROR] Telegram says: [400 QUERY_ID_INVALID] - The callback query id is invalid (caused by "messages.SetBotCallbackAnswer")
Traceback (most recent call last):
  File "/usr/local/lib/python3.10/dist-packages/pyrogram/dispatcher.py", line 240, in handler_worker
    await handler.callback(self.client, *args)
  File "/root/ANIMETOON/plugins/pm_filter.py", line 141, in next_page
    await query.answer()
  File "/usr/local/lib/python3.10/dist-packages/pyrogram/types/bots_and_keyboards/callback_query.py", line 159, in answer
    return await self._client.answer_callback_query(
  File "/usr/local/lib/python3.10/dist-packages/pyrogram/methods/bots/answer_callback_query.py", line 73, in answer_callback_query
    return await self.invoke(
  File "/usr/local/lib/python3.10/dist-packages/pyrogram/methods/advanced/invoke.py", line 79, in invoke
    r = await self.session.invoke(
  File "/usr/local/lib/python3.10/dist-packages/pyrogram/session/session.py", line 389, in invoke
    return await self.send(query, timeout=timeout)
  File "/usr/local/lib/python3.10/dist-packages/pyrogram/session/session.py", line 357, in send
    RPCError.raise_it(result, type(data))
  File "/usr/local/lib/python3.10/dist-packages/pyrogram/errors/rpc_error.py", line 91, in raise_it
    raise getattr(
pyrogram.errors.exceptions.bad_request_400.QueryIdInvalid: Telegram says: [400 QUERY_ID_INVALID] - The callback query id is invalid (caused by "messages.SetBotCallbackAnswer")
[03/15/2026 03:44:49 PM:pyrogram.dispatcher:253:ERROR] Telegram says: [400 QUERY_ID_INVALID] - The callback query id is invalid (caused by "messages.SetBotCallbackAnswer")
Traceback (most recent call last):
  File "/usr/local/lib/python3.10/dist-packages/pyrogram/dispatcher.py", line 240, in handler_worker
    await handler.callback(self.client, *args)
  File "/root/ANIMETOON/plugins/pm_filter.py", line 141, in next_page
    await query.answer()
  File "/usr/local/lib/python3.10/dist-packages/pyrogram/types/bots_and_keyboards/callback_query.py", line 159, in answer
    return await self._client.answer_callback_query(
  File "/usr/local/lib/python3.10/dist-packages/pyrogram/methods/bots/answer_callback_query.py", line 73, in answer_callback_query
    return await self.invoke(
  File "/usr/local/lib/python3.10/dist-packages/pyrogram/methods/advanced/invoke.py", line 79, in invoke
    r = await self.session.invoke(
  File "/usr/local/lib/python3.10/dist-packages/pyrogram/session/session.py", line 389, in invoke
    return await self.send(query, timeout=timeout)
  File "/usr/local/lib/python3.10/dist-packages/pyrogram/session/session.py", line 357, in send
    RPCError.raise_it(result, type(data))
  File "/usr/local/lib/python3.10/dist-packages/pyrogram/errors/rpc_error.py", line 91, in raise_it
    raise getattr(
pyrogram.errors.exceptions.bad_request_400.QueryIdInvalid: Telegram says: [400 QUERY_ID_INVALID] - The callback query id is invalid (caused by "messages.SetBotCallbackAnswer")
[03/15/2026 03:44:49 PM:pyrogram.dispatcher:253:ERROR] Telegram says: [400 QUERY_ID_INVALID] - The callback query id is invalid (caused by "messages.SetBotCallbackAnswer")
Traceback (most recent call last):
  File "/usr/local/lib/python3.10/dist-packages/pyrogram/dispatcher.py", line 240, in handler_worker
    await handler.callback(self.client, *args)
  File "/root/ANIMETOON/plugins/pm_filter.py", line 141, in next_page
    await query.answer()
  File "/usr/local/lib/python3.10/dist-packages/pyrogram/types/bots_and_keyboards/callback_query.py", line 159, in answer
    return await self._client.answer_callback_query(
  File "/usr/local/lib/python3.10/dist-packages/pyrogram/methods/bots/answer_callback_query.py", line 73, in answer_callback_query
    return await self.invoke(
  File "/usr/local/lib/python3.10/dist-packages/pyrogram/methods/advanced/invoke.py", line 79, in invoke
    r = await self.session.invoke(
  File "/usr/local/lib/python3.10/dist-packages/pyrogram/session/session.py", line 389, in invoke
    return await self.send(query, timeout=timeout)
  File "/usr/local/lib/python3.10/dist-packages/pyrogram/session/session.py", line 357, in send
    RPCError.raise_it(result, type(data))
  File "/usr/local/lib/python3.10/dist-packages/pyrogram/errors/rpc_error.py", line 91, in raise_it
    raise getattr(
pyrogram.errors.exceptions.bad_request_400.QueryIdInvalid: Telegram says: [400 QUERY_ID_INVALID] - The callback query id is invalid (caused by "messages.SetBotCallbackAnswer")
[03/15/2026 03:44:49 PM:pyrogram.dispatcher:253:ERROR] Telegram says: [400 QUERY_ID_INVALID] - The callback query id is invalid (caused by "messages.SetBotCallbackAnswer")
Traceback (most recent call last):
  File "/usr/local/lib/python3.10/dist-packages/pyrogram/dispatcher.py", line 240, in handler_worker
    await handler.callback(self.client, *args)
  File "/root/ANIMETOON/plugins/pm_filter.py", line 141, in next_page
    await query.answer()
  File "/usr/local/lib/python3.10/dist-packages/pyrogram/types/bots_and_keyboards/callback_query.py", line 159, in answer
    return await self._client.answer_callback_query(
  File "/usr/local/lib/python3.10/dist-packages/pyrogram/methods/bots/answer_callback_query.py", line 73, in answer_callback_query
    return await self.invoke(
  File "/usr/local/lib/python3.10/dist-packages/pyrogram/methods/advanced/invoke.py", line 79, in invoke
    r = await self.session.invoke(
  File "/usr/local/lib/python3.10/dist-packages/pyrogram/session/session.py", line 389, in invoke
    return await self.send(query, timeout=timeout)
  File "/usr/local/lib/python3.10/dist-packages/pyrogram/session/session.py", line 357, in send
    RPCError.raise_it(result, type(data))
  File "/usr/local/lib/python3.10/dist-packages/pyrogram/errors/rpc_error.py", line 91, in raise_it
    raise getattr(
pyrogram.errors.exceptions.bad_request_400.QueryIdInvalid: Telegram says: [400 QUERY_ID_INVALID] - The callback query id is invalid (caused by "messages.SetBotCallbackAnswer")
[03/15/2026 03:44:49 PM:pyrogram.dispatcher:253:ERROR] Telegram says: [400 QUERY_ID_INVALID] - The callback query id is invalid (caused by "messages.SetBotCallbackAnswer")
Traceback (most recent call last):
  File "/usr/local/lib/python3.10/dist-packages/pyrogram/dispatcher.py", line 240, in handler_worker
    await handler.callback(self.client, *args)
  File "/root/ANIMETOON/plugins/pm_filter.py", line 141, in next_page
    await query.answer()
  File "/usr/local/lib/python3.10/dist-packages/pyrogram/types/bots_and_keyboards/callback_query.py", line 159, in answer
    return await self._client.answer_callback_query(
  File "/usr/local/lib/python3.10/dist-packages/pyrogram/methods/bots/answer_callback_query.py", line 73, in answer_callback_query
    return await self.invoke(
  File "/usr/local/lib/python3.10/dist-packages/pyrogram/methods/advanced/invoke.py", line 79, in invoke
    r = await self.session.invoke(
  File "/usr/local/lib/python3.10/dist-packages/pyrogram/session/session.py", line 389, in invoke
    return await self.send(query, timeout=timeout)
  File "/usr/local/lib/python3.10/dist-packages/pyrogram/session/session.py", line 357, in send
    RPCError.raise_it(result, type(data))
  File "/usr/local/lib/python3.10/dist-packages/pyrogram/errors/rpc_error.py", line 91, in raise_it
    raise getattr(
pyrogram.errors.exceptions.bad_request_400.QueryIdInvalid: Telegram says: [400 QUERY_ID_INVALID] - The callback query id is invalid (caused by "messages.SetBotCallbackAnswer")
[03/15/2026 03:44:49 PM:pyrogram.dispatcher:253:ERROR] Telegram says: [400 QUERY_ID_INVALID] - The callback query id is invalid (caused by "messages.SetBotCallbackAnswer")
Traceback (most recent call last):
  File "/usr/local/lib/python3.10/dist-packages/pyrogram/dispatcher.py", line 240, in handler_worker
    await handler.callback(self.client, *args)
  File "/root/ANIMETOON/plugins/pm_filter.py", line 141, in next_page
    await query.answer()
  File "/usr/local/lib/python3.10/dist-packages/pyrogram/types/bots_and_keyboards/callback_query.py", line 159, in answer
    return await self._client.answer_callback_query(
  File "/usr/local/lib/python3.10/dist-packages/pyrogram/methods/bots/answer_callback_query.py", line 73, in answer_callback_query
    return await self.invoke(
  File "/usr/local/lib/python3.10/dist-packages/pyrogram/methods/advanced/invoke.py", line 79, in invoke
    r = await self.session.invoke(
  File "/usr/local/lib/python3.10/dist-packages/pyrogram/session/session.py", line 389, in invoke
    return await self.send(query, timeout=timeout)
  File "/usr/local/lib/python3.10/dist-packages/pyrogram/session/session.py", line 357, in send
    RPCError.raise_it(result, type(data))
  File "/usr/local/lib/python3.10/dist-packages/pyrogram/errors/rpc_error.py", line 91, in raise_it
    raise getattr(
pyrogram.errors.exceptions.bad_request_400.QueryIdInvalid: Telegram says: [400 QUERY_ID_INVALID] - The callback query id is invalid (caused by "messages.SetBotCallbackAnswer")
[03/15/2026 03:44:49 PM:pyrogram.dispatcher:253:ERROR] Telegram says: [400 QUERY_ID_INVALID] - The callback query id is invalid (caused by "messages.SetBotCallbackAnswer")
Traceback (most recent call last):
  File "/usr/local/lib/python3.10/dist-packages/pyrogram/dispatcher.py", line 240, in handler_worker
    await handler.callback(self.client, *args)
  File "/root/ANIMETOON/plugins/pm_filter.py", line 141, in next_page
    await query.answer()
  File "/usr/local/lib/python3.10/dist-packages/pyrogram/types/bots_and_keyboards/callback_query.py", line 159, in answer
    return await self._client.answer_callback_query(
  File "/usr/local/lib/python3.10/dist-packages/pyrogram/methods/bots/answer_callback_query.py", line 73, in answer_callback_query
    return await self.invoke(
  File "/usr/local/lib/python3.10/dist-packages/pyrogram/methods/advanced/invoke.py", line 79, in invoke
    r = await self.session.invoke(
  File "/usr/local/lib/python3.10/dist-packages/pyrogram/session/session.py", line 389, in invoke
    return await self.send(query, timeout=timeout)
  File "/usr/local/lib/python3.10/dist-packages/pyrogram/session/session.py", line 357, in send
    RPCError.raise_it(result, type(data))
  File "/usr/local/lib/python3.10/dist-packages/pyrogram/errors/rpc_error.py", line 91, in raise_it
    raise getattr(
pyrogram.errors.exceptions.bad_request_400.QueryIdInvalid: Telegram says: [400 QUERY_ID_INVALID] - The callback query id is invalid (caused by "messages.SetBotCallbackAnswer")
[03/15/2026 03:44:49 PM:pyrogram.dispatcher:253:ERROR] Telegram says: [400 QUERY_ID_INVALID] - The callback query id is invalid (caused by "messages.SetBotCallbackAnswer")
Traceback (most recent call last):
  File "/usr/local/lib/python3.10/dist-packages/pyrogram/dispatcher.py", line 240, in handler_worker
    await handler.callback(self.client, *args)
  File "/root/ANIMETOON/plugins/pm_filter.py", line 141, in next_page
    await query.answer()
  File "/usr/local/lib/python3.10/dist-packages/pyrogram/types/bots_and_keyboards/callback_query.py", line 159, in answer
    return await self._client.answer_callback_query(
  File "/usr/local/lib/python3.10/dist-packages/pyrogram/methods/bots/answer_callback_query.py", line 73, in answer_callback_query
    return await self.invoke(
  File "/usr/local/lib/python3.10/dist-packages/pyrogram/methods/advanced/invoke.py", line 79, in invoke
    r = await self.session.invoke(
  File "/usr/local/lib/python3.10/dist-packages/pyrogram/session/session.py", line 389, in invoke
    return await self.send(query, timeout=timeout)
  File "/usr/local/lib/python3.10/dist-packages/pyrogram/session/session.py", line 357, in send
    RPCError.raise_it(result, type(data))
  File "/usr/local/lib/python3.10/dist-packages/pyrogram/errors/rpc_error.py", line 91, in raise_it
    raise getattr(
pyrogram.errors.exceptions.bad_request_400.QueryIdInvalid: Telegram says: [400 QUERY_ID_INVALID] - The callback query id is invalid (caused by "messages.SetBotCallbackAnswer")
[03/15/2026 03:44:49 PM:pyrogram.dispatcher:253:ERROR] Telegram says: [400 QUERY_ID_INVALID] - The callback query id is invalid (caused by "messages.SetBotCallbackAnswer")
Traceback (most recent call last):
  File "/usr/local/lib/python3.10/dist-packages/pyrogram/dispatcher.py", line 240, in handler_worker
    await handler.callback(self.client, *args)
  File "/root/ANIMETOON/plugins/pm_filter.py", line 141, in next_page
    await query.answer()
  File "/usr/local/lib/python3.10/dist-packages/pyrogram/types/bots_and_keyboards/callback_query.py", line 159, in answer
    return await self._client.answer_callback_query(
  File "/usr/local/lib/python3.10/dist-packages/pyrogram/methods/bots/answer_callback_query.py", line 73, in answer_callback_query
    return await self.invoke(
  File "/usr/local/lib/python3.10/dist-packages/pyrogram/methods/advanced/invoke.py", line 79, in invoke
    r = await self.session.invoke(
  File "/usr/local/lib/python3.10/dist-packages/pyrogram/session/session.py", line 389, in invoke
    return await self.send(query, timeout=timeout)
  File "/usr/local/lib/python3.10/dist-packages/pyrogram/session/session.py", line 357, in send
    RPCError.raise_it(result, type(data))
  File "/usr/local/lib/python3.10/dist-packages/pyrogram/errors/rpc_error.py", line 91, in raise_it
    raise getattr(
pyrogram.errors.exceptions.bad_request_400.QueryIdInvalid: Telegram says: [400 QUERY_ID_INVALID] - The callback query id is invalid (caused by "messages.SetBotCallbackAnswer")
[03/15/2026 03:44:50 PM:pyrogram.dispatcher:253:ERROR] Telegram says: [400 QUERY_ID_INVALID] - The callback query id is invalid (caused by "messages.SetBotCallbackAnswer")
Traceback (most recent call last):
  File "/usr/local/lib/python3.10/dist-packages/pyrogram/dispatcher.py", line 240, in handler_worker
    await handler.callback(self.client, *args)
  File "/root/ANIMETOON/plugins/pm_filter.py", line 141, in next_page
    await query.answer()
  File "/usr/local/lib/python3.10/dist-packages/pyrogram/types/bots_and_keyboards/callback_query.py", line 159, in answer
    return await self._client.answer_callback_query(
  File "/usr/local/lib/python3.10/dist-packages/pyrogram/methods/bots/answer_callback_query.py", line 73, in answer_callback_query
    return await self.invoke(
  File "/usr/local/lib/python3.10/dist-packages/pyrogram/methods/advanced/invoke.py", line 79, in invoke
    r = await self.session.invoke(
  File "/usr/local/lib/python3.10/dist-packages/pyrogram/session/session.py", line 389, in invoke
    return await self.send(query, timeout=timeout)
  File "/usr/local/lib/python3.10/dist-packages/pyrogram/session/session.py", line 357, in send
    RPCError.raise_it(result, type(data))
  File "/usr/local/lib/python3.10/dist-packages/pyrogram/errors/rpc_error.py", line 91, in raise_it
    raise getattr(
pyrogram.errors.exceptions.bad_request_400.QueryIdInvalid: Telegram says: [400 QUERY_ID_INVALID] - The callback query id is invalid (caused by "messages.SetBotCallbackAnswer")
[03/15/2026 03:44:50 PM:pyrogram.dispatcher:253:ERROR] Telegram says: [400 QUERY_ID_INVALID] - The callback query id is invalid (caused by "messages.SetBotCallbackAnswer")
Traceback (most recent call last):
  File "/usr/local/lib/python3.10/dist-packages/pyrogram/dispatcher.py", line 240, in handler_worker
    await handler.callback(self.client, *args)
  File "/root/ANIMETOON/plugins/pm_filter.py", line 141, in next_page
    await query.answer()
  File "/usr/local/lib/python3.10/dist-packages/pyrogram/types/bots_and_keyboards/callback_query.py", line 159, in answer
    return await self._client.answer_callback_query(
  File "/usr/local/lib/python3.10/dist-packages/pyrogram/methods/bots/answer_callback_query.py", line 73, in answer_callback_query
    return await self.invoke(
  File "/usr/local/lib/python3.10/dist-packages/pyrogram/methods/advanced/invoke.py", line 79, in invoke
    r = await self.session.invoke(
  File "/usr/local/lib/python3.10/dist-packages/pyrogram/session/session.py", line 389, in invoke
    return await self.send(query, timeout=timeout)
  File "/usr/local/lib/python3.10/dist-packages/pyrogram/session/session.py", line 357, in send
    RPCError.raise_it(result, type(data))
  File "/usr/local/lib/python3.10/dist-packages/pyrogram/errors/rpc_error.py", line 91, in raise_it
    raise getattr(
pyrogram.errors.exceptions.bad_request_400.QueryIdInvalid: Telegram says: [400 QUERY_ID_INVALID] - The callback query id is invalid (caused by "messages.SetBotCallbackAnswer")
[03/15/2026 03:44:50 PM:pyrogram.dispatcher:253:ERROR] Telegram says: [400 QUERY_ID_INVALID] - The callback query id is invalid (caused by "messages.SetBotCallbackAnswer")
Traceback (most recent call last):
  File "/usr/local/lib/python3.10/dist-packages/pyrogram/dispatcher.py", line 240, in handler_worker
    await handler.callback(self.client, *args)
  File "/root/ANIMETOON/plugins/pm_filter.py", line 141, in next_page
    await query.answer()
  File "/usr/local/lib/python3.10/dist-packages/pyrogram/types/bots_and_keyboards/callback_query.py", line 159, in answer
    return await self._client.answer_callback_query(
  File "/usr/local/lib/python3.10/dist-packages/pyrogram/methods/bots/answer_callback_query.py", line 73, in answer_callback_query
    return await self.invoke(
  File "/usr/local/lib/python3.10/dist-packages/pyrogram/methods/advanced/invoke.py", line 79, in invoke
    r = await self.session.invoke(
  File "/usr/local/lib/python3.10/dist-packages/pyrogram/session/session.py", line 389, in invoke
    return await self.send(query, timeout=timeout)
  File "/usr/local/lib/python3.10/dist-packages/pyrogram/session/session.py", line 357, in send
    RPCError.raise_it(result, type(data))
  File "/usr/local/lib/python3.10/dist-packages/pyrogram/errors/rpc_error.py", line 91, in raise_it
    raise getattr(
pyrogram.errors.exceptions.bad_request_400.QueryIdInvalid: Telegram says: [400 QUERY_ID_INVALID] - The callback query id is invalid (caused by "messages.SetBotCallbackAnswer")
[03/15/2026 03:44:50 PM:pyrogram.dispatcher:253:ERROR] Telegram says: [400 QUERY_ID_INVALID] - The callback query id is invalid (caused by "messages.SetBotCallbackAnswer")
Traceback (most recent call last):
  File "/usr/local/lib/python3.10/dist-packages/pyrogram/dispatcher.py", line 240, in handler_worker
    await handler.callback(self.client, *args)
  File "/root/ANIMETOON/plugins/pm_filter.py", line 141, in next_page
    await query.answer()
  File "/usr/local/lib/python3.10/dist-packages/pyrogram/types/bots_and_keyboards/callback_query.py", line 159, in answer
    return await self._client.answer_callback_query(
  File "/usr/local/lib/python3.10/dist-packages/pyrogram/methods/bots/answer_callback_query.py", line 73, in answer_callback_query
    return await self.invoke(
  File "/usr/local/lib/python3.10/dist-packages/pyrogram/methods/advanced/invoke.py", line 79, in invoke
    r = await self.session.invoke(
  File "/usr/local/lib/python3.10/dist-packages/pyrogram/session/session.py", line 389, in invoke
    return await self.send(query, timeout=timeout)
  File "/usr/local/lib/python3.10/dist-packages/pyrogram/session/session.py", line 357, in send
    RPCError.raise_it(result, type(data))
  File "/usr/local/lib/python3.10/dist-packages/pyrogram/errors/rpc_error.py", line 91, in raise_it
    raise getattr(
pyrogram.errors.exceptions.bad_request_400.QueryIdInvalid: Telegram says: [400 QUERY_ID_INVALID] - The callback query id is invalid (caused by "messages.SetBotCallbackAnswer")
[03/15/2026 03:44:50 PM:pyrogram.dispatcher:253:ERROR] Telegram says: [400 QUERY_ID_INVALID] - The callback query id is invalid (caused by "messages.SetBotCallbackAnswer")
Traceback (most recent call last):
  File "/usr/local/lib/python3.10/dist-packages/pyrogram/dispatcher.py", line 240, in handler_worker
    await handler.callback(self.client, *args)
  File "/root/ANIMETOON/plugins/pm_filter.py", line 141, in next_page
    await query.answer()
  File "/usr/local/lib/python3.10/dist-packages/pyrogram/types/bots_and_keyboards/callback_query.py", line 159, in answer
    return await self._client.answer_callback_query(
  File "/usr/local/lib/python3.10/dist-packages/pyrogram/methods/bots/answer_callback_query.py", line 73, in answer_callback_query
    return await self.invoke(
  File "/usr/local/lib/python3.10/dist-packages/pyrogram/methods/advanced/invoke.py", line 79, in invoke
    r = await self.session.invoke(
  File "/usr/local/lib/python3.10/dist-packages/pyrogram/session/session.py", line 389, in invoke
    return await self.send(query, timeout=timeout)
  File "/usr/local/lib/python3.10/dist-packages/pyrogram/session/session.py", line 357, in send
    RPCError.raise_it(result, type(data))
  File "/usr/local/lib/python3.10/dist-packages/pyrogram/errors/rpc_error.py", line 91, in raise_it
    raise getattr(
pyrogram.errors.exceptions.bad_request_400.QueryIdInvalid: Telegram says: [400 QUERY_ID_INVALID] - The callback query id is invalid (caused by "messages.SetBotCallbackAnswer")
[03/15/2026 03:44:51 PM:pyrogram.dispatcher:253:ERROR] Telegram says: [400 QUERY_ID_INVALID] - The callback query id is invalid (caused by "messages.SetBotCallbackAnswer")
Traceback (most recent call last):
  File "/usr/local/lib/python3.10/dist-packages/pyrogram/dispatcher.py", line 240, in handler_worker
    await handler.callback(self.client, *args)
  File "/root/ANIMETOON/plugins/pm_filter.py", line 141, in next_page
    await query.answer()
  File "/usr/local/lib/python3.10/dist-packages/pyrogram/types/bots_and_keyboards/callback_query.py", line 159, in answer
    return await self._client.answer_callback_query(
  File "/usr/local/lib/python3.10/dist-packages/pyrogram/methods/bots/answer_callback_query.py", line 73, in answer_callback_query
    return await self.invoke(
  File "/usr/local/lib/python3.10/dist-packages/pyrogram/methods/advanced/invoke.py", line 79, in invoke
    r = await self.session.invoke(
  File "/usr/local/lib/python3.10/dist-packages/pyrogram/session/session.py", line 389, in invoke
    return await self.send(query, timeout=timeout)
  File "/usr/local/lib/python3.10/dist-packages/pyrogram/session/session.py", line 357, in send
    RPCError.raise_it(result, type(data))
  File "/usr/local/lib/python3.10/dist-packages/pyrogram/errors/rpc_error.py", line 91, in raise_it
    raise getattr(
pyrogram.errors.exceptions.bad_request_400.QueryIdInvalid: Telegram says: [400 QUERY_ID_INVALID] - The callback query id is invalid (caused by "messages.SetBotCallbackAnswer")
[03/15/2026 03:44:52 PM:pyrogram.dispatcher:253:ERROR] name 'SELF_DELETE' is not defined
Traceback (most recent call last):
  File "/usr/local/lib/python3.10/dist-packages/pyrogram/dispatcher.py", line 240, in handler_worker
    await handler.callback(self.client, *args)
  File "/root/ANIMETOON/plugins/pm_filter.py", line 57, in give_filter
    await auto_filter(client, message)
  File "/root/ANIMETOON/plugins/pm_filter.py", line 759, in auto_filter
    if SELF_DELETE:
NameError: name 'SELF_DELETE' is not defined
[03/15/2026 03:44:52 PM:pyrogram.dispatcher:253:ERROR] Telegram says: [400 QUERY_ID_INVALID] - The callback query id is invalid (caused by "messages.SetBotCallbackAnswer")
Traceback (most recent call last):
  File "/usr/local/lib/python3.10/dist-packages/pyrogram/dispatcher.py", line 240, in handler_worker
    await handler.callback(self.client, *args)
  File "/root/ANIMETOON/plugins/pm_filter.py", line 141, in next_page
    await query.answer()
  File "/usr/local/lib/python3.10/dist-packages/pyrogram/types/bots_and_keyboards/callback_query.py", line 159, in answer
    return await self._client.answer_callback_query(
  File "/usr/local/lib/python3.10/dist-packages/pyrogram/methods/bots/answer_callback_query.py", line 73, in answer_callback_query
    return await self.invoke(
  File "/usr/local/lib/python3.10/dist-packages/pyrogram/methods/advanced/invoke.py", line 79, in invoke
    r = await self.session.invoke(
  File "/usr/local/lib/python3.10/dist-packages/pyrogram/session/session.py", line 389, in invoke
    return await self.send(query, timeout=timeout)
  File "/usr/local/lib/python3.10/dist-packages/pyrogram/session/session.py", line 357, in send
    RPCError.raise_it(result, type(data))
  File "/usr/local/lib/python3.10/dist-packages/pyrogram/errors/rpc_error.py", line 91, in raise_it
    raise getattr(
pyrogram.errors.exceptions.bad_request_400.QueryIdInvalid: Telegram says: [400 QUERY_ID_INVALID] - The callback query id is invalid (caused by "messages.SetBotCallbackAnswer")
[03/15/2026 03:44:52 PM:pyrogram.dispatcher:253:ERROR] Telegram says: [400 QUERY_ID_INVALID] - The callback query id is invalid (caused by "messages.SetBotCallbackAnswer")
Traceback (most recent call last):
  File "/usr/local/lib/python3.10/dist-packages/pyrogram/dispatcher.py", line 240, in handler_worker
    await handler.callback(self.client, *args)
  File "/root/ANIMETOON/plugins/pm_filter.py", line 141, in next_page
    await query.answer()
  File "/usr/local/lib/python3.10/dist-packages/pyrogram/types/bots_and_keyboards/callback_query.py", line 159, in answer
    return await self._client.answer_callback_query(
  File "/usr/local/lib/python3.10/dist-packages/pyrogram/methods/bots/answer_callback_query.py", line 73, in answer_callback_query
    return await self.invoke(
  File "/usr/local/lib/python3.10/dist-packages/pyrogram/methods/advanced/invoke.py", line 79, in invoke
    r = await self.session.invoke(
  File "/usr/local/lib/python3.10/dist-packages/pyrogram/session/session.py", line 389, in invoke
    return await self.send(query, timeout=timeout)
  File "/usr/local/lib/python3.10/dist-packages/pyrogram/session/session.py", line 357, in send
    RPCError.raise_it(result, type(data))
  File "/usr/local/lib/python3.10/dist-packages/pyrogram/errors/rpc_error.py", line 91, in raise_it
    raise getattr(
pyrogram.errors.exceptions.bad_request_400.QueryIdInvalid: Telegram says: [400 QUERY_ID_INVALID] - The callback query id is invalid (caused by "messages.SetBotCallbackAnswer")
[03/15/2026 03:44:53 PM:pyrogram.dispatcher:253:ERROR] Telegram says: [400 QUERY_ID_INVALID] - The callback query id is invalid (caused by "messages.SetBotCallbackAnswer")
Traceback (most recent call last):
  File "/usr/local/lib/python3.10/dist-packages/pyrogram/dispatcher.py", line 240, in handler_worker
    await handler.callback(self.client, *args)
  File "/root/ANIMETOON/plugins/pm_filter.py", line 141, in next_page
    await query.answer()
  File "/usr/local/lib/python3.10/dist-packages/pyrogram/types/bots_and_keyboards/callback_query.py", line 159, in answer
    return await self._client.answer_callback_query(
  File "/usr/local/lib/python3.10/dist-packages/pyrogram/methods/bots/answer_callback_query.py", line 73, in answer_callback_query
    return await self.invoke(
  File "/usr/local/lib/python3.10/dist-packages/pyrogram/methods/advanced/invoke.py", line 79, in invoke
    r = await self.session.invoke(
  File "/usr/local/lib/python3.10/dist-packages/pyrogram/session/session.py", line 389, in invoke
    return await self.send(query, timeout=timeout)
  File "/usr/local/lib/python3.10/dist-packages/pyrogram/session/session.py", line 357, in send
    RPCError.raise_it(result, type(data))
  File "/usr/local/lib/python3.10/dist-packages/pyrogram/errors/rpc_error.py", line 91, in raise_it
    raise getattr(
pyrogram.errors.exceptions.bad_request_400.QueryIdInvalid: Telegram says: [400 QUERY_ID_INVALID] - The callback query id is invalid (caused by "messages.SetBotCallbackAnswer")
[03/15/2026 03:44:54 PM:pyrogram.dispatcher:253:ERROR] Telegram says: [400 QUERY_ID_INVALID] - The callback query id is invalid (caused by "messages.SetBotCallbackAnswer")
Traceback (most recent call last):
  File "/usr/local/lib/python3.10/dist-packages/pyrogram/dispatcher.py", line 240, in handler_worker
    await handler.callback(self.client, *args)
  File "/root/ANIMETOON/plugins/pm_filter.py", line 141, in next_page
    await query.answer()
  File "/usr/local/lib/python3.10/dist-packages/pyrogram/types/bots_and_keyboards/callback_query.py", line 159, in answer
    return await self._client.answer_callback_query(
  File "/usr/local/lib/python3.10/dist-packages/pyrogram/methods/bots/answer_callback_query.py", line 73, in answer_callback_query
    return await self.invoke(
  File "/usr/local/lib/python3.10/dist-packages/pyrogram/methods/advanced/invoke.py", line 79, in invoke
    r = await self.session.invoke(
  File "/usr/local/lib/python3.10/dist-packages/pyrogram/session/session.py", line 389, in invoke
    return await self.send(query, timeout=timeout)
  File "/usr/local/lib/python3.10/dist-packages/pyrogram/session/session.py", line 357, in send
    RPCError.raise_it(result, type(data))
  File "/usr/local/lib/python3.10/dist-packages/pyrogram/errors/rpc_error.py", line 91, in raise_it
    raise getattr(
pyrogram.errors.exceptions.bad_request_400.QueryIdInvalid: Telegram says: [400 QUERY_ID_INVALID] - The callback query id is invalid (caused by "messages.SetBotCallbackAnswer")
[03/15/2026 03:47:22 PM:pyrogram.dispatcher:253:ERROR] name 'SELF_DELETE' is not defined
Traceback (most recent call last):
  File "/usr/local/lib/python3.10/dist-packages/pyrogram/dispatcher.py", line 240, in handler_worker
    await handler.callback(self.client, *args)
  File "/root/ANIMETOON/plugins/pm_filter.py", line 57, in give_filter
    await auto_filter(client, message)
  File "/root/ANIMETOON/plugins/pm_filter.py", line 759, in auto_filter
    if SELF_DELETE:
NameError: name 'SELF_DELETE' is not defined
[03/15/2026 03:51:38 PM:pyrogram.dispatcher:253:ERROR] name 'SELF_DELETE' is not defined
Traceback (most recent call last):
  File "/usr/local/lib/python3.10/dist-packages/pyrogram/dispatcher.py", line 240, in handler_worker
    await handler.callback(self.client, *args)
  File "/root/ANIMETOON/plugins/pm_filter.py", line 57, in give_filter
    await auto_filter(client, message)
  File "/root/ANIMETOON/plugins/pm_filter.py", line 759, in auto_filter
    if SELF_DELETE:
NameError: name 'SELF_DELETE' is not defined
[03/15/2026 03:55:16 PM:pyrogram.dispatcher:253:ERROR] name 'SELF_DELETE' is not defined
Traceback (most recent call last):
  File "/usr/local/lib/python3.10/dist-packages/pyrogram/dispatcher.py", line 240, in handler_worker
    await handler.callback(self.client, *args)
  File "/root/ANIMETOON/plugins/pm_filter.py", line 57, in give_filter
    await auto_filter(client, message)
  File "/root/ANIMETOON/plugins/pm_filter.py", line 759, in auto_filter
    if SELF_DELETE:
NameError: name 'SELF_DELETE' is not defined
[03/15/2026 03:55:57 PM:pyrogram.dispatcher:253:ERROR] name 'SELF_DELETE' is not defined
Traceback (most recent call last):
  File "/usr/local/lib/python3.10/dist-packages/pyrogram/dispatcher.py", line 240, in handler_worker
    await handler.callback(self.client, *args)
  File "/root/ANIMETOON/plugins/pm_filter.py", line 57, in give_filter
    await auto_filter(client, message)
  File "/root/ANIMETOON/plugins/pm_filter.py", line 759, in auto_filter
    if SELF_DELETE:
NameError: name 'SELF_DELETE' is not defined
[03/15/2026 03:56:16 PM:pyrogram.dispatcher:253:ERROR] name 'SELF_DELETE' is not defined
Traceback (most recent call last):
  File "/usr/local/lib/python3.10/dist-packages/pyrogram/dispatcher.py", line 240, in handler_worker
    await handler.callback(self.client, *args)
  File "/root/ANIMETOON/plugins/pm_filter.py", line 57, in give_filter
    await auto_filter(client, message)
  File "/root/ANIMETOON/plugins/pm_filter.py", line 759, in auto_filter
    if SELF_DELETE:
NameError: name 'SELF_DELETE' is not defined
[03/15/2026 04:01:44 PM:pyrogram.dispatcher:253:ERROR] name 'SELF_DELETE' is not defined
Traceback (most recent call last):
  File "/usr/local/lib/python3.10/dist-packages/pyrogram/dispatcher.py", line 240, in handler_worker
    await handler.callback(self.client, *args)
  File "/root/ANIMETOON/plugins/pm_filter.py", line 57, in give_filter
    await auto_filter(client, message)
  File "/root/ANIMETOON/plugins/pm_filter.py", line 759, in auto_filter
    if SELF_DELETE:
NameError: name 'SELF_DELETE' is not defined
[03/15/2026 04:05:39 PM:pyrogram.dispatcher:253:ERROR] name 'SELF_DELETE' is not defined
Traceback (most recent call last):
  File "/usr/local/lib/python3.10/dist-packages/pyrogram/dispatcher.py", line 240, in handler_worker
    await handler.callback(self.client, *args)
  File "/root/ANIMETOON/plugins/pm_filter.py", line 57, in give_filter
    await auto_filter(client, message)
  File "/root/ANIMETOON/plugins/pm_filter.py", line 759, in auto_filter
    if SELF_DELETE:
NameError: name 'SELF_DELETE' is not defined
[03/15/2026 04:05:44 PM:pyrogram.dispatcher:253:ERROR] name 'SELF_DELETE' is not defined
Traceback (most recent call last):
  File "/usr/local/lib/python3.10/dist-packages/pyrogram/dispatcher.py", line 240, in handler_worker
    await handler.callback(self.client, *args)
  File "/root/ANIMETOON/plugins/pm_filter.py", line 57, in give_filter
    await auto_filter(client, message)
  File "/root/ANIMETOON/plugins/pm_filter.py", line 759, in auto_filter
    if SELF_DELETE:
NameError: name 'SELF_DELETE' is not defined
[03/15/2026 04:05:48 PM:pyrogram.dispatcher:253:ERROR] name 'SELF_DELETE' is not defined
Traceback (most recent call last):
  File "/usr/local/lib/python3.10/dist-packages/pyrogram/dispatcher.py", line 240, in handler_worker
    await handler.callback(self.client, *args)
  File "/root/ANIMETOON/plugins/pm_filter.py", line 57, in give_filter
    await auto_filter(client, message)
  File "/root/ANIMETOON/plugins/pm_filter.py", line 759, in auto_filter
    if SELF_DELETE:
NameError: name 'SELF_DELETE' is not defined
[03/15/2026 04:05:50 PM:pyrogram.dispatcher:253:ERROR] name 'SELF_DELETE' is not defined
Traceback (most recent call last):
  File "/usr/local/lib/python3.10/dist-packages/pyrogram/dispatcher.py", line 240, in handler_worker
    await handler.callback(self.client, *args)
  File "/root/ANIMETOON/plugins/pm_filter.py", line 57, in give_filter
    await auto_filter(client, message)
  File "/root/ANIMETOON/plugins/pm_filter.py", line 759, in auto_filter
    if SELF_DELETE:
NameError: name 'SELF_DELETE' is not defined
[03/15/2026 04:08:12 PM:pyrogram.dispatcher:253:ERROR] name 'SELF_DELETE' is not defined
Traceback (most recent call last):
  File "/usr/local/lib/python3.10/dist-packages/pyrogram/dispatcher.py", line 240, in handler_worker
    await handler.callback(self.client, *args)
  File "/root/ANIMETOON/plugins/pm_filter.py", line 57, in give_filter
    await auto_filter(client, message)
  File "/root/ANIMETOON/plugins/pm_filter.py", line 759, in auto_filter
    if SELF_DELETE:
NameError: name 'SELF_DELETE' is not defined
[03/15/2026 04:08:24 PM:pyrogram.dispatcher:253:ERROR] name 'SELF_DELETE' is not defined
Traceback (most recent call last):
  File "/usr/local/lib/python3.10/dist-packages/pyrogram/dispatcher.py", line 240, in handler_worker
    await handler.callback(self.client, *args)
  File "/root/ANIMETOON/plugins/pm_filter.py", line 57, in give_filter
    await auto_filter(client, message)
  File "/root/ANIMETOON/plugins/pm_filter.py", line 759, in auto_filter
    if SELF_DELETE:
NameError: name 'SELF_DELETE' is not defined
[03/15/2026 04:13:14 PM:pyrogram.dispatcher:253:ERROR] name 'SELF_DELETE' is not defined
Traceback (most recent call last):
  File "/usr/local/lib/python3.10/dist-packages/pyrogram/dispatcher.py", line 240, in handler_worker
    await handler.callback(self.client, *args)
  File "/root/ANIMETOON/plugins/pm_filter.py", line 57, in give_filter
    await auto_filter(client, message)
  File "/root/ANIMETOON/plugins/pm_filter.py", line 759, in auto_filter
    if SELF_DELETE:
NameError: name 'SELF_DELETE' is not defined
[03/15/2026 04:21:27 PM:pyrogram.dispatcher:253:ERROR] name 'SELF_DELETE' is not defined
Traceback (most recent call last):
  File "/usr/local/lib/python3.10/dist-packages/pyrogram/dispatcher.py", line 240, in handler_worker
    await handler.callback(self.client, *args)
  File "/root/ANIMETOON/plugins/pm_filter.py", line 57, in give_filter
    await auto_filter(client, message)
  File "/root/ANIMETOON/plugins/pm_filter.py", line 759, in auto_filter
    if SELF_DELETE:
NameError: name 'SELF_DELETE' is not defined
[03/15/2026 04:21:46 PM:pyrogram.dispatcher:253:ERROR] name 'SELF_DELETE' is not defined
Traceback (most recent call last):
  File "/usr/local/lib/python3.10/dist-packages/pyrogram/dispatcher.py", line 240, in handler_worker
    await handler.callback(self.client, *args)
  File "/root/ANIMETOON/plugins/pm_filter.py", line 57, in give_filter
    await auto_filter(client, message)
  File "/root/ANIMETOON/plugins/pm_filter.py", line 759, in auto_filter
    if SELF_DELETE:
NameError: name 'SELF_DELETE' is not defined
[03/15/2026 04:23:45 PM:pyrogram.dispatcher:253:ERROR] name 'SELF_DELETE' is not defined
Traceback (most recent call last):
  File "/usr/local/lib/python3.10/dist-packages/pyrogram/dispatcher.py", line 240, in handler_worker
    await handler.callback(self.client, *args)
  File "/root/ANIMETOON/plugins/pm_filter.py", line 57, in give_filter
    await auto_filter(client, message)
  File "/root/ANIMETOON/plugins/pm_filter.py", line 759, in auto_filter
    if SELF_DELETE:
NameError: name 'SELF_DELETE' is not defined
[03/15/2026 04:26:29 PM:pyrogram.dispatcher:253:ERROR] name 'SELF_DELETE' is not defined
Traceback (most recent call last):
  File "/usr/local/lib/python3.10/dist-packages/pyrogram/dispatcher.py", line 240, in handler_worker
    await handler.callback(self.client, *args)
  File "/root/ANIMETOON/plugins/pm_filter.py", line 57, in give_filter
    await auto_filter(client, message)
  File "/root/ANIMETOON/plugins/pm_filter.py", line 759, in auto_filter
    if SELF_DELETE:
NameError: name 'SELF_DELETE' is not defined
[03/15/2026 04:27:31 PM:pyrogram.dispatcher:253:ERROR] name 'SELF_DELETE' is not defined
Traceback (most recent call last):
  File "/usr/local/lib/python3.10/dist-packages/pyrogram/dispatcher.py", line 240, in handler_worker
    await handler.callback(self.client, *args)
  File "/root/ANIMETOON/plugins/pm_filter.py", line 57, in give_filter
    await auto_filter(client, message)
  File "/root/ANIMETOON/plugins/pm_filter.py", line 759, in auto_filter
    if SELF_DELETE:
NameError: name 'SELF_DELETE' is not defined
[03/15/2026 04:34:48 PM:pyrogram.dispatcher:253:ERROR] name 'SELF_DELETE' is not defined
Traceback (most recent call last):
  File "/usr/local/lib/python3.10/dist-packages/pyrogram/dispatcher.py", line 240, in handler_worker
    await handler.callback(self.client, *args)
  File "/root/ANIMETOON/plugins/pm_filter.py", line 57, in give_filter
    await auto_filter(client, message)
  File "/root/ANIMETOON/plugins/pm_filter.py", line 759, in auto_filter
    if SELF_DELETE:
NameError: name 'SELF_DELETE' is not defined
[03/15/2026 04:39:04 PM:pyrogram.dispatcher:253:ERROR] name 'SELF_DELETE' is not defined
Traceback (most recent call last):
  File "/usr/local/lib/python3.10/dist-packages/pyrogram/dispatcher.py", line 240, in handler_worker
    await handler.callback(self.client, *args)
  File "/root/ANIMETOON/plugins/pm_filter.py", line 57, in give_filter
    await auto_filter(client, message)
  File "/root/ANIMETOON/plugins/pm_filter.py", line 759, in auto_filter
    if SELF_DELETE:
NameError: name 'SELF_DELETE' is not defined
[03/15/2026 04:50:35 PM:pyrogram.dispatcher:253:ERROR] 'NoneType' object has no attribute 'type'
Traceback (most recent call last):
  File "/usr/local/lib/python3.10/dist-packages/pyrogram/dispatcher.py", line 240, in handler_worker
    await handler.callback(self.client, *args)
  File "/root/ANIMETOON/plugins/index.py", line 63, in send_for_index
    elif message.forward_from_chat.type == enums.ChatType.CHANNEL:
AttributeError: 'NoneType' object has no attribute 'type'
[03/15/2026 04:55:37 PM:pyrogram.dispatcher:253:ERROR] name 'SELF_DELETE' is not defined
Traceback (most recent call last):
  File "/usr/local/lib/python3.10/dist-packages/pyrogram/dispatcher.py", line 240, in handler_worker
    await handler.callback(self.client, *args)
  File "/root/ANIMETOON/plugins/pm_filter.py", line 57, in give_filter
    await auto_filter(client, message)
  File "/root/ANIMETOON/plugins/pm_filter.py", line 759, in auto_filter
    if SELF_DELETE:
NameError: name 'SELF_DELETE' is not defined
[03/15/2026 05:03:56 PM:pyrogram.dispatcher:253:ERROR] name 'SELF_DELETE' is not defined
Traceback (most recent call last):
  File "/usr/local/lib/python3.10/dist-packages/pyrogram/dispatcher.py", line 240, in handler_worker
    await handler.callback(self.client, *args)
  File "/root/ANIMETOON/plugins/pm_filter.py", line 57, in give_filter
    await auto_filter(client, message)
  File "/root/ANIMETOON/plugins/pm_filter.py", line 759, in auto_filter
    if SELF_DELETE:
NameError: name 'SELF_DELETE' is not defined
[03/15/2026 05:05:18 PM:pyrogram.dispatcher:253:ERROR] name 'SELF_DELETE' is not defined
Traceback (most recent call last):
  File "/usr/local/lib/python3.10/dist-packages/pyrogram/dispatcher.py", line 240, in handler_worker
    await handler.callback(self.client, *args)
  File "/root/ANIMETOON/plugins/pm_filter.py", line 57, in give_filter
    await auto_filter(client, message)
  File "/root/ANIMETOON/plugins/pm_filter.py", line 759, in auto_filter
    if SELF_DELETE:
NameError: name 'SELF_DELETE' is not defined
[03/15/2026 05:07:36 PM:pyrogram.dispatcher:253:ERROR] name 'SELF_DELETE' is not defined
Traceback (most recent call last):
  File "/usr/local/lib/python3.10/dist-packages/pyrogram/dispatcher.py", line 240, in handler_worker
    await handler.callback(self.client, *args)
  File "/root/ANIMETOON/plugins/pm_filter.py", line 57, in give_filter
    await auto_filter(client, message)
  File "/root/ANIMETOON/plugins/pm_filter.py", line 759, in auto_filter
    if SELF_DELETE:
NameError: name 'SELF_DELETE' is not defined
[03/15/2026 05:20:46 PM:pyrogram.dispatcher:253:ERROR] name 'SELF_DELETE' is not defined
Traceback (most recent call last):
  File "/usr/local/lib/python3.10/dist-packages/pyrogram/dispatcher.py", line 240, in handler_worker
    await handler.callback(self.client, *args)
  File "/root/ANIMETOON/plugins/pm_filter.py", line 57, in give_filter
    await auto_filter(client, message)
  File "/root/ANIMETOON/plugins/pm_filter.py", line 759, in auto_filter
    if SELF_DELETE:
NameError: name 'SELF_DELETE' is not defined
[03/15/2026 05:22:21 PM:pyrogram.dispatcher:253:ERROR] name 'SELF_DELETE' is not defined
Traceback (most recent call last):
  File "/usr/local/lib/python3.10/dist-packages/pyrogram/dispatcher.py", line 240, in handler_worker
    await handler.callback(self.client, *args)
  File "/root/ANIMETOON/plugins/pm_filter.py", line 57, in give_filter
    await auto_filter(client, message)
  File "/root/ANIMETOON/plugins/pm_filter.py", line 759, in auto_filter
    if SELF_DELETE:
NameError: name 'SELF_DELETE' is not defined
[03/15/2026 05:26:15 PM:pyrogram.dispatcher:253:ERROR] not enough values to unpack (expected 3, got 0)
Traceback (most recent call last):
  File "/usr/local/lib/python3.10/dist-packages/pyrogram/dispatcher.py", line 240, in handler_worker
    await handler.callback(self.client, *args)
  File "/root/ANIMETOON/plugins/pm_filter.py", line 57, in give_filter
    await auto_filter(client, message)
  File "/root/ANIMETOON/plugins/pm_filter.py", line 647, in auto_filter
    files, offset, total_results = await get_search_results(search.lower(), offset=0, filter=True)
ValueError: not enough values to unpack (expected 3, got 0)
[03/15/2026 05:32:50 PM:pyrogram.dispatcher:253:ERROR] name 'SELF_DELETE' is not defined
Traceback (most recent call last):
  File "/usr/local/lib/python3.10/dist-packages/pyrogram/dispatcher.py", line 240, in handler_worker
    await handler.callback(self.client, *args)
  File "/root/ANIMETOON/plugins/pm_filter.py", line 57, in give_filter
    await auto_filter(client, message)
  File "/root/ANIMETOON/plugins/pm_filter.py", line 759, in auto_filter
    if SELF_DELETE:
NameError: name 'SELF_DELETE' is not defined
[03/15/2026 05:33:50 PM:pyrogram.dispatcher:253:ERROR] name 'SELF_DELETE' is not defined
Traceback (most recent call last):
  File "/usr/local/lib/python3.10/dist-packages/pyrogram/dispatcher.py", line 240, in handler_worker
    await handler.callback(self.client, *args)
  File "/root/ANIMETOON/plugins/pm_filter.py", line 57, in give_filter
    await auto_filter(client, message)
  File "/root/ANIMETOON/plugins/pm_filter.py", line 759, in auto_filter
    if SELF_DELETE:
NameError: name 'SELF_DELETE' is not defined
[03/15/2026 05:33:54 PM:pyrogram.dispatcher:253:ERROR] name 'SELF_DELETE' is not defined
Traceback (most recent call last):
  File "/usr/local/lib/python3.10/dist-packages/pyrogram/dispatcher.py", line 240, in handler_worker
    await handler.callback(self.client, *args)
  File "/root/ANIMETOON/plugins/pm_filter.py", line 57, in give_filter
    await auto_filter(client, message)
  File "/root/ANIMETOON/plugins/pm_filter.py", line 759, in auto_filter
    if SELF_DELETE:
NameError: name 'SELF_DELETE' is not defined
[03/15/2026 05:34:14 PM:pyrogram.dispatcher:253:ERROR] name 'SELF_DELETE' is not defined
Traceback (most recent call last):
  File "/usr/local/lib/python3.10/dist-packages/pyrogram/dispatcher.py", line 240, in handler_worker
    await handler.callback(self.client, *args)
  File "/root/ANIMETOON/plugins/pm_filter.py", line 57, in give_filter
    await auto_filter(client, message)
  File "/root/ANIMETOON/plugins/pm_filter.py", line 759, in auto_filter
    if SELF_DELETE:
NameError: name 'SELF_DELETE' is not defined
[03/15/2026 05:35:00 PM:pyrogram.dispatcher:253:ERROR] name 'SELF_DELETE' is not defined
Traceback (most recent call last):
  File "/usr/local/lib/python3.10/dist-packages/pyrogram/dispatcher.py", line 240, in handler_worker
    await handler.callback(self.client, *args)
  File "/root/ANIMETOON/plugins/pm_filter.py", line 57, in give_filter
    await auto_filter(client, message)
  File "/root/ANIMETOON/plugins/pm_filter.py", line 759, in auto_filter
    if SELF_DELETE:
NameError: name 'SELF_DELETE' is not defined
[03/15/2026 05:39:49 PM:pyrogram.dispatcher:253:ERROR] name 'SELF_DELETE' is not defined
Traceback (most recent call last):
  File "/usr/local/lib/python3.10/dist-packages/pyrogram/dispatcher.py", line 240, in handler_worker
    await handler.callback(self.client, *args)
  File "/root/ANIMETOON/plugins/pm_filter.py", line 57, in give_filter
    await auto_filter(client, message)
  File "/root/ANIMETOON/plugins/pm_filter.py", line 759, in auto_filter
    if SELF_DELETE:
NameError: name 'SELF_DELETE' is not defined
[03/15/2026 05:46:15 PM:pyrogram.dispatcher:253:ERROR] name 'SELF_DELETE' is not defined
Traceback (most recent call last):
  File "/usr/local/lib/python3.10/dist-packages/pyrogram/dispatcher.py", line 240, in handler_worker
    await handler.callback(self.client, *args)
  File "/root/ANIMETOON/plugins/pm_filter.py", line 57, in give_filter
    await auto_filter(client, message)
  File "/root/ANIMETOON/plugins/pm_filter.py", line 759, in auto_filter
    if SELF_DELETE:
NameError: name 'SELF_DELETE' is not defined
[03/15/2026 05:46:48 PM:pyrogram.dispatcher:253:ERROR] name 'SELF_DELETE' is not defined
Traceback (most recent call last):
  File "/usr/local/lib/python3.10/dist-packages/pyrogram/dispatcher.py", line 240, in handler_worker
    await handler.callback(self.client, *args)
  File "/root/ANIMETOON/plugins/pm_filter.py", line 57, in give_filter
    await auto_filter(client, message)
  File "/root/ANIMETOON/plugins/pm_filter.py", line 759, in auto_filter
    if SELF_DELETE:
NameError: name 'SELF_DELETE' is not defined
[03/15/2026 05:52:36 PM:pyrogram.dispatcher:253:ERROR] 'NoneType' object has no attribute 'type'
Traceback (most recent call last):
  File "/usr/local/lib/python3.10/dist-packages/pyrogram/dispatcher.py", line 240, in handler_worker
    await handler.callback(self.client, *args)
  File "/root/ANIMETOON/plugins/index.py", line 63, in send_for_index
    elif message.forward_from_chat.type == enums.ChatType.CHANNEL:
AttributeError: 'NoneType' object has no attribute 'type'
[03/15/2026 06:00:57 PM:pyrogram.dispatcher:253:ERROR] name 'SELF_DELETE' is not defined
Traceback (most recent call last):
  File "/usr/local/lib/python3.10/dist-packages/pyrogram/dispatcher.py", line 240, in handler_worker
    await handler.callback(self.client, *args)
  File "/root/ANIMETOON/plugins/pm_filter.py", line 57, in give_filter
    await auto_filter(client, message)
  File "/root/ANIMETOON/plugins/pm_filter.py", line 759, in auto_filter
    if SELF_DELETE:
NameError: name 'SELF_DELETE' is not defined
[03/15/2026 06:03:17 PM:pyrogram.dispatcher:253:ERROR] name 'SELF_DELETE' is not defined
Traceback (most recent call last):
  File "/usr/local/lib/python3.10/dist-packages/pyrogram/dispatcher.py", line 240, in handler_worker
    await handler.callback(self.client, *args)
  File "/root/ANIMETOON/plugins/pm_filter.py", line 57, in give_filter
    await auto_filter(client, message)
  File "/root/ANIMETOON/plugins/pm_filter.py", line 759, in auto_filter
    if SELF_DELETE:
NameError: name 'SELF_DELETE' is not defined
[03/15/2026 06:03:48 PM:pyrogram.dispatcher:253:ERROR] name 'SELF_DELETE' is not defined
Traceback (most recent call last):
  File "/usr/local/lib/python3.10/dist-packages/pyrogram/dispatcher.py", line 240, in handler_worker
    await handler.callback(self.client, *args)
  File "/root/ANIMETOON/plugins/pm_filter.py", line 57, in give_filter
    await auto_filter(client, message)
  File "/root/ANIMETOON/plugins/pm_filter.py", line 759, in auto_filter
    if SELF_DELETE:
NameError: name 'SELF_DELETE' is not defined
[03/15/2026 06:04:15 PM:pyrogram.dispatcher:253:ERROR] name 'SELF_DELETE' is not defined
Traceback (most recent call last):
  File "/usr/local/lib/python3.10/dist-packages/pyrogram/dispatcher.py", line 240, in handler_worker
    await handler.callback(self.client, *args)
  File "/root/ANIMETOON/plugins/pm_filter.py", line 57, in give_filter
    await auto_filter(client, message)
  File "/root/ANIMETOON/plugins/pm_filter.py", line 759, in auto_filter
    if SELF_DELETE:
NameError: name 'SELF_DELETE' is not defined
[03/15/2026 06:06:33 PM:pyrogram.dispatcher:253:ERROR] Telegram says: [400 ENTITY_BOUNDS_INVALID] - The message entity bounds are invalid (caused by "messages.SendMessage")
Traceback (most recent call last):
  File "/usr/local/lib/python3.10/dist-packages/pyrogram/dispatcher.py", line 240, in handler_worker
    await handler.callback(self.client, *args)
  File "/root/ANIMETOON/plugins/pm_filter.py", line 57, in give_filter
    await auto_filter(client, message)
  File "/root/ANIMETOON/plugins/pm_filter.py", line 758, in auto_filter
    fuk = await message.reply_text(cap, reply_markup=InlineKeyboardMarkup(btn))
  File "/usr/local/lib/python3.10/dist-packages/pyrogram/types/messages_and_media/message.py", line 970, in reply_text
    return await self._client.send_message(
  File "/usr/local/lib/python3.10/dist-packages/pyrogram/methods/messages/send_message.py", line 126, in send_message
    r = await self.invoke(
  File "/usr/local/lib/python3.10/dist-packages/pyrogram/methods/advanced/invoke.py", line 79, in invoke
    r = await self.session.invoke(
  File "/usr/local/lib/python3.10/dist-packages/pyrogram/session/session.py", line 389, in invoke
    return await self.send(query, timeout=timeout)
  File "/usr/local/lib/python3.10/dist-packages/pyrogram/session/session.py", line 357, in send
    RPCError.raise_it(result, type(data))
  File "/usr/local/lib/python3.10/dist-packages/pyrogram/errors/rpc_error.py", line 91, in raise_it
    raise getattr(
pyrogram.errors.exceptions.bad_request_400.EntityBoundsInvalid: Telegram says: [400 ENTITY_BOUNDS_INVALID] - The message entity bounds are invalid (caused by "messages.SendMessage")
[03/15/2026 06:13:31 PM:pyrogram.dispatcher:253:ERROR] 'NoneType' object has no attribute 'type'
Traceback (most recent call last):
  File "/usr/local/lib/python3.10/dist-packages/pyrogram/dispatcher.py", line 240, in handler_worker
    await handler.callback(self.client, *args)
  File "/root/ANIMETOON/plugins/index.py", line 63, in send_for_index
    elif message.forward_from_chat.type == enums.ChatType.CHANNEL:
AttributeError: 'NoneType' object has no attribute 'type'
[03/15/2026 06:19:40 PM:pyrogram.dispatcher:253:ERROR] name 'SELF_DELETE' is not defined
Traceback (most recent call last):
  File "/usr/local/lib/python3.10/dist-packages/pyrogram/dispatcher.py", line 240, in handler_worker
    await handler.callback(self.client, *args)
  File "/root/ANIMETOON/plugins/pm_filter.py", line 57, in give_filter
    await auto_filter(client, message)
  File "/root/ANIMETOON/plugins/pm_filter.py", line 759, in auto_filter
    if SELF_DELETE:
NameError: name 'SELF_DELETE' is not defined
[03/15/2026 06:20:58 PM:pyrogram.dispatcher:253:ERROR] name 'SELF_DELETE' is not defined
Traceback (most recent call last):
  File "/usr/local/lib/python3.10/dist-packages/pyrogram/dispatcher.py", line 240, in handler_worker
    await handler.callback(self.client, *args)
  File "/root/ANIMETOON/plugins/pm_filter.py", line 57, in give_filter
    await auto_filter(client, message)
  File "/root/ANIMETOON/plugins/pm_filter.py", line 759, in auto_filter
    if SELF_DELETE:
NameError: name 'SELF_DELETE' is not defined
[03/15/2026 06:26:05 PM:pyrogram.dispatcher:253:ERROR] name 'SELF_DELETE' is not defined
Traceback (most recent call last):
  File "/usr/local/lib/python3.10/dist-packages/pyrogram/dispatcher.py", line 240, in handler_worker
    await handler.callback(self.client, *args)
  File "/root/ANIMETOON/plugins/pm_filter.py", line 57, in give_filter
    await auto_filter(client, message)
  File "/root/ANIMETOON/plugins/pm_filter.py", line 759, in auto_filter
    if SELF_DELETE:
NameError: name 'SELF_DELETE' is not defined
[03/15/2026 06:31:38 PM:pyrogram.dispatcher:253:ERROR] 'NoneType' object has no attribute 'type'
Traceback (most recent call last):
  File "/usr/local/lib/python3.10/dist-packages/pyrogram/dispatcher.py", line 240, in handler_worker
    await handler.callback(self.client, *args)
  File "/root/ANIMETOON/plugins/index.py", line 63, in send_for_index
    elif message.forward_from_chat.type == enums.ChatType.CHANNEL:
AttributeError: 'NoneType' object has no attribute 'type'
[03/15/2026 06:34:19 PM:pyrogram.dispatcher:253:ERROR] Telegram says: [500 RANDOM_ID_DUPLICATE] - You provided a random ID that was already used (caused by "messages.SendMessage")
Traceback (most recent call last):
  File "/usr/local/lib/python3.10/dist-packages/pyrogram/dispatcher.py", line 240, in handler_worker
    await handler.callback(self.client, *args)
  File "/root/ANIMETOON/plugins/pm_filter.py", line 57, in give_filter
    await auto_filter(client, message)
  File "/root/ANIMETOON/plugins/pm_filter.py", line 650, in auto_filter
    return await advantage_spell_chok(msg)
  File "/root/ANIMETOON/plugins/pm_filter.py", line 772, in advantage_spell_chok
    k = await msg.reply("I couldn't find any movie in that name.")
  File "/usr/local/lib/python3.10/dist-packages/pyrogram/types/messages_and_media/message.py", line 970, in reply_text
    return await self._client.send_message(
  File "/usr/local/lib/python3.10/dist-packages/pyrogram/methods/messages/send_message.py", line 126, in send_message
    r = await self.invoke(
  File "/usr/local/lib/python3.10/dist-packages/pyrogram/methods/advanced/invoke.py", line 79, in invoke
    r = await self.session.invoke(
  File "/usr/local/lib/python3.10/dist-packages/pyrogram/session/session.py", line 412, in invoke
    return await self.invoke(query, retries - 1, timeout)
  File "/usr/local/lib/python3.10/dist-packages/pyrogram/session/session.py", line 412, in invoke
    return await self.invoke(query, retries - 1, timeout)
  File "/usr/local/lib/python3.10/dist-packages/pyrogram/session/session.py", line 412, in invoke
    return await self.invoke(query, retries - 1, timeout)
  [Previous line repeated 7 more times]
  File "/usr/local/lib/python3.10/dist-packages/pyrogram/session/session.py", line 402, in invoke
    raise e from None
  File "/usr/local/lib/python3.10/dist-packages/pyrogram/session/session.py", line 389, in invoke
    return await self.send(query, timeout=timeout)
  File "/usr/local/lib/python3.10/dist-packages/pyrogram/session/session.py", line 357, in send
    RPCError.raise_it(result, type(data))
  File "/usr/local/lib/python3.10/dist-packages/pyrogram/errors/rpc_error.py", line 91, in raise_it
    raise getattr(
pyrogram.errors.exceptions.internal_server_error_500.RandomIdDuplicate: Telegram says: [500 RANDOM_ID_DUPLICATE] - You provided a random ID that was already used (caused by "messages.SendMessage")
[03/15/2026 06:36:36 PM:pyrogram.dispatcher:253:ERROR] name 'SELF_DELETE' is not defined
Traceback (most recent call last):
  File "/usr/local/lib/python3.10/dist-packages/pyrogram/dispatcher.py", line 240, in handler_worker
    await handler.callback(self.client, *args)
  File "/root/ANIMETOON/plugins/pm_filter.py", line 57, in give_filter
    await auto_filter(client, message)
  File "/root/ANIMETOON/plugins/pm_filter.py", line 759, in auto_filter
    if SELF_DELETE:
NameError: name 'SELF_DELETE' is not defined
[03/15/2026 06:36:47 PM:pyrogram.dispatcher:253:ERROR] name 'SELF_DELETE' is not defined
Traceback (most recent call last):
  File "/usr/local/lib/python3.10/dist-packages/pyrogram/dispatcher.py", line 240, in handler_worker
    await handler.callback(self.client, *args)
  File "/root/ANIMETOON/plugins/pm_filter.py", line 57, in give_filter
    await auto_filter(client, message)
  File "/root/ANIMETOON/plugins/pm_filter.py", line 759, in auto_filter
    if SELF_DELETE:
NameError: name 'SELF_DELETE' is not defined
[03/15/2026 06:47:59 PM:pyrogram.dispatcher:253:ERROR] name 'SELF_DELETE' is not defined
Traceback (most recent call last):
  File "/usr/local/lib/python3.10/dist-packages/pyrogram/dispatcher.py", line 240, in handler_worker
    await handler.callback(self.client, *args)
  File "/root/ANIMETOON/plugins/pm_filter.py", line 57, in give_filter
    await auto_filter(client, message)
  File "/root/ANIMETOON/plugins/pm_filter.py", line 759, in auto_filter
    if SELF_DELETE:
NameError: name 'SELF_DELETE' is not defined
[03/15/2026 06:50:06 PM:pyrogram.dispatcher:253:ERROR] name 'SELF_DELETE' is not defined
Traceback (most recent call last):
  File "/usr/local/lib/python3.10/dist-packages/pyrogram/dispatcher.py", line 240, in handler_worker
    await handler.callback(self.client, *args)
  File "/root/ANIMETOON/plugins/pm_filter.py", line 57, in give_filter
    await auto_filter(client, message)
  File "/root/ANIMETOON/plugins/pm_filter.py", line 759, in auto_filter
    if SELF_DELETE:
NameError: name 'SELF_DELETE' is not defined
[03/15/2026 06:54:24 PM:pyrogram.dispatcher:253:ERROR] not enough values to unpack (expected 3, got 0)
Traceback (most recent call last):
  File "/usr/local/lib/python3.10/dist-packages/pyrogram/dispatcher.py", line 240, in handler_worker
    await handler.callback(self.client, *args)
  File "/root/ANIMETOON/plugins/pm_filter.py", line 57, in give_filter
    await auto_filter(client, message)
  File "/root/ANIMETOON/plugins/pm_filter.py", line 647, in auto_filter
    files, offset, total_results = await get_search_results(search.lower(), offset=0, filter=True)
ValueError: not enough values to unpack (expected 3, got 0)
[03/15/2026 06:58:00 PM:pyrogram.dispatcher:253:ERROR] name 'SELF_DELETE' is not defined
Traceback (most recent call last):
  File "/usr/local/lib/python3.10/dist-packages/pyrogram/dispatcher.py", line 240, in handler_worker
    await handler.callback(self.client, *args)
  File "/root/ANIMETOON/plugins/pm_filter.py", line 57, in give_filter
    await auto_filter(client, message)
  File "/root/ANIMETOON/plugins/pm_filter.py", line 759, in auto_filter
    if SELF_DELETE:
NameError: name 'SELF_DELETE' is not defined
[03/15/2026 07:12:41 PM:pyrogram.dispatcher:253:ERROR] name 'SELF_DELETE' is not defined
Traceback (most recent call last):
  File "/usr/local/lib/python3.10/dist-packages/pyrogram/dispatcher.py", line 240, in handler_worker
    await handler.callback(self.client, *args)
  File "/root/ANIMETOON/plugins/pm_filter.py", line 57, in give_filter
    await auto_filter(client, message)
  File "/root/ANIMETOON/plugins/pm_filter.py", line 759, in auto_filter
    if SELF_DELETE:
NameError: name 'SELF_DELETE' is not defined
[03/15/2026 07:15:49 PM:pyrogram.dispatcher:253:ERROR] name 'SELF_DELETE' is not defined
Traceback (most recent call last):
  File "/usr/local/lib/python3.10/dist-packages/pyrogram/dispatcher.py", line 240, in handler_worker
    await handler.callback(self.client, *args)
  File "/root/ANIMETOON/plugins/pm_filter.py", line 57, in give_filter
    await auto_filter(client, message)
  File "/root/ANIMETOON/plugins/pm_filter.py", line 759, in auto_filter
    if SELF_DELETE:
NameError: name 'SELF_DELETE' is not defined
[03/15/2026 07:18:07 PM:pyrogram.dispatcher:253:ERROR] name 'SELF_DELETE' is not defined
Traceback (most recent call last):
  File "/usr/local/lib/python3.10/dist-packages/pyrogram/dispatcher.py", line 240, in handler_worker
    await handler.callback(self.client, *args)
  File "/root/ANIMETOON/plugins/pm_filter.py", line 57, in give_filter
    await auto_filter(client, message)
  File "/root/ANIMETOON/plugins/pm_filter.py", line 759, in auto_filter
    if SELF_DELETE:
NameError: name 'SELF_DELETE' is not defined
[03/15/2026 07:22:35 PM:pyrogram.dispatcher:253:ERROR] name 'SELF_DELETE' is not defined
Traceback (most recent call last):
  File "/usr/local/lib/python3.10/dist-packages/pyrogram/dispatcher.py", line 240, in handler_worker
    await handler.callback(self.client, *args)
  File "/root/ANIMETOON/plugins/pm_filter.py", line 57, in give_filter
    await auto_filter(client, message)
  File "/root/ANIMETOON/plugins/pm_filter.py", line 759, in auto_filter
    if SELF_DELETE:
NameError: name 'SELF_DELETE' is not defined
[03/15/2026 07:28:27 PM:pyrogram.dispatcher:253:ERROR] name 'SELF_DELETE' is not defined
Traceback (most recent call last):
  File "/usr/local/lib/python3.10/dist-packages/pyrogram/dispatcher.py", line 240, in handler_worker
    await handler.callback(self.client, *args)
  File "/root/ANIMETOON/plugins/pm_filter.py", line 57, in give_filter
    await auto_filter(client, message)
  File "/root/ANIMETOON/plugins/pm_filter.py", line 759, in auto_filter
    if SELF_DELETE:
NameError: name 'SELF_DELETE' is not defined
[03/15/2026 07:42:05 PM:pyrogram.dispatcher:253:ERROR] name 'SELF_DELETE' is not defined
Traceback (most recent call last):
  File "/usr/local/lib/python3.10/dist-packages/pyrogram/dispatcher.py", line 240, in handler_worker
    await handler.callback(self.client, *args)
  File "/root/ANIMETOON/plugins/pm_filter.py", line 57, in give_filter
    await auto_filter(client, message)
  File "/root/ANIMETOON/plugins/pm_filter.py", line 759, in auto_filter
    if SELF_DELETE:
NameError: name 'SELF_DELETE' is not defined
[03/15/2026 07:42:34 PM:pyrogram.dispatcher:253:ERROR] name 'SELF_DELETE' is not defined
Traceback (most recent call last):
  File "/usr/local/lib/python3.10/dist-packages/pyrogram/dispatcher.py", line 240, in handler_worker
    await handler.callback(self.client, *args)
  File "/root/ANIMETOON/plugins/pm_filter.py", line 57, in give_filter
    await auto_filter(client, message)
  File "/root/ANIMETOON/plugins/pm_filter.py", line 759, in auto_filter
    if SELF_DELETE:
NameError: name 'SELF_DELETE' is not defined
[03/15/2026 09:07:42 PM:pyrogram.dispatcher:253:ERROR] name 'SELF_DELETE' is not defined
Traceback (most recent call last):
  File "/usr/local/lib/python3.10/dist-packages/pyrogram/dispatcher.py", line 240, in handler_worker
    await handler.callback(self.client, *args)
  File "/root/ANIMETOON/plugins/pm_filter.py", line 57, in give_filter
    await auto_filter(client, message)
  File "/root/ANIMETOON/plugins/pm_filter.py", line 759, in auto_filter
    if SELF_DELETE:
NameError: name 'SELF_DELETE' is not defined
[03/15/2026 09:28:42 PM:pyrogram.dispatcher:253:ERROR] name 'SELF_DELETE' is not defined
Traceback (most recent call last):
  File "/usr/local/lib/python3.10/dist-packages/pyrogram/dispatcher.py", line 240, in handler_worker
    await handler.callback(self.client, *args)
  File "/root/ANIMETOON/plugins/pm_filter.py", line 57, in give_filter
    await auto_filter(client, message)
  File "/root/ANIMETOON/plugins/pm_filter.py", line 759, in auto_filter
    if SELF_DELETE:
NameError: name 'SELF_DELETE' is not defined
[03/15/2026 09:46:03 PM:pyrogram.dispatcher:253:ERROR] name 'SELF_DELETE' is not defined
Traceback (most recent call last):
  File "/usr/local/lib/python3.10/dist-packages/pyrogram/dispatcher.py", line 240, in handler_worker
    await handler.callback(self.client, *args)
  File "/root/ANIMETOON/plugins/pm_filter.py", line 57, in give_filter
    await auto_filter(client, message)
  File "/root/ANIMETOON/plugins/pm_filter.py", line 759, in auto_filter
    if SELF_DELETE:
NameError: name 'SELF_DELETE' is not defined
[03/15/2026 09:46:43 PM:pyrogram.dispatcher:253:ERROR] name 'SELF_DELETE' is not defined
Traceback (most recent call last):
  File "/usr/local/lib/python3.10/dist-packages/pyrogram/dispatcher.py", line 240, in handler_worker
    await handler.callback(self.client, *args)
  File "/root/ANIMETOON/plugins/pm_filter.py", line 57, in give_filter
    await auto_filter(client, message)
  File "/root/ANIMETOON/plugins/pm_filter.py", line 759, in auto_filter
    if SELF_DELETE:
NameError: name 'SELF_DELETE' is not defined
[03/15/2026 10:00:03 PM:pyrogram.dispatcher:253:ERROR] name 'SELF_DELETE' is not defined
Traceback (most recent call last):
  File "/usr/local/lib/python3.10/dist-packages/pyrogram/dispatcher.py", line 240, in handler_worker
    await handler.callback(self.client, *args)
  File "/root/ANIMETOON/plugins/pm_filter.py", line 57, in give_filter
    await auto_filter(client, message)
  File "/root/ANIMETOON/plugins/pm_filter.py", line 759, in auto_filter
    if SELF_DELETE:
NameError: name 'SELF_DELETE' is not defined
[03/15/2026 10:15:33 PM:pyrogram.dispatcher:253:ERROR] name 'SELF_DELETE' is not defined
Traceback (most recent call last):
  File "/usr/local/lib/python3.10/dist-packages/pyrogram/dispatcher.py", line 240, in handler_worker
    await handler.callback(self.client, *args)
  File "/root/ANIMETOON/plugins/pm_filter.py", line 57, in give_filter
    await auto_filter(client, message)
  File "/root/ANIMETOON/plugins/pm_filter.py", line 759, in auto_filter
    if SELF_DELETE:
NameError: name 'SELF_DELETE' is not defined
[03/15/2026 10:16:01 PM:pyrogram.dispatcher:253:ERROR] name 'SELF_DELETE' is not defined
Traceback (most recent call last):
  File "/usr/local/lib/python3.10/dist-packages/pyrogram/dispatcher.py", line 240, in handler_worker
    await handler.callback(self.client, *args)
  File "/root/ANIMETOON/plugins/pm_filter.py", line 57, in give_filter
    await auto_filter(client, message)
  File "/root/ANIMETOON/plugins/pm_filter.py", line 759, in auto_filter
    if SELF_DELETE:
NameError: name 'SELF_DELETE' is not defined
[03/15/2026 11:04:03 PM:pyrogram.dispatcher:253:ERROR] name 'SELF_DELETE' is not defined
Traceback (most recent call last):
  File "/usr/local/lib/python3.10/dist-packages/pyrogram/dispatcher.py", line 240, in handler_worker
    await handler.callback(self.client, *args)
  File "/root/ANIMETOON/plugins/pm_filter.py", line 57, in give_filter
    await auto_filter(client, message)
  File "/root/ANIMETOON/plugins/pm_filter.py", line 759, in auto_filter
    if SELF_DELETE:
NameError: name 'SELF_DELETE' is not defined
[03/15/2026 11:14:01 PM:pyrogram.dispatcher:253:ERROR] name 'SELF_DELETE' is not defined
Traceback (most recent call last):
  File "/usr/local/lib/python3.10/dist-packages/pyrogram/dispatcher.py", line 240, in handler_worker
    await handler.callback(self.client, *args)
  File "/root/ANIMETOON/plugins/pm_filter.py", line 57, in give_filter
    await auto_filter(client, message)
  File "/root/ANIMETOON/plugins/pm_filter.py", line 759, in auto_filter
    if SELF_DELETE:
NameError: name 'SELF_DELETE' is not defined
[03/15/2026 11:15:46 PM:pyrogram.dispatcher:253:ERROR] name 'SELF_DELETE' is not defined
Traceback (most recent call last):
  File "/usr/local/lib/python3.10/dist-packages/pyrogram/dispatcher.py", line 240, in handler_worker
    await handler.callback(self.client, *args)
  File "/root/ANIMETOON/plugins/pm_filter.py", line 57, in give_filter
    await auto_filter(client, message)
  File "/root/ANIMETOON/plugins/pm_filter.py", line 759, in auto_filter
    if SELF_DELETE:
NameError: name 'SELF_DELETE' is not defined
[03/15/2026 11:18:44 PM:pyrogram.dispatcher:253:ERROR] name 'SELF_DELETE' is not defined
Traceback (most recent call last):
  File "/usr/local/lib/python3.10/dist-packages/pyrogram/dispatcher.py", line 240, in handler_worker
    await handler.callback(self.client, *args)
  File "/root/ANIMETOON/plugins/pm_filter.py", line 57, in give_filter
    await auto_filter(client, message)
  File "/root/ANIMETOON/plugins/pm_filter.py", line 759, in auto_filter
    if SELF_DELETE:
NameError: name 'SELF_DELETE' is not defined
[03/15/2026 11:58:44 PM:pyrogram.dispatcher:253:ERROR] Telegram says: [500 RANDOM_ID_DUPLICATE] - You provided a random ID that was already used (caused by "messages.SendMessage")
Traceback (most recent call last):
  File "/usr/local/lib/python3.10/dist-packages/pyrogram/dispatcher.py", line 240, in handler_worker
    await handler.callback(self.client, *args)
  File "/root/ANIMETOON/plugins/pm_filter.py", line 57, in give_filter
    await auto_filter(client, message)
  File "/root/ANIMETOON/plugins/pm_filter.py", line 650, in auto_filter
    return await advantage_spell_chok(msg)
  File "/root/ANIMETOON/plugins/pm_filter.py", line 772, in advantage_spell_chok
    k = await msg.reply("I couldn't find any movie in that name.")
  File "/usr/local/lib/python3.10/dist-packages/pyrogram/types/messages_and_media/message.py", line 970, in reply_text
    return await self._client.send_message(
  File "/usr/local/lib/python3.10/dist-packages/pyrogram/methods/messages/send_message.py", line 126, in send_message
    r = await self.invoke(
  File "/usr/local/lib/python3.10/dist-packages/pyrogram/methods/advanced/invoke.py", line 79, in invoke
    r = await self.session.invoke(
  File "/usr/local/lib/python3.10/dist-packages/pyrogram/session/session.py", line 412, in invoke
    return await self.invoke(query, retries - 1, timeout)
  File "/usr/local/lib/python3.10/dist-packages/pyrogram/session/session.py", line 412, in invoke
    return await self.invoke(query, retries - 1, timeout)
  File "/usr/local/lib/python3.10/dist-packages/pyrogram/session/session.py", line 412, in invoke
    return await self.invoke(query, retries - 1, timeout)
  [Previous line repeated 7 more times]
  File "/usr/local/lib/python3.10/dist-packages/pyrogram/session/session.py", line 402, in invoke
    raise e from None
  File "/usr/local/lib/python3.10/dist-packages/pyrogram/session/session.py", line 389, in invoke
    return await self.send(query, timeout=timeout)
  File "/usr/local/lib/python3.10/dist-packages/pyrogram/session/session.py", line 357, in send
    RPCError.raise_it(result, type(data))
  File "/usr/local/lib/python3.10/dist-packages/pyrogram/errors/rpc_error.py", line 91, in raise_it
    raise getattr(
pyrogram.errors.exceptions.internal_server_error_500.RandomIdDuplicate: Telegram says: [500 RANDOM_ID_DUPLICATE] - You provided a random ID that was already used (caused by "messages.SendMessage")
[03/16/2026 12:53:50 AM:pyrogram.dispatcher:253:ERROR] name 'SELF_DELETE' is not defined
Traceback (most recent call last):
  File "/usr/local/lib/python3.10/dist-packages/pyrogram/dispatcher.py", line 240, in handler_worker
    await handler.callback(self.client, *args)
  File "/root/ANIMETOON/plugins/pm_filter.py", line 57, in give_filter
    await auto_filter(client, message)
  File "/root/ANIMETOON/plugins/pm_filter.py", line 759, in auto_filter
    if SELF_DELETE:
NameError: name 'SELF_DELETE' is not defined
[03/16/2026 01:48:40 AM:pyrogram.dispatcher:253:ERROR] name 'SELF_DELETE' is not defined
Traceback (most recent call last):
  File "/usr/local/lib/python3.10/dist-packages/pyrogram/dispatcher.py", line 240, in handler_worker
    await handler.callback(self.client, *args)
  File "/root/ANIMETOON/plugins/pm_filter.py", line 57, in give_filter
    await auto_filter(client, message)
  File "/root/ANIMETOON/plugins/pm_filter.py", line 759, in auto_filter
    if SELF_DELETE:
NameError: name 'SELF_DELETE' is not defined
[03/16/2026 02:15:31 AM:pyrogram.dispatcher:253:ERROR] not enough values to unpack (expected 3, got 0)
Traceback (most recent call last):
  File "/usr/local/lib/python3.10/dist-packages/pyrogram/dispatcher.py", line 240, in handler_worker
    await handler.callback(self.client, *args)
  File "/root/ANIMETOON/plugins/pm_filter.py", line 57, in give_filter
    await auto_filter(client, message)
  File "/root/ANIMETOON/plugins/pm_filter.py", line 647, in auto_filter
    files, offset, total_results = await get_search_results(search.lower(), offset=0, filter=True)
ValueError: not enough values to unpack (expected 3, got 0)
[03/16/2026 02:15:37 AM:pyrogram.dispatcher:253:ERROR] name 'SELF_DELETE' is not defined
Traceback (most recent call last):
  File "/usr/local/lib/python3.10/dist-packages/pyrogram/dispatcher.py", line 240, in handler_worker
    await handler.callback(self.client, *args)
  File "/root/ANIMETOON/plugins/pm_filter.py", line 57, in give_filter
    await auto_filter(client, message)
  File "/root/ANIMETOON/plugins/pm_filter.py", line 759, in auto_filter
    if SELF_DELETE:
NameError: name 'SELF_DELETE' is not defined
[03/16/2026 02:16:18 AM:pyrogram.dispatcher:253:ERROR] not enough values to unpack (expected 3, got 0)
Traceback (most recent call last):
  File "/usr/local/lib/python3.10/dist-packages/pyrogram/dispatcher.py", line 240, in handler_worker
    await handler.callback(self.client, *args)
  File "/root/ANIMETOON/plugins/pm_filter.py", line 57, in give_filter
    await auto_filter(client, message)
  File "/root/ANIMETOON/plugins/pm_filter.py", line 647, in auto_filter
    files, offset, total_results = await get_search_results(search.lower(), offset=0, filter=True)
ValueError: not enough values to unpack (expected 3, got 0)
[03/16/2026 02:16:49 AM:pyrogram.dispatcher:253:ERROR] name 'SELF_DELETE' is not defined
Traceback (most recent call last):
  File "/usr/local/lib/python3.10/dist-packages/pyrogram/dispatcher.py", line 240, in handler_worker
    await handler.callback(self.client, *args)
  File "/root/ANIMETOON/plugins/pm_filter.py", line 57, in give_filter
    await auto_filter(client, message)
  File "/root/ANIMETOON/plugins/pm_filter.py", line 759, in auto_filter
    if SELF_DELETE:
NameError: name 'SELF_DELETE' is not defined
[03/16/2026 02:19:19 AM:pyrogram.dispatcher:253:ERROR] name 'SELF_DELETE' is not defined
Traceback (most recent call last):
  File "/usr/local/lib/python3.10/dist-packages/pyrogram/dispatcher.py", line 240, in handler_worker
    await handler.callback(self.client, *args)
  File "/root/ANIMETOON/plugins/pm_filter.py", line 57, in give_filter
    await auto_filter(client, message)
  File "/root/ANIMETOON/plugins/pm_filter.py", line 759, in auto_filter
    if SELF_DELETE:
NameError: name 'SELF_DELETE' is not defined
[03/16/2026 02:41:28 AM:pyrogram.dispatcher:253:ERROR] name 'SELF_DELETE' is not defined
Traceback (most recent call last):
  File "/usr/local/lib/python3.10/dist-packages/pyrogram/dispatcher.py", line 240, in handler_worker
    await handler.callback(self.client, *args)
  File "/root/ANIMETOON/plugins/pm_filter.py", line 57, in give_filter
    await auto_filter(client, message)
  File "/root/ANIMETOON/plugins/pm_filter.py", line 759, in auto_filter
    if SELF_DELETE:
NameError: name 'SELF_DELETE' is not defined
[03/16/2026 02:42:23 AM:pyrogram.dispatcher:253:ERROR] Telegram says: [420 FLOOD_WAIT_X] - A wait of 23 seconds is required (caused by "messages.EditMessage")
Traceback (most recent call last):
  File "/usr/local/lib/python3.10/dist-packages/pyrogram/dispatcher.py", line 240, in handler_worker
    await handler.callback(self.client, *args)
  File "/root/ANIMETOON/plugins/pm_filter.py", line 136, in next_page
    await query.edit_message_reply_markup(
  File "/usr/local/lib/python3.10/dist-packages/pyrogram/types/bots_and_keyboards/callback_query.py", line 304, in edit_message_reply_markup
    return await self._client.edit_message_reply_markup(
  File "/usr/local/lib/python3.10/dist-packages/pyrogram/methods/messages/edit_message_reply_markup.py", line 63, in edit_message_reply_markup
    r = await self.invoke(
  File "/usr/local/lib/python3.10/dist-packages/pyrogram/methods/advanced/invoke.py", line 79, in invoke
    r = await self.session.invoke(
  File "/usr/local/lib/python3.10/dist-packages/pyrogram/session/session.py", line 389, in invoke
    return await self.send(query, timeout=timeout)
  File "/usr/local/lib/python3.10/dist-packages/pyrogram/session/session.py", line 357, in send
    RPCError.raise_it(result, type(data))
  File "/usr/local/lib/python3.10/dist-packages/pyrogram/errors/rpc_error.py", line 91, in raise_it
    raise getattr(
pyrogram.errors.exceptions.flood_420.FloodWait: Telegram says: [420 FLOOD_WAIT_X] - A wait of 23 seconds is required (caused by "messages.EditMessage")
[03/16/2026 02:42:35 AM:pyrogram.dispatcher:253:ERROR] Telegram says: [420 FLOOD_WAIT_X] - A wait of 11 seconds is required (caused by "messages.EditMessage")
Traceback (most recent call last):
  File "/usr/local/lib/python3.10/dist-packages/pyrogram/dispatcher.py", line 240, in handler_worker
    await handler.callback(self.client, *args)
  File "/root/ANIMETOON/plugins/pm_filter.py", line 136, in next_page
    await query.edit_message_reply_markup(
  File "/usr/local/lib/python3.10/dist-packages/pyrogram/types/bots_and_keyboards/callback_query.py", line 304, in edit_message_reply_markup
    return await self._client.edit_message_reply_markup(
  File "/usr/local/lib/python3.10/dist-packages/pyrogram/methods/messages/edit_message_reply_markup.py", line 63, in edit_message_reply_markup
    r = await self.invoke(
  File "/usr/local/lib/python3.10/dist-packages/pyrogram/methods/advanced/invoke.py", line 79, in invoke
    r = await self.session.invoke(
  File "/usr/local/lib/python3.10/dist-packages/pyrogram/session/session.py", line 389, in invoke
    return await self.send(query, timeout=timeout)
  File "/usr/local/lib/python3.10/dist-packages/pyrogram/session/session.py", line 357, in send
    RPCError.raise_it(result, type(data))
  File "/usr/local/lib/python3.10/dist-packages/pyrogram/errors/rpc_error.py", line 91, in raise_it
    raise getattr(
pyrogram.errors.exceptions.flood_420.FloodWait: Telegram says: [420 FLOOD_WAIT_X] - A wait of 11 seconds is required (caused by "messages.EditMessage")
[03/16/2026 02:42:35 AM:pyrogram.dispatcher:253:ERROR] Telegram says: [420 FLOOD_WAIT_X] - A wait of 11 seconds is required (caused by "messages.EditMessage")
Traceback (most recent call last):
  File "/usr/local/lib/python3.10/dist-packages/pyrogram/dispatcher.py", line 240, in handler_worker
    await handler.callback(self.client, *args)
  File "/root/ANIMETOON/plugins/pm_filter.py", line 136, in next_page
    await query.edit_message_reply_markup(
  File "/usr/local/lib/python3.10/dist-packages/pyrogram/types/bots_and_keyboards/callback_query.py", line 304, in edit_message_reply_markup
    return await self._client.edit_message_reply_markup(
  File "/usr/local/lib/python3.10/dist-packages/pyrogram/methods/messages/edit_message_reply_markup.py", line 63, in edit_message_reply_markup
    r = await self.invoke(
  File "/usr/local/lib/python3.10/dist-packages/pyrogram/methods/advanced/invoke.py", line 79, in invoke
    r = await self.session.invoke(
  File "/usr/local/lib/python3.10/dist-packages/pyrogram/session/session.py", line 389, in invoke
    return await self.send(query, timeout=timeout)
  File "/usr/local/lib/python3.10/dist-packages/pyrogram/session/session.py", line 357, in send
    RPCError.raise_it(result, type(data))
  File "/usr/local/lib/python3.10/dist-packages/pyrogram/errors/rpc_error.py", line 91, in raise_it
    raise getattr(
pyrogram.errors.exceptions.flood_420.FloodWait: Telegram says: [420 FLOOD_WAIT_X] - A wait of 11 seconds is required (caused by "messages.EditMessage")
[03/16/2026 02:43:35 AM:pyrogram.dispatcher:253:ERROR] name 'SELF_DELETE' is not defined
Traceback (most recent call last):
  File "/usr/local/lib/python3.10/dist-packages/pyrogram/dispatcher.py", line 240, in handler_worker
    await handler.callback(self.client, *args)
  File "/root/ANIMETOON/plugins/pm_filter.py", line 57, in give_filter
    await auto_filter(client, message)
  File "/root/ANIMETOON/plugins/pm_filter.py", line 759, in auto_filter
    if SELF_DELETE:
NameError: name 'SELF_DELETE' is not defined
[03/16/2026 02:46:12 AM:pyrogram.dispatcher:253:ERROR] name 'SELF_DELETE' is not defined
Traceback (most recent call last):
  File "/usr/local/lib/python3.10/dist-packages/pyrogram/dispatcher.py", line 240, in handler_worker
    await handler.callback(self.client, *args)
  File "/root/ANIMETOON/plugins/pm_filter.py", line 57, in give_filter
    await auto_filter(client, message)
  File "/root/ANIMETOON/plugins/pm_filter.py", line 759, in auto_filter
    if SELF_DELETE:
NameError: name 'SELF_DELETE' is not defined
[03/16/2026 02:46:38 AM:pyrogram.dispatcher:253:ERROR] name 'SELF_DELETE' is not defined
Traceback (most recent call last):
  File "/usr/local/lib/python3.10/dist-packages/pyrogram/dispatcher.py", line 240, in handler_worker
    await handler.callback(self.client, *args)
  File "/root/ANIMETOON/plugins/pm_filter.py", line 57, in give_filter
    await auto_filter(client, message)
  File "/root/ANIMETOON/plugins/pm_filter.py", line 759, in auto_filter
    if SELF_DELETE:
NameError: name 'SELF_DELETE' is not defined
[03/16/2026 02:47:07 AM:pyrogram.dispatcher:253:ERROR] name 'SELF_DELETE' is not defined
Traceback (most recent call last):
  File "/usr/local/lib/python3.10/dist-packages/pyrogram/dispatcher.py", line 240, in handler_worker
    await handler.callback(self.client, *args)
  File "/root/ANIMETOON/plugins/pm_filter.py", line 57, in give_filter
    await auto_filter(client, message)
  File "/root/ANIMETOON/plugins/pm_filter.py", line 759, in auto_filter
    if SELF_DELETE:
NameError: name 'SELF_DELETE' is not defined
[03/16/2026 02:47:35 AM:pyrogram.dispatcher:253:ERROR] name 'SELF_DELETE' is not defined
Traceback (most recent call last):
  File "/usr/local/lib/python3.10/dist-packages/pyrogram/dispatcher.py", line 240, in handler_worker
    await handler.callback(self.client, *args)
  File "/root/ANIMETOON/plugins/pm_filter.py", line 57, in give_filter
    await auto_filter(client, message)
  File "/root/ANIMETOON/plugins/pm_filter.py", line 759, in auto_filter
    if SELF_DELETE:
NameError: name 'SELF_DELETE' is not defined
[03/16/2026 02:48:03 AM:pyrogram.dispatcher:253:ERROR] name 'SELF_DELETE' is not defined
Traceback (most recent call last):
  File "/usr/local/lib/python3.10/dist-packages/pyrogram/dispatcher.py", line 240, in handler_worker
    await handler.callback(self.client, *args)
  File "/root/ANIMETOON/plugins/pm_filter.py", line 57, in give_filter
    await auto_filter(client, message)
  File "/root/ANIMETOON/plugins/pm_filter.py", line 759, in auto_filter
    if SELF_DELETE:
NameError: name 'SELF_DELETE' is not defined
[03/16/2026 02:56:02 AM:pyrogram.dispatcher:253:ERROR] name 'SELF_DELETE' is not defined
Traceback (most recent call last):
  File "/usr/local/lib/python3.10/dist-packages/pyrogram/dispatcher.py", line 240, in handler_worker
    await handler.callback(self.client, *args)
  File "/root/ANIMETOON/plugins/pm_filter.py", line 57, in give_filter
    await auto_filter(client, message)
  File "/root/ANIMETOON/plugins/pm_filter.py", line 759, in auto_filter
    if SELF_DELETE:
NameError: name 'SELF_DELETE' is not defined
[03/16/2026 03:12:04 AM:pyrogram.dispatcher:253:ERROR] name 'SELF_DELETE' is not defined
Traceback (most recent call last):
  File "/usr/local/lib/python3.10/dist-packages/pyrogram/dispatcher.py", line 240, in handler_worker
    await handler.callback(self.client, *args)
  File "/root/ANIMETOON/plugins/pm_filter.py", line 57, in give_filter
    await auto_filter(client, message)
  File "/root/ANIMETOON/plugins/pm_filter.py", line 759, in auto_filter
    if SELF_DELETE:
NameError: name 'SELF_DELETE' is not defined
[03/16/2026 03:39:05 AM:pyrogram.dispatcher:253:ERROR] name 'SELF_DELETE' is not defined
Traceback (most recent call last):
  File "/usr/local/lib/python3.10/dist-packages/pyrogram/dispatcher.py", line 240, in handler_worker
    await handler.callback(self.client, *args)
  File "/root/ANIMETOON/plugins/pm_filter.py", line 57, in give_filter
    await auto_filter(client, message)
  File "/root/ANIMETOON/plugins/pm_filter.py", line 759, in auto_filter
    if SELF_DELETE:
NameError: name 'SELF_DELETE' is not defined
[03/16/2026 03:55:34 AM:pyrogram.dispatcher:253:ERROR] name 'SELF_DELETE' is not defined
Traceback (most recent call last):
  File "/usr/local/lib/python3.10/dist-packages/pyrogram/dispatcher.py", line 240, in handler_worker
    await handler.callback(self.client, *args)
  File "/root/ANIMETOON/plugins/pm_filter.py", line 57, in give_filter
    await auto_filter(client, message)
  File "/root/ANIMETOON/plugins/pm_filter.py", line 759, in auto_filter
    if SELF_DELETE:
NameError: name 'SELF_DELETE' is not defined
[03/16/2026 04:04:02 AM:pyrogram.dispatcher:253:ERROR] name 'SELF_DELETE' is not defined
Traceback (most recent call last):
  File "/usr/local/lib/python3.10/dist-packages/pyrogram/dispatcher.py", line 240, in handler_worker
    await handler.callback(self.client, *args)
  File "/root/ANIMETOON/plugins/pm_filter.py", line 57, in give_filter
    await auto_filter(client, message)
  File "/root/ANIMETOON/plugins/pm_filter.py", line 759, in auto_filter
    if SELF_DELETE:
NameError: name 'SELF_DELETE' is not defined
[03/16/2026 04:04:07 AM:pyrogram.dispatcher:253:ERROR] name 'SELF_DELETE' is not defined
Traceback (most recent call last):
  File "/usr/local/lib/python3.10/dist-packages/pyrogram/dispatcher.py", line 240, in handler_worker
    await handler.callback(self.client, *args)
  File "/root/ANIMETOON/plugins/pm_filter.py", line 57, in give_filter
    await auto_filter(client, message)
  File "/root/ANIMETOON/plugins/pm_filter.py", line 759, in auto_filter
    if SELF_DELETE:
NameError: name 'SELF_DELETE' is not defined
[03/16/2026 04:11:55 AM:pyrogram.dispatcher:253:ERROR] name 'SELF_DELETE' is not defined
Traceback (most recent call last):
  File "/usr/local/lib/python3.10/dist-packages/pyrogram/dispatcher.py", line 240, in handler_worker
    await handler.callback(self.client, *args)
  File "/root/ANIMETOON/plugins/pm_filter.py", line 57, in give_filter
    await auto_filter(client, message)
  File "/root/ANIMETOON/plugins/pm_filter.py", line 759, in auto_filter
    if SELF_DELETE:
NameError: name 'SELF_DELETE' is not defined
[03/16/2026 04:16:32 AM:pyrogram.dispatcher:253:ERROR] name 'SELF_DELETE' is not defined
Traceback (most recent call last):
  File "/usr/local/lib/python3.10/dist-packages/pyrogram/dispatcher.py", line 240, in handler_worker
    await handler.callback(self.client, *args)
  File "/root/ANIMETOON/plugins/pm_filter.py", line 57, in give_filter
    await auto_filter(client, message)
  File "/root/ANIMETOON/plugins/pm_filter.py", line 759, in auto_filter
    if SELF_DELETE:
NameError: name 'SELF_DELETE' is not defined
[03/16/2026 04:28:55 AM:pyrogram.dispatcher:253:ERROR] name 'SELF_DELETE' is not defined
Traceback (most recent call last):
  File "/usr/local/lib/python3.10/dist-packages/pyrogram/dispatcher.py", line 240, in handler_worker
    await handler.callback(self.client, *args)
  File "/root/ANIMETOON/plugins/pm_filter.py", line 57, in give_filter
    await auto_filter(client, message)
  File "/root/ANIMETOON/plugins/pm_filter.py", line 759, in auto_filter
    if SELF_DELETE:
NameError: name 'SELF_DELETE' is not defined
[03/16/2026 04:29:10 AM:pyrogram.dispatcher:253:ERROR] name 'SELF_DELETE' is not defined
Traceback (most recent call last):
  File "/usr/local/lib/python3.10/dist-packages/pyrogram/dispatcher.py", line 240, in handler_worker
    await handler.callback(self.client, *args)
  File "/root/ANIMETOON/plugins/pm_filter.py", line 57, in give_filter
    await auto_filter(client, message)
  File "/root/ANIMETOON/plugins/pm_filter.py", line 759, in auto_filter
    if SELF_DELETE:
NameError: name 'SELF_DELETE' is not defined
[03/16/2026 04:29:13 AM:pyrogram.dispatcher:253:ERROR] name 'SELF_DELETE' is not defined
Traceback (most recent call last):
  File "/usr/local/lib/python3.10/dist-packages/pyrogram/dispatcher.py", line 240, in handler_worker
    await handler.callback(self.client, *args)
  File "/root/ANIMETOON/plugins/pm_filter.py", line 57, in give_filter
    await auto_filter(client, message)
  File "/root/ANIMETOON/plugins/pm_filter.py", line 759, in auto_filter
    if SELF_DELETE:
NameError: name 'SELF_DELETE' is not defined
[03/16/2026 04:57:07 AM:pyrogram.dispatcher:253:ERROR] name 'SELF_DELETE' is not defined
Traceback (most recent call last):
  File "/usr/local/lib/python3.10/dist-packages/pyrogram/dispatcher.py", line 240, in handler_worker
    await handler.callback(self.client, *args)
  File "/root/ANIMETOON/plugins/pm_filter.py", line 57, in give_filter
    await auto_filter(client, message)
  File "/root/ANIMETOON/plugins/pm_filter.py", line 759, in auto_filter
    if SELF_DELETE:
NameError: name 'SELF_DELETE' is not defined
[03/16/2026 05:11:55 AM:pyrogram.dispatcher:253:ERROR] name 'SELF_DELETE' is not defined
Traceback (most recent call last):
  File "/usr/local/lib/python3.10/dist-packages/pyrogram/dispatcher.py", line 240, in handler_worker
    await handler.callback(self.client, *args)
  File "/root/ANIMETOON/plugins/pm_filter.py", line 57, in give_filter
    await auto_filter(client, message)
  File "/root/ANIMETOON/plugins/pm_filter.py", line 759, in auto_filter
    if SELF_DELETE:
NameError: name 'SELF_DELETE' is not defined
[03/16/2026 05:15:17 AM:pyrogram.dispatcher:253:ERROR] name 'SELF_DELETE' is not defined
Traceback (most recent call last):
  File "/usr/local/lib/python3.10/dist-packages/pyrogram/dispatcher.py", line 240, in handler_worker
    await handler.callback(self.client, *args)
  File "/root/ANIMETOON/plugins/pm_filter.py", line 57, in give_filter
    await auto_filter(client, message)
  File "/root/ANIMETOON/plugins/pm_filter.py", line 759, in auto_filter
    if SELF_DELETE:
NameError: name 'SELF_DELETE' is not defined
[03/16/2026 05:20:30 AM:pyrogram.dispatcher:253:ERROR] name 'SELF_DELETE' is not defined
Traceback (most recent call last):
  File "/usr/local/lib/python3.10/dist-packages/pyrogram/dispatcher.py", line 240, in handler_worker
    await handler.callback(self.client, *args)
  File "/root/ANIMETOON/plugins/pm_filter.py", line 57, in give_filter
    await auto_filter(client, message)
  File "/root/ANIMETOON/plugins/pm_filter.py", line 759, in auto_filter
    if SELF_DELETE:
NameError: name 'SELF_DELETE' is not defined
[03/16/2026 05:20:46 AM:pyrogram.dispatcher:253:ERROR] name 'SELF_DELETE' is not defined
Traceback (most recent call last):
  File "/usr/local/lib/python3.10/dist-packages/pyrogram/dispatcher.py", line 240, in handler_worker
    await handler.callback(self.client, *args)
  File "/root/ANIMETOON/plugins/pm_filter.py", line 57, in give_filter
    await auto_filter(client, message)
  File "/root/ANIMETOON/plugins/pm_filter.py", line 759, in auto_filter
    if SELF_DELETE:
NameError: name 'SELF_DELETE' is not defined
[03/16/2026 05:24:53 AM:pyrogram.dispatcher:253:ERROR] name 'SELF_DELETE' is not defined
Traceback (most recent call last):
  File "/usr/local/lib/python3.10/dist-packages/pyrogram/dispatcher.py", line 240, in handler_worker
    await handler.callback(self.client, *args)
  File "/root/ANIMETOON/plugins/pm_filter.py", line 57, in give_filter
    await auto_filter(client, message)
  File "/root/ANIMETOON/plugins/pm_filter.py", line 759, in auto_filter
    if SELF_DELETE:
NameError: name 'SELF_DELETE' is not defined
[03/16/2026 05:37:22 AM:pyrogram.dispatcher:253:ERROR] name 'SELF_DELETE' is not defined
Traceback (most recent call last):
  File "/usr/local/lib/python3.10/dist-packages/pyrogram/dispatcher.py", line 240, in handler_worker
    await handler.callback(self.client, *args)
  File "/root/ANIMETOON/plugins/pm_filter.py", line 57, in give_filter
    await auto_filter(client, message)
  File "/root/ANIMETOON/plugins/pm_filter.py", line 759, in auto_filter
    if SELF_DELETE:
NameError: name 'SELF_DELETE' is not defined
[03/16/2026 05:42:25 AM:pyrogram.dispatcher:253:ERROR] Telegram says: [500 RANDOM_ID_DUPLICATE] - You provided a random ID that was already used (caused by "messages.SendMessage")
Traceback (most recent call last):
  File "/usr/local/lib/python3.10/dist-packages/pyrogram/dispatcher.py", line 240, in handler_worker
    await handler.callback(self.client, *args)
  File "/root/ANIMETOON/plugins/pm_filter.py", line 57, in give_filter
    await auto_filter(client, message)
  File "/root/ANIMETOON/plugins/pm_filter.py", line 650, in auto_filter
    return await advantage_spell_chok(msg)
  File "/root/ANIMETOON/plugins/pm_filter.py", line 772, in advantage_spell_chok
    k = await msg.reply("I couldn't find any movie in that name.")
  File "/usr/local/lib/python3.10/dist-packages/pyrogram/types/messages_and_media/message.py", line 970, in reply_text
    return await self._client.send_message(
  File "/usr/local/lib/python3.10/dist-packages/pyrogram/methods/messages/send_message.py", line 126, in send_message
    r = await self.invoke(
  File "/usr/local/lib/python3.10/dist-packages/pyrogram/methods/advanced/invoke.py", line 79, in invoke
    r = await self.session.invoke(
  File "/usr/local/lib/python3.10/dist-packages/pyrogram/session/session.py", line 412, in invoke
    return await self.invoke(query, retries - 1, timeout)
  File "/usr/local/lib/python3.10/dist-packages/pyrogram/session/session.py", line 412, in invoke
    return await self.invoke(query, retries - 1, timeout)
  File "/usr/local/lib/python3.10/dist-packages/pyrogram/session/session.py", line 412, in invoke
    return await self.invoke(query, retries - 1, timeout)
  [Previous line repeated 7 more times]
  File "/usr/local/lib/python3.10/dist-packages/pyrogram/session/session.py", line 402, in invoke
    raise e from None
  File "/usr/local/lib/python3.10/dist-packages/pyrogram/session/session.py", line 389, in invoke
    return await self.send(query, timeout=timeout)
  File "/usr/local/lib/python3.10/dist-packages/pyrogram/session/session.py", line 357, in send
    RPCError.raise_it(result, type(data))
  File "/usr/local/lib/python3.10/dist-packages/pyrogram/errors/rpc_error.py", line 91, in raise_it
    raise getattr(
pyrogram.errors.exceptions.internal_server_error_500.RandomIdDuplicate: Telegram says: [500 RANDOM_ID_DUPLICATE] - You provided a random ID that was already used (caused by "messages.SendMessage")
[03/16/2026 05:47:20 AM:pyrogram.dispatcher:253:ERROR] name 'SELF_DELETE' is not defined
Traceback (most recent call last):
  File "/usr/local/lib/python3.10/dist-packages/pyrogram/dispatcher.py", line 240, in handler_worker
    await handler.callback(self.client, *args)
  File "/root/ANIMETOON/plugins/pm_filter.py", line 57, in give_filter
    await auto_filter(client, message)
  File "/root/ANIMETOON/plugins/pm_filter.py", line 759, in auto_filter
    if SELF_DELETE:
NameError: name 'SELF_DELETE' is not defined
[03/16/2026 05:48:15 AM:pyrogram.dispatcher:253:ERROR] name 'SELF_DELETE' is not defined
Traceback (most recent call last):
  File "/usr/local/lib/python3.10/dist-packages/pyrogram/dispatcher.py", line 240, in handler_worker
    await handler.callback(self.client, *args)
  File "/root/ANIMETOON/plugins/pm_filter.py", line 57, in give_filter
    await auto_filter(client, message)
  File "/root/ANIMETOON/plugins/pm_filter.py", line 759, in auto_filter
    if SELF_DELETE:
NameError: name 'SELF_DELETE' is not defined
[03/16/2026 05:50:49 AM:pyrogram.dispatcher:253:ERROR] name 'SELF_DELETE' is not defined
Traceback (most recent call last):
  File "/usr/local/lib/python3.10/dist-packages/pyrogram/dispatcher.py", line 240, in handler_worker
    await handler.callback(self.client, *args)
  File "/root/ANIMETOON/plugins/pm_filter.py", line 57, in give_filter
    await auto_filter(client, message)
  File "/root/ANIMETOON/plugins/pm_filter.py", line 759, in auto_filter
    if SELF_DELETE:
NameError: name 'SELF_DELETE' is not defined
[03/16/2026 05:54:41 AM:pyrogram.dispatcher:253:ERROR] name 'SELF_DELETE' is not defined
Traceback (most recent call last):
  File "/usr/local/lib/python3.10/dist-packages/pyrogram/dispatcher.py", line 240, in handler_worker
    await handler.callback(self.client, *args)
  File "/root/ANIMETOON/plugins/pm_filter.py", line 57, in give_filter
    await auto_filter(client, message)
  File "/root/ANIMETOON/plugins/pm_filter.py", line 759, in auto_filter
    if SELF_DELETE:
NameError: name 'SELF_DELETE' is not defined
[03/16/2026 06:06:20 AM:pyrogram.dispatcher:253:ERROR] 'NoneType' object has no attribute 'type'
Traceback (most recent call last):
  File "/usr/local/lib/python3.10/dist-packages/pyrogram/dispatcher.py", line 240, in handler_worker
    await handler.callback(self.client, *args)
  File "/root/ANIMETOON/plugins/index.py", line 63, in send_for_index
    elif message.forward_from_chat.type == enums.ChatType.CHANNEL:
AttributeError: 'NoneType' object has no attribute 'type'
[03/16/2026 06:17:33 AM:pyrogram.dispatcher:253:ERROR] name 'SELF_DELETE' is not defined
Traceback (most recent call last):
  File "/usr/local/lib/python3.10/dist-packages/pyrogram/dispatcher.py", line 240, in handler_worker
    await handler.callback(self.client, *args)
  File "/root/ANIMETOON/plugins/pm_filter.py", line 57, in give_filter
    await auto_filter(client, message)
  File "/root/ANIMETOON/plugins/pm_filter.py", line 759, in auto_filter
    if SELF_DELETE:
NameError: name 'SELF_DELETE' is not defined
[03/16/2026 06:28:44 AM:pyrogram.dispatcher:253:ERROR] name 'SELF_DELETE' is not defined
Traceback (most recent call last):
  File "/usr/local/lib/python3.10/dist-packages/pyrogram/dispatcher.py", line 240, in handler_worker
    await handler.callback(self.client, *args)
  File "/root/ANIMETOON/plugins/pm_filter.py", line 57, in give_filter
    await auto_filter(client, message)
  File "/root/ANIMETOON/plugins/pm_filter.py", line 759, in auto_filter
    if SELF_DELETE:
NameError: name 'SELF_DELETE' is not defined
[03/16/2026 06:28:54 AM:pyrogram.dispatcher:253:ERROR] name 'SELF_DELETE' is not defined
Traceback (most recent call last):
  File "/usr/local/lib/python3.10/dist-packages/pyrogram/dispatcher.py", line 240, in handler_worker
    await handler.callback(self.client, *args)
  File "/root/ANIMETOON/plugins/pm_filter.py", line 57, in give_filter
    await auto_filter(client, message)
  File "/root/ANIMETOON/plugins/pm_filter.py", line 759, in auto_filter
    if SELF_DELETE:
NameError: name 'SELF_DELETE' is not defined
[03/16/2026 06:31:56 AM:pyrogram.dispatcher:253:ERROR] name 'SELF_DELETE' is not defined
Traceback (most recent call last):
  File "/usr/local/lib/python3.10/dist-packages/pyrogram/dispatcher.py", line 240, in handler_worker
    await handler.callback(self.client, *args)
  File "/root/ANIMETOON/plugins/pm_filter.py", line 57, in give_filter
    await auto_filter(client, message)
  File "/root/ANIMETOON/plugins/pm_filter.py", line 759, in auto_filter
    if SELF_DELETE:
NameError: name 'SELF_DELETE' is not defined
[03/16/2026 06:33:03 AM:pyrogram.dispatcher:253:ERROR] name 'SELF_DELETE' is not defined
Traceback (most recent call last):
  File "/usr/local/lib/python3.10/dist-packages/pyrogram/dispatcher.py", line 240, in handler_worker
    await handler.callback(self.client, *args)
  File "/root/ANIMETOON/plugins/pm_filter.py", line 57, in give_filter
    await auto_filter(client, message)
  File "/root/ANIMETOON/plugins/pm_filter.py", line 759, in auto_filter
    if SELF_DELETE:
NameError: name 'SELF_DELETE' is not defined
[03/16/2026 06:46:10 AM:pyrogram.dispatcher:253:ERROR] name 'SELF_DELETE' is not defined
Traceback (most recent call last):
  File "/usr/local/lib/python3.10/dist-packages/pyrogram/dispatcher.py", line 240, in handler_worker
    await handler.callback(self.client, *args)
  File "/root/ANIMETOON/plugins/pm_filter.py", line 57, in give_filter
    await auto_filter(client, message)
  File "/root/ANIMETOON/plugins/pm_filter.py", line 759, in auto_filter
    if SELF_DELETE:
NameError: name 'SELF_DELETE' is not defined
[03/16/2026 06:47:53 AM:pyrogram.dispatcher:253:ERROR] name 'SELF_DELETE' is not defined
Traceback (most recent call last):
  File "/usr/local/lib/python3.10/dist-packages/pyrogram/dispatcher.py", line 240, in handler_worker
    await handler.callback(self.client, *args)
  File "/root/ANIMETOON/plugins/pm_filter.py", line 57, in give_filter
    await auto_filter(client, message)
  File "/root/ANIMETOON/plugins/pm_filter.py", line 759, in auto_filter
    if SELF_DELETE:
NameError: name 'SELF_DELETE' is not defined
[03/16/2026 06:50:22 AM:pyrogram.dispatcher:253:ERROR] name 'SELF_DELETE' is not defined
Traceback (most recent call last):
  File "/usr/local/lib/python3.10/dist-packages/pyrogram/dispatcher.py", line 240, in handler_worker
    await handler.callback(self.client, *args)
  File "/root/ANIMETOON/plugins/pm_filter.py", line 57, in give_filter
    await auto_filter(client, message)
  File "/root/ANIMETOON/plugins/pm_filter.py", line 759, in auto_filter
    if SELF_DELETE:
NameError: name 'SELF_DELETE' is not defined
[03/16/2026 06:54:53 AM:pyrogram.dispatcher:253:ERROR] name 'SELF_DELETE' is not defined
Traceback (most recent call last):
  File "/usr/local/lib/python3.10/dist-packages/pyrogram/dispatcher.py", line 240, in handler_worker
    await handler.callback(self.client, *args)
  File "/root/ANIMETOON/plugins/pm_filter.py", line 57, in give_filter
    await auto_filter(client, message)
  File "/root/ANIMETOON/plugins/pm_filter.py", line 759, in auto_filter
    if SELF_DELETE:
NameError: name 'SELF_DELETE' is not defined
[03/16/2026 06:55:02 AM:pyrogram.dispatcher:253:ERROR] name 'SELF_DELETE' is not defined
Traceback (most recent call last):
  File "/usr/local/lib/python3.10/dist-packages/pyrogram/dispatcher.py", line 240, in handler_worker
    await handler.callback(self.client, *args)
  File "/root/ANIMETOON/plugins/pm_filter.py", line 57, in give_filter
    await auto_filter(client, message)
  File "/root/ANIMETOON/plugins/pm_filter.py", line 759, in auto_filter
    if SELF_DELETE:
NameError: name 'SELF_DELETE' is not defined
[03/16/2026 06:57:30 AM:pyrogram.dispatcher:253:ERROR] name 'SELF_DELETE' is not defined
Traceback (most recent call last):
  File "/usr/local/lib/python3.10/dist-packages/pyrogram/dispatcher.py", line 240, in handler_worker
    await handler.callback(self.client, *args)
  File "/root/ANIMETOON/plugins/pm_filter.py", line 57, in give_filter
    await auto_filter(client, message)
  File "/root/ANIMETOON/plugins/pm_filter.py", line 759, in auto_filter
    if SELF_DELETE:
NameError: name 'SELF_DELETE' is not defined
[03/16/2026 07:01:34 AM:pyrogram.dispatcher:253:ERROR] name 'SELF_DELETE' is not defined
Traceback (most recent call last):
  File "/usr/local/lib/python3.10/dist-packages/pyrogram/dispatcher.py", line 240, in handler_worker
    await handler.callback(self.client, *args)
  File "/root/ANIMETOON/plugins/pm_filter.py", line 57, in give_filter
    await auto_filter(client, message)
  File "/root/ANIMETOON/plugins/pm_filter.py", line 759, in auto_filter
    if SELF_DELETE:
NameError: name 'SELF_DELETE' is not defined
[03/16/2026 07:17:24 AM:pyrogram.dispatcher:253:ERROR] name 'SELF_DELETE' is not defined
Traceback (most recent call last):
  File "/usr/local/lib/python3.10/dist-packages/pyrogram/dispatcher.py", line 240, in handler_worker
    await handler.callback(self.client, *args)
  File "/root/ANIMETOON/plugins/pm_filter.py", line 57, in give_filter
    await auto_filter(client, message)
  File "/root/ANIMETOON/plugins/pm_filter.py", line 759, in auto_filter
    if SELF_DELETE:
NameError: name 'SELF_DELETE' is not defined
[03/16/2026 07:20:09 AM:pyrogram.dispatcher:253:ERROR] name 'SELF_DELETE' is not defined
Traceback (most recent call last):
  File "/usr/local/lib/python3.10/dist-packages/pyrogram/dispatcher.py", line 240, in handler_worker
    await handler.callback(self.client, *args)
  File "/root/ANIMETOON/plugins/pm_filter.py", line 57, in give_filter
    await auto_filter(client, message)
  File "/root/ANIMETOON/plugins/pm_filter.py", line 759, in auto_filter
    if SELF_DELETE:
NameError: name 'SELF_DELETE' is not defined
[03/16/2026 07:22:48 AM:pyrogram.dispatcher:253:ERROR] name 'SELF_DELETE' is not defined
Traceback (most recent call last):
  File "/usr/local/lib/python3.10/dist-packages/pyrogram/dispatcher.py", line 240, in handler_worker
    await handler.callback(self.client, *args)
  File "/root/ANIMETOON/plugins/pm_filter.py", line 57, in give_filter
    await auto_filter(client, message)
  File "/root/ANIMETOON/plugins/pm_filter.py", line 759, in auto_filter
    if SELF_DELETE:
NameError: name 'SELF_DELETE' is not defined
[03/16/2026 07:27:23 AM:pyrogram.dispatcher:253:ERROR] not enough values to unpack (expected 3, got 0)
Traceback (most recent call last):
  File "/usr/local/lib/python3.10/dist-packages/pyrogram/dispatcher.py", line 240, in handler_worker
    await handler.callback(self.client, *args)
  File "/root/ANIMETOON/plugins/pm_filter.py", line 57, in give_filter
    await auto_filter(client, message)
  File "/root/ANIMETOON/plugins/pm_filter.py", line 647, in auto_filter
    files, offset, total_results = await get_search_results(search.lower(), offset=0, filter=True)
ValueError: not enough values to unpack (expected 3, got 0)
[03/16/2026 07:50:47 AM:pyrogram.dispatcher:253:ERROR] name 'SELF_DELETE' is not defined
Traceback (most recent call last):
  File "/usr/local/lib/python3.10/dist-packages/pyrogram/dispatcher.py", line 240, in handler_worker
    await handler.callback(self.client, *args)
  File "/root/ANIMETOON/plugins/pm_filter.py", line 57, in give_filter
    await auto_filter(client, message)
  File "/root/ANIMETOON/plugins/pm_filter.py", line 759, in auto_filter
    if SELF_DELETE:
NameError: name 'SELF_DELETE' is not defined
[03/16/2026 07:55:39 AM:pyrogram.dispatcher:253:ERROR] name 'SELF_DELETE' is not defined
Traceback (most recent call last):
  File "/usr/local/lib/python3.10/dist-packages/pyrogram/dispatcher.py", line 240, in handler_worker
    await handler.callback(self.client, *args)
  File "/root/ANIMETOON/plugins/pm_filter.py", line 57, in give_filter
    await auto_filter(client, message)
  File "/root/ANIMETOON/plugins/pm_filter.py", line 759, in auto_filter
    if SELF_DELETE:
NameError: name 'SELF_DELETE' is not defined
[03/16/2026 08:00:32 AM:pyrogram.dispatcher:253:ERROR] name 'SELF_DELETE' is not defined
Traceback (most recent call last):
  File "/usr/local/lib/python3.10/dist-packages/pyrogram/dispatcher.py", line 240, in handler_worker
    await handler.callback(self.client, *args)
  File "/root/ANIMETOON/plugins/pm_filter.py", line 57, in give_filter
    await auto_filter(client, message)
  File "/root/ANIMETOON/plugins/pm_filter.py", line 759, in auto_filter
    if SELF_DELETE:
NameError: name 'SELF_DELETE' is not defined
[03/16/2026 08:00:38 AM:pyrogram.dispatcher:253:ERROR] name 'SELF_DELETE' is not defined
Traceback (most recent call last):
  File "/usr/local/lib/python3.10/dist-packages/pyrogram/dispatcher.py", line 240, in handler_worker
    await handler.callback(self.client, *args)
  File "/root/ANIMETOON/plugins/pm_filter.py", line 57, in give_filter
    await auto_filter(client, message)
  File "/root/ANIMETOON/plugins/pm_filter.py", line 759, in auto_filter
    if SELF_DELETE:
NameError: name 'SELF_DELETE' is not defined
[03/16/2026 08:00:42 AM:pyrogram.dispatcher:253:ERROR] name 'SELF_DELETE' is not defined
Traceback (most recent call last):
  File "/usr/local/lib/python3.10/dist-packages/pyrogram/dispatcher.py", line 240, in handler_worker
    await handler.callback(self.client, *args)
  File "/root/ANIMETOON/plugins/pm_filter.py", line 57, in give_filter
    await auto_filter(client, message)
  File "/root/ANIMETOON/plugins/pm_filter.py", line 759, in auto_filter
    if SELF_DELETE:
NameError: name 'SELF_DELETE' is not defined
[03/16/2026 08:00:45 AM:pyrogram.dispatcher:253:ERROR] name 'SELF_DELETE' is not defined
Traceback (most recent call last):
  File "/usr/local/lib/python3.10/dist-packages/pyrogram/dispatcher.py", line 240, in handler_worker
    await handler.callback(self.client, *args)
  File "/root/ANIMETOON/plugins/pm_filter.py", line 57, in give_filter
    await auto_filter(client, message)
  File "/root/ANIMETOON/plugins/pm_filter.py", line 759, in auto_filter
    if SELF_DELETE:
NameError: name 'SELF_DELETE' is not defined
[03/16/2026 08:00:49 AM:pyrogram.dispatcher:253:ERROR] name 'SELF_DELETE' is not defined
Traceback (most recent call last):
  File "/usr/local/lib/python3.10/dist-packages/pyrogram/dispatcher.py", line 240, in handler_worker
    await handler.callback(self.client, *args)
  File "/root/ANIMETOON/plugins/pm_filter.py", line 57, in give_filter
    await auto_filter(client, message)
  File "/root/ANIMETOON/plugins/pm_filter.py", line 759, in auto_filter
    if SELF_DELETE:
NameError: name 'SELF_DELETE' is not defined
[03/16/2026 08:00:57 AM:pyrogram.dispatcher:253:ERROR] name 'SELF_DELETE' is not defined
Traceback (most recent call last):
  File "/usr/local/lib/python3.10/dist-packages/pyrogram/dispatcher.py", line 240, in handler_worker
    await handler.callback(self.client, *args)
  File "/root/ANIMETOON/plugins/pm_filter.py", line 57, in give_filter
    await auto_filter(client, message)
  File "/root/ANIMETOON/plugins/pm_filter.py", line 759, in auto_filter
    if SELF_DELETE:
NameError: name 'SELF_DELETE' is not defined
[03/16/2026 08:00:59 AM:pyrogram.dispatcher:253:ERROR] name 'SELF_DELETE' is not defined
Traceback (most recent call last):
  File "/usr/local/lib/python3.10/dist-packages/pyrogram/dispatcher.py", line 240, in handler_worker
    await handler.callback(self.client, *args)
  File "/root/ANIMETOON/plugins/pm_filter.py", line 57, in give_filter
    await auto_filter(client, message)
  File "/root/ANIMETOON/plugins/pm_filter.py", line 759, in auto_filter
    if SELF_DELETE:
NameError: name 'SELF_DELETE' is not defined
[03/16/2026 08:01:02 AM:pyrogram.dispatcher:253:ERROR] name 'SELF_DELETE' is not defined
Traceback (most recent call last):
  File "/usr/local/lib/python3.10/dist-packages/pyrogram/dispatcher.py", line 240, in handler_worker
    await handler.callback(self.client, *args)
  File "/root/ANIMETOON/plugins/pm_filter.py", line 57, in give_filter
    await auto_filter(client, message)
  File "/root/ANIMETOON/plugins/pm_filter.py", line 759, in auto_filter
    if SELF_DELETE:
NameError: name 'SELF_DELETE' is not defined
[03/16/2026 08:01:05 AM:pyrogram.dispatcher:253:ERROR] name 'SELF_DELETE' is not defined
Traceback (most recent call last):
  File "/usr/local/lib/python3.10/dist-packages/pyrogram/dispatcher.py", line 240, in handler_worker
    await handler.callback(self.client, *args)
  File "/root/ANIMETOON/plugins/pm_filter.py", line 57, in give_filter
    await auto_filter(client, message)
  File "/root/ANIMETOON/plugins/pm_filter.py", line 759, in auto_filter
    if SELF_DELETE:
NameError: name 'SELF_DELETE' is not defined
[03/16/2026 08:01:08 AM:pyrogram.dispatcher:253:ERROR] name 'SELF_DELETE' is not defined
Traceback (most recent call last):
  File "/usr/local/lib/python3.10/dist-packages/pyrogram/dispatcher.py", line 240, in handler_worker
    await handler.callback(self.client, *args)
  File "/root/ANIMETOON/plugins/pm_filter.py", line 57, in give_filter
    await auto_filter(client, message)
  File "/root/ANIMETOON/plugins/pm_filter.py", line 759, in auto_filter
    if SELF_DELETE:
NameError: name 'SELF_DELETE' is not defined
[03/16/2026 08:01:12 AM:pyrogram.dispatcher:253:ERROR] name 'SELF_DELETE' is not defined
Traceback (most recent call last):
  File "/usr/local/lib/python3.10/dist-packages/pyrogram/dispatcher.py", line 240, in handler_worker
    await handler.callback(self.client, *args)
  File "/root/ANIMETOON/plugins/pm_filter.py", line 57, in give_filter
    await auto_filter(client, message)
  File "/root/ANIMETOON/plugins/pm_filter.py", line 759, in auto_filter
    if SELF_DELETE:
NameError: name 'SELF_DELETE' is not defined
[03/16/2026 08:01:15 AM:pyrogram.dispatcher:253:ERROR] name 'SELF_DELETE' is not defined
Traceback (most recent call last):
  File "/usr/local/lib/python3.10/dist-packages/pyrogram/dispatcher.py", line 240, in handler_worker
    await handler.callback(self.client, *args)
  File "/root/ANIMETOON/plugins/pm_filter.py", line 57, in give_filter
    await auto_filter(client, message)
  File "/root/ANIMETOON/plugins/pm_filter.py", line 759, in auto_filter
    if SELF_DELETE:
NameError: name 'SELF_DELETE' is not defined
[03/16/2026 08:01:18 AM:pyrogram.dispatcher:253:ERROR] name 'SELF_DELETE' is not defined
Traceback (most recent call last):
  File "/usr/local/lib/python3.10/dist-packages/pyrogram/dispatcher.py", line 240, in handler_worker
    await handler.callback(self.client, *args)
  File "/root/ANIMETOON/plugins/pm_filter.py", line 57, in give_filter
    await auto_filter(client, message)
  File "/root/ANIMETOON/plugins/pm_filter.py", line 759, in auto_filter
    if SELF_DELETE:
NameError: name 'SELF_DELETE' is not defined
[03/16/2026 08:01:29 AM:pyrogram.dispatcher:253:ERROR] name 'SELF_DELETE' is not defined
Traceback (most recent call last):
  File "/usr/local/lib/python3.10/dist-packages/pyrogram/dispatcher.py", line 240, in handler_worker
    await handler.callback(self.client, *args)
  File "/root/ANIMETOON/plugins/pm_filter.py", line 57, in give_filter
    await auto_filter(client, message)
  File "/root/ANIMETOON/plugins/pm_filter.py", line 759, in auto_filter
    if SELF_DELETE:
NameError: name 'SELF_DELETE' is not defined
[03/16/2026 08:01:38 AM:pyrogram.dispatcher:253:ERROR] name 'SELF_DELETE' is not defined
Traceback (most recent call last):
  File "/usr/local/lib/python3.10/dist-packages/pyrogram/dispatcher.py", line 240, in handler_worker
    await handler.callback(self.client, *args)
  File "/root/ANIMETOON/plugins/pm_filter.py", line 57, in give_filter
    await auto_filter(client, message)
  File "/root/ANIMETOON/plugins/pm_filter.py", line 759, in auto_filter
    if SELF_DELETE:
NameError: name 'SELF_DELETE' is not defined
[03/16/2026 08:01:50 AM:pyrogram.dispatcher:253:ERROR] name 'SELF_DELETE' is not defined
Traceback (most recent call last):
  File "/usr/local/lib/python3.10/dist-packages/pyrogram/dispatcher.py", line 240, in handler_worker
    await handler.callback(self.client, *args)
  File "/root/ANIMETOON/plugins/pm_filter.py", line 57, in give_filter
    await auto_filter(client, message)
  File "/root/ANIMETOON/plugins/pm_filter.py", line 759, in auto_filter
    if SELF_DELETE:
NameError: name 'SELF_DELETE' is not defined
[03/16/2026 08:02:02 AM:pyrogram.dispatcher:253:ERROR] name 'SELF_DELETE' is not defined
Traceback (most recent call last):
  File "/usr/local/lib/python3.10/dist-packages/pyrogram/dispatcher.py", line 240, in handler_worker
    await handler.callback(self.client, *args)
  File "/root/ANIMETOON/plugins/pm_filter.py", line 57, in give_filter
    await auto_filter(client, message)
  File "/root/ANIMETOON/plugins/pm_filter.py", line 759, in auto_filter
    if SELF_DELETE:
NameError: name 'SELF_DELETE' is not defined
[03/16/2026 08:02:05 AM:pyrogram.dispatcher:253:ERROR] name 'SELF_DELETE' is not defined
Traceback (most recent call last):
  File "/usr/local/lib/python3.10/dist-packages/pyrogram/dispatcher.py", line 240, in handler_worker
    await handler.callback(self.client, *args)
  File "/root/ANIMETOON/plugins/pm_filter.py", line 57, in give_filter
    await auto_filter(client, message)
  File "/root/ANIMETOON/plugins/pm_filter.py", line 759, in auto_filter
    if SELF_DELETE:
NameError: name 'SELF_DELETE' is not defined
[03/16/2026 08:02:09 AM:pyrogram.dispatcher:253:ERROR] name 'SELF_DELETE' is not defined
Traceback (most recent call last):
  File "/usr/local/lib/python3.10/dist-packages/pyrogram/dispatcher.py", line 240, in handler_worker
    await handler.callback(self.client, *args)
  File "/root/ANIMETOON/plugins/pm_filter.py", line 57, in give_filter
    await auto_filter(client, message)
  File "/root/ANIMETOON/plugins/pm_filter.py", line 759, in auto_filter
    if SELF_DELETE:
NameError: name 'SELF_DELETE' is not defined
[03/16/2026 08:02:12 AM:pyrogram.dispatcher:253:ERROR] name 'SELF_DELETE' is not defined
Traceback (most recent call last):
  File "/usr/local/lib/python3.10/dist-packages/pyrogram/dispatcher.py", line 240, in handler_worker
    await handler.callback(self.client, *args)
  File "/root/ANIMETOON/plugins/pm_filter.py", line 57, in give_filter
    await auto_filter(client, message)
  File "/root/ANIMETOON/plugins/pm_filter.py", line 759, in auto_filter
    if SELF_DELETE:
NameError: name 'SELF_DELETE' is not defined
[03/16/2026 08:02:15 AM:pyrogram.dispatcher:253:ERROR] name 'SELF_DELETE' is not defined
Traceback (most recent call last):
  File "/usr/local/lib/python3.10/dist-packages/pyrogram/dispatcher.py", line 240, in handler_worker
    await handler.callback(self.client, *args)
  File "/root/ANIMETOON/plugins/pm_filter.py", line 57, in give_filter
    await auto_filter(client, message)
  File "/root/ANIMETOON/plugins/pm_filter.py", line 759, in auto_filter
    if SELF_DELETE:
NameError: name 'SELF_DELETE' is not defined
[03/16/2026 08:02:21 AM:pyrogram.dispatcher:253:ERROR] name 'SELF_DELETE' is not defined
Traceback (most recent call last):
  File "/usr/local/lib/python3.10/dist-packages/pyrogram/dispatcher.py", line 240, in handler_worker
    await handler.callback(self.client, *args)
  File "/root/ANIMETOON/plugins/pm_filter.py", line 57, in give_filter
    await auto_filter(client, message)
  File "/root/ANIMETOON/plugins/pm_filter.py", line 759, in auto_filter
    if SELF_DELETE:
NameError: name 'SELF_DELETE' is not defined
[03/16/2026 08:02:24 AM:pyrogram.dispatcher:253:ERROR] name 'SELF_DELETE' is not defined
Traceback (most recent call last):
  File "/usr/local/lib/python3.10/dist-packages/pyrogram/dispatcher.py", line 240, in handler_worker
    await handler.callback(self.client, *args)
  File "/root/ANIMETOON/plugins/pm_filter.py", line 57, in give_filter
    await auto_filter(client, message)
  File "/root/ANIMETOON/plugins/pm_filter.py", line 759, in auto_filter
    if SELF_DELETE:
NameError: name 'SELF_DELETE' is not defined
[03/16/2026 08:02:28 AM:pyrogram.dispatcher:253:ERROR] name 'SELF_DELETE' is not defined
Traceback (most recent call last):
  File "/usr/local/lib/python3.10/dist-packages/pyrogram/dispatcher.py", line 240, in handler_worker
    await handler.callback(self.client, *args)
  File "/root/ANIMETOON/plugins/pm_filter.py", line 57, in give_filter
    await auto_filter(client, message)
  File "/root/ANIMETOON/plugins/pm_filter.py", line 759, in auto_filter
    if SELF_DELETE:
NameError: name 'SELF_DELETE' is not defined
[03/16/2026 08:05:23 AM:pyrogram.dispatcher:253:ERROR] name 'SELF_DELETE' is not defined
Traceback (most recent call last):
  File "/usr/local/lib/python3.10/dist-packages/pyrogram/dispatcher.py", line 240, in handler_worker
    await handler.callback(self.client, *args)
  File "/root/ANIMETOON/plugins/pm_filter.py", line 57, in give_filter
    await auto_filter(client, message)
  File "/root/ANIMETOON/plugins/pm_filter.py", line 759, in auto_filter
    if SELF_DELETE:
NameError: name 'SELF_DELETE' is not defined
[03/16/2026 08:25:59 AM:pyrogram.dispatcher:253:ERROR] name 'SELF_DELETE' is not defined
Traceback (most recent call last):
  File "/usr/local/lib/python3.10/dist-packages/pyrogram/dispatcher.py", line 240, in handler_worker
    await handler.callback(self.client, *args)
  File "/root/ANIMETOON/plugins/pm_filter.py", line 57, in give_filter
    await auto_filter(client, message)
  File "/root/ANIMETOON/plugins/pm_filter.py", line 759, in auto_filter
    if SELF_DELETE:
NameError: name 'SELF_DELETE' is not defined
[03/16/2026 08:26:49 AM:pyrogram.dispatcher:253:ERROR] name 'SELF_DELETE' is not defined
Traceback (most recent call last):
  File "/usr/local/lib/python3.10/dist-packages/pyrogram/dispatcher.py", line 240, in handler_worker
    await handler.callback(self.client, *args)
  File "/root/ANIMETOON/plugins/pm_filter.py", line 57, in give_filter
    await auto_filter(client, message)
  File "/root/ANIMETOON/plugins/pm_filter.py", line 759, in auto_filter
    if SELF_DELETE:
NameError: name 'SELF_DELETE' is not defined
[03/16/2026 08:30:26 AM:pyrogram.dispatcher:253:ERROR] name 'SELF_DELETE' is not defined
Traceback (most recent call last):
  File "/usr/local/lib/python3.10/dist-packages/pyrogram/dispatcher.py", line 240, in handler_worker
    await handler.callback(self.client, *args)
  File "/root/ANIMETOON/plugins/pm_filter.py", line 57, in give_filter
    await auto_filter(client, message)
  File "/root/ANIMETOON/plugins/pm_filter.py", line 759, in auto_filter
    if SELF_DELETE:
NameError: name 'SELF_DELETE' is not defined
[03/16/2026 08:31:42 AM:pyrogram.dispatcher:253:ERROR] name 'SELF_DELETE' is not defined
Traceback (most recent call last):
  File "/usr/local/lib/python3.10/dist-packages/pyrogram/dispatcher.py", line 240, in handler_worker
    await handler.callback(self.client, *args)
  File "/root/ANIMETOON/plugins/pm_filter.py", line 57, in give_filter
    await auto_filter(client, message)
  File "/root/ANIMETOON/plugins/pm_filter.py", line 759, in auto_filter
    if SELF_DELETE:
NameError: name 'SELF_DELETE' is not defined
[03/16/2026 08:33:06 AM:pyrogram.dispatcher:253:ERROR] not enough values to unpack (expected 3, got 0)
Traceback (most recent call last):
  File "/usr/local/lib/python3.10/dist-packages/pyrogram/dispatcher.py", line 240, in handler_worker
    await handler.callback(self.client, *args)
  File "/root/ANIMETOON/plugins/pm_filter.py", line 57, in give_filter
    await auto_filter(client, message)
  File "/root/ANIMETOON/plugins/pm_filter.py", line 647, in auto_filter
    files, offset, total_results = await get_search_results(search.lower(), offset=0, filter=True)
ValueError: not enough values to unpack (expected 3, got 0)
[03/16/2026 08:35:11 AM:pyrogram.dispatcher:253:ERROR] name 'SELF_DELETE' is not defined
Traceback (most recent call last):
  File "/usr/local/lib/python3.10/dist-packages/pyrogram/dispatcher.py", line 240, in handler_worker
    await handler.callback(self.client, *args)
  File "/root/ANIMETOON/plugins/pm_filter.py", line 57, in give_filter
    await auto_filter(client, message)
  File "/root/ANIMETOON/plugins/pm_filter.py", line 759, in auto_filter
    if SELF_DELETE:
NameError: name 'SELF_DELETE' is not defined
[03/16/2026 08:44:25 AM:pyrogram.dispatcher:253:ERROR] name 'SELF_DELETE' is not defined
Traceback (most recent call last):
  File "/usr/local/lib/python3.10/dist-packages/pyrogram/dispatcher.py", line 240, in handler_worker
    await handler.callback(self.client, *args)
  File "/root/ANIMETOON/plugins/pm_filter.py", line 57, in give_filter
    await auto_filter(client, message)
  File "/root/ANIMETOON/plugins/pm_filter.py", line 759, in auto_filter
    if SELF_DELETE:
NameError: name 'SELF_DELETE' is not defined
[03/16/2026 08:45:14 AM:pyrogram.dispatcher:253:ERROR] name 'SELF_DELETE' is not defined
Traceback (most recent call last):
  File "/usr/local/lib/python3.10/dist-packages/pyrogram/dispatcher.py", line 240, in handler_worker
    await handler.callback(self.client, *args)
  File "/root/ANIMETOON/plugins/pm_filter.py", line 57, in give_filter
    await auto_filter(client, message)
  File "/root/ANIMETOON/plugins/pm_filter.py", line 759, in auto_filter
    if SELF_DELETE:
NameError: name 'SELF_DELETE' is not defined
[03/16/2026 08:49:50 AM:pyrogram.dispatcher:253:ERROR] name 'SELF_DELETE' is not defined
Traceback (most recent call last):
  File "/usr/local/lib/python3.10/dist-packages/pyrogram/dispatcher.py", line 240, in handler_worker
    await handler.callback(self.client, *args)
  File "/root/ANIMETOON/plugins/pm_filter.py", line 57, in give_filter
    await auto_filter(client, message)
  File "/root/ANIMETOON/plugins/pm_filter.py", line 759, in auto_filter
    if SELF_DELETE:
NameError: name 'SELF_DELETE' is not defined
[03/16/2026 09:04:12 AM:pyrogram.dispatcher:253:ERROR] name 'SELF_DELETE' is not defined
Traceback (most recent call last):
  File "/usr/local/lib/python3.10/dist-packages/pyrogram/dispatcher.py", line 240, in handler_worker
    await handler.callback(self.client, *args)
  File "/root/ANIMETOON/plugins/pm_filter.py", line 57, in give_filter
    await auto_filter(client, message)
  File "/root/ANIMETOON/plugins/pm_filter.py", line 759, in auto_filter
    if SELF_DELETE:
NameError: name 'SELF_DELETE' is not defined
[03/16/2026 09:06:43 AM:pyrogram.dispatcher:253:ERROR] name 'SELF_DELETE' is not defined
Traceback (most recent call last):
  File "/usr/local/lib/python3.10/dist-packages/pyrogram/dispatcher.py", line 240, in handler_worker
    await handler.callback(self.client, *args)
  File "/root/ANIMETOON/plugins/pm_filter.py", line 57, in give_filter
    await auto_filter(client, message)
  File "/root/ANIMETOON/plugins/pm_filter.py", line 759, in auto_filter
    if SELF_DELETE:
NameError: name 'SELF_DELETE' is not defined
[03/16/2026 09:06:48 AM:pyrogram.dispatcher:253:ERROR] name 'SELF_DELETE' is not defined
Traceback (most recent call last):
  File "/usr/local/lib/python3.10/dist-packages/pyrogram/dispatcher.py", line 240, in handler_worker
    await handler.callback(self.client, *args)
  File "/root/ANIMETOON/plugins/pm_filter.py", line 57, in give_filter
    await auto_filter(client, message)
  File "/root/ANIMETOON/plugins/pm_filter.py", line 759, in auto_filter
    if SELF_DELETE:
NameError: name 'SELF_DELETE' is not defined
[03/16/2026 09:11:55 AM:pyrogram.dispatcher:253:ERROR] name 'SELF_DELETE' is not defined
Traceback (most recent call last):
  File "/usr/local/lib/python3.10/dist-packages/pyrogram/dispatcher.py", line 240, in handler_worker
    await handler.callback(self.client, *args)
  File "/root/ANIMETOON/plugins/pm_filter.py", line 57, in give_filter
    await auto_filter(client, message)
  File "/root/ANIMETOON/plugins/pm_filter.py", line 759, in auto_filter
    if SELF_DELETE:
NameError: name 'SELF_DELETE' is not defined
[03/16/2026 09:16:39 AM:pyrogram.dispatcher:253:ERROR] name 'SELF_DELETE' is not defined
Traceback (most recent call last):
  File "/usr/local/lib/python3.10/dist-packages/pyrogram/dispatcher.py", line 240, in handler_worker
    await handler.callback(self.client, *args)
  File "/root/ANIMETOON/plugins/pm_filter.py", line 57, in give_filter
    await auto_filter(client, message)
  File "/root/ANIMETOON/plugins/pm_filter.py", line 759, in auto_filter
    if SELF_DELETE:
NameError: name 'SELF_DELETE' is not defined
[03/16/2026 09:25:20 AM:pyrogram.dispatcher:253:ERROR] name 'SELF_DELETE' is not defined
Traceback (most recent call last):
  File "/usr/local/lib/python3.10/dist-packages/pyrogram/dispatcher.py", line 240, in handler_worker
    await handler.callback(self.client, *args)
  File "/root/ANIMETOON/plugins/pm_filter.py", line 57, in give_filter
    await auto_filter(client, message)
  File "/root/ANIMETOON/plugins/pm_filter.py", line 759, in auto_filter
    if SELF_DELETE:
NameError: name 'SELF_DELETE' is not defined
[03/16/2026 09:25:45 AM:pyrogram.dispatcher:253:ERROR] name 'SELF_DELETE' is not defined
Traceback (most recent call last):
  File "/usr/local/lib/python3.10/dist-packages/pyrogram/dispatcher.py", line 240, in handler_worker
    await handler.callback(self.client, *args)
  File "/root/ANIMETOON/plugins/pm_filter.py", line 57, in give_filter
    await auto_filter(client, message)
  File "/root/ANIMETOON/plugins/pm_filter.py", line 759, in auto_filter
    if SELF_DELETE:
NameError: name 'SELF_DELETE' is not defined
[03/16/2026 09:34:36 AM:pyrogram.dispatcher:253:ERROR] 'NoneType' object has no attribute 'type'
Traceback (most recent call last):
  File "/usr/local/lib/python3.10/dist-packages/pyrogram/dispatcher.py", line 240, in handler_worker
    await handler.callback(self.client, *args)
  File "/root/ANIMETOON/plugins/index.py", line 63, in send_for_index
    elif message.forward_from_chat.type == enums.ChatType.CHANNEL:
AttributeError: 'NoneType' object has no attribute 'type'
[03/16/2026 09:34:36 AM:pyrogram.dispatcher:253:ERROR] 'NoneType' object has no attribute 'type'
Traceback (most recent call last):
  File "/usr/local/lib/python3.10/dist-packages/pyrogram/dispatcher.py", line 240, in handler_worker
    await handler.callback(self.client, *args)
  File "/root/ANIMETOON/plugins/index.py", line 63, in send_for_index
    elif message.forward_from_chat.type == enums.ChatType.CHANNEL:
AttributeError: 'NoneType' object has no attribute 'type'
[03/16/2026 09:34:36 AM:pyrogram.dispatcher:253:ERROR] 'NoneType' object has no attribute 'type'
Traceback (most recent call last):
  File "/usr/local/lib/python3.10/dist-packages/pyrogram/dispatcher.py", line 240, in handler_worker
    await handler.callback(self.client, *args)
  File "/root/ANIMETOON/plugins/index.py", line 63, in send_for_index
    elif message.forward_from_chat.type == enums.ChatType.CHANNEL:
AttributeError: 'NoneType' object has no attribute 'type'
[03/16/2026 09:34:37 AM:pyrogram.dispatcher:253:ERROR] 'NoneType' object has no attribute 'type'
Traceback (most recent call last):
  File "/usr/local/lib/python3.10/dist-packages/pyrogram/dispatcher.py", line 240, in handler_worker
    await handler.callback(self.client, *args)
  File "/root/ANIMETOON/plugins/index.py", line 63, in send_for_index
    elif message.forward_from_chat.type == enums.ChatType.CHANNEL:
AttributeError: 'NoneType' object has no attribute 'type'
[03/16/2026 09:34:37 AM:pyrogram.dispatcher:253:ERROR] 'NoneType' object has no attribute 'type'
Traceback (most recent call last):
  File "/usr/local/lib/python3.10/dist-packages/pyrogram/dispatcher.py", line 240, in handler_worker
    await handler.callback(self.client, *args)
  File "/root/ANIMETOON/plugins/index.py", line 63, in send_for_index
    elif message.forward_from_chat.type == enums.ChatType.CHANNEL:
AttributeError: 'NoneType' object has no attribute 'type'
[03/16/2026 09:34:37 AM:pyrogram.dispatcher:253:ERROR] 'NoneType' object has no attribute 'type'
Traceback (most recent call last):
  File "/usr/local/lib/python3.10/dist-packages/pyrogram/dispatcher.py", line 240, in handler_worker
    await handler.callback(self.client, *args)
  File "/root/ANIMETOON/plugins/index.py", line 63, in send_for_index
    elif message.forward_from_chat.type == enums.ChatType.CHANNEL:
AttributeError: 'NoneType' object has no attribute 'type'
[03/16/2026 09:34:37 AM:pyrogram.dispatcher:253:ERROR] 'NoneType' object has no attribute 'type'
Traceback (most recent call last):
  File "/usr/local/lib/python3.10/dist-packages/pyrogram/dispatcher.py", line 240, in handler_worker
    await handler.callback(self.client, *args)
  File "/root/ANIMETOON/plugins/index.py", line 63, in send_for_index
    elif message.forward_from_chat.type == enums.ChatType.CHANNEL:
AttributeError: 'NoneType' object has no attribute 'type'
[03/16/2026 09:34:37 AM:pyrogram.dispatcher:253:ERROR] 'NoneType' object has no attribute 'type'
Traceback (most recent call last):
  File "/usr/local/lib/python3.10/dist-packages/pyrogram/dispatcher.py", line 240, in handler_worker
    await handler.callback(self.client, *args)
  File "/root/ANIMETOON/plugins/index.py", line 63, in send_for_index
    elif message.forward_from_chat.type == enums.ChatType.CHANNEL:
AttributeError: 'NoneType' object has no attribute 'type'
[03/16/2026 09:34:37 AM:pyrogram.dispatcher:253:ERROR] 'NoneType' object has no attribute 'type'
Traceback (most recent call last):
  File "/usr/local/lib/python3.10/dist-packages/pyrogram/dispatcher.py", line 240, in handler_worker
    await handler.callback(self.client, *args)
  File "/root/ANIMETOON/plugins/index.py", line 63, in send_for_index
    elif message.forward_from_chat.type == enums.ChatType.CHANNEL:
AttributeError: 'NoneType' object has no attribute 'type'
[03/16/2026 09:34:37 AM:pyrogram.dispatcher:253:ERROR] 'NoneType' object has no attribute 'type'
Traceback (most recent call last):
  File "/usr/local/lib/python3.10/dist-packages/pyrogram/dispatcher.py", line 240, in handler_worker
    await handler.callback(self.client, *args)
  File "/root/ANIMETOON/plugins/index.py", line 63, in send_for_index
    elif message.forward_from_chat.type == enums.ChatType.CHANNEL:
AttributeError: 'NoneType' object has no attribute 'type'
[03/16/2026 09:34:37 AM:pyrogram.dispatcher:253:ERROR] 'NoneType' object has no attribute 'type'
Traceback (most recent call last):
  File "/usr/local/lib/python3.10/dist-packages/pyrogram/dispatcher.py", line 240, in handler_worker
    await handler.callback(self.client, *args)
  File "/root/ANIMETOON/plugins/index.py", line 63, in send_for_index
    elif message.forward_from_chat.type == enums.ChatType.CHANNEL:
AttributeError: 'NoneType' object has no attribute 'type'
[03/16/2026 09:34:37 AM:pyrogram.dispatcher:253:ERROR] 'NoneType' object has no attribute 'type'
Traceback (most recent call last):
  File "/usr/local/lib/python3.10/dist-packages/pyrogram/dispatcher.py", line 240, in handler_worker
    await handler.callback(self.client, *args)
  File "/root/ANIMETOON/plugins/index.py", line 63, in send_for_index
    elif message.forward_from_chat.type == enums.ChatType.CHANNEL:
AttributeError: 'NoneType' object has no attribute 'type'
[03/16/2026 09:34:37 AM:pyrogram.dispatcher:253:ERROR] 'NoneType' object has no attribute 'type'
Traceback (most recent call last):
  File "/usr/local/lib/python3.10/dist-packages/pyrogram/dispatcher.py", line 240, in handler_worker
    await handler.callback(self.client, *args)
  File "/root/ANIMETOON/plugins/index.py", line 63, in send_for_index
    elif message.forward_from_chat.type == enums.ChatType.CHANNEL:
AttributeError: 'NoneType' object has no attribute 'type'
[03/16/2026 09:34:37 AM:pyrogram.dispatcher:253:ERROR] 'NoneType' object has no attribute 'type'
Traceback (most recent call last):
  File "/usr/local/lib/python3.10/dist-packages/pyrogram/dispatcher.py", line 240, in handler_worker
    await handler.callback(self.client, *args)
  File "/root/ANIMETOON/plugins/index.py", line 63, in send_for_index
    elif message.forward_from_chat.type == enums.ChatType.CHANNEL:
AttributeError: 'NoneType' object has no attribute 'type'
[03/16/2026 09:34:37 AM:pyrogram.dispatcher:253:ERROR] 'NoneType' object has no attribute 'type'
Traceback (most recent call last):
  File "/usr/local/lib/python3.10/dist-packages/pyrogram/dispatcher.py", line 240, in handler_worker
    await handler.callback(self.client, *args)
  File "/root/ANIMETOON/plugins/index.py", line 63, in send_for_index
    elif message.forward_from_chat.type == enums.ChatType.CHANNEL:
AttributeError: 'NoneType' object has no attribute 'type'
[03/16/2026 09:49:33 AM:pyrogram.dispatcher:253:ERROR] name 'SELF_DELETE' is not defined
Traceback (most recent call last):
  File "/usr/local/lib/python3.10/dist-packages/pyrogram/dispatcher.py", line 240, in handler_worker
    await handler.callback(self.client, *args)
  File "/root/ANIMETOON/plugins/pm_filter.py", line 57, in give_filter
    await auto_filter(client, message)
  File "/root/ANIMETOON/plugins/pm_filter.py", line 759, in auto_filter
    if SELF_DELETE:
NameError: name 'SELF_DELETE' is not defined
[03/16/2026 10:14:17 AM:pyrogram.dispatcher:253:ERROR] name 'SELF_DELETE' is not defined
Traceback (most recent call last):
  File "/usr/local/lib/python3.10/dist-packages/pyrogram/dispatcher.py", line 240, in handler_worker
    await handler.callback(self.client, *args)
  File "/root/ANIMETOON/plugins/pm_filter.py", line 57, in give_filter
    await auto_filter(client, message)
  File "/root/ANIMETOON/plugins/pm_filter.py", line 759, in auto_filter
    if SELF_DELETE:
NameError: name 'SELF_DELETE' is not defined
[03/16/2026 10:16:50 AM:pyrogram.dispatcher:253:ERROR] name 'SELF_DELETE' is not defined
Traceback (most recent call last):
  File "/usr/local/lib/python3.10/dist-packages/pyrogram/dispatcher.py", line 240, in handler_worker
    await handler.callback(self.client, *args)
  File "/root/ANIMETOON/plugins/pm_filter.py", line 57, in give_filter
    await auto_filter(client, message)
  File "/root/ANIMETOON/plugins/pm_filter.py", line 759, in auto_filter
    if SELF_DELETE:
NameError: name 'SELF_DELETE' is not defined
[03/16/2026 10:39:48 AM:pyrogram.dispatcher:253:ERROR] name 'SELF_DELETE' is not defined
Traceback (most recent call last):
  File "/usr/local/lib/python3.10/dist-packages/pyrogram/dispatcher.py", line 240, in handler_worker
    await handler.callback(self.client, *args)
  File "/root/ANIMETOON/plugins/pm_filter.py", line 57, in give_filter
    await auto_filter(client, message)
  File "/root/ANIMETOON/plugins/pm_filter.py", line 759, in auto_filter
    if SELF_DELETE:
NameError: name 'SELF_DELETE' is not defined
[03/16/2026 10:40:29 AM:pyrogram.dispatcher:253:ERROR] name 'SELF_DELETE' is not defined
Traceback (most recent call last):
  File "/usr/local/lib/python3.10/dist-packages/pyrogram/dispatcher.py", line 240, in handler_worker
    await handler.callback(self.client, *args)
  File "/root/ANIMETOON/plugins/pm_filter.py", line 57, in give_filter
    await auto_filter(client, message)
  File "/root/ANIMETOON/plugins/pm_filter.py", line 759, in auto_filter
    if SELF_DELETE:
NameError: name 'SELF_DELETE' is not defined
[03/16/2026 10:53:32 AM:pyrogram.dispatcher:253:ERROR] name 'SELF_DELETE' is not defined
Traceback (most recent call last):
  File "/usr/local/lib/python3.10/dist-packages/pyrogram/dispatcher.py", line 240, in handler_worker
    await handler.callback(self.client, *args)
  File "/root/ANIMETOON/plugins/pm_filter.py", line 57, in give_filter
    await auto_filter(client, message)
  File "/root/ANIMETOON/plugins/pm_filter.py", line 759, in auto_filter
    if SELF_DELETE:
NameError: name 'SELF_DELETE' is not defined
[03/16/2026 10:57:24 AM:pyrogram.dispatcher:253:ERROR] name 'SELF_DELETE' is not defined
Traceback (most recent call last):
  File "/usr/local/lib/python3.10/dist-packages/pyrogram/dispatcher.py", line 240, in handler_worker
    await handler.callback(self.client, *args)
  File "/root/ANIMETOON/plugins/pm_filter.py", line 57, in give_filter
    await auto_filter(client, message)
  File "/root/ANIMETOON/plugins/pm_filter.py", line 759, in auto_filter
    if SELF_DELETE:
NameError: name 'SELF_DELETE' is not defined
[03/16/2026 11:05:06 AM:pyrogram.dispatcher:253:ERROR] name 'SELF_DELETE' is not defined
Traceback (most recent call last):
  File "/usr/local/lib/python3.10/dist-packages/pyrogram/dispatcher.py", line 240, in handler_worker
    await handler.callback(self.client, *args)
  File "/root/ANIMETOON/plugins/pm_filter.py", line 57, in give_filter
    await auto_filter(client, message)
  File "/root/ANIMETOON/plugins/pm_filter.py", line 759, in auto_filter
    if SELF_DELETE:
NameError: name 'SELF_DELETE' is not defined
[03/16/2026 11:06:44 AM:pyrogram.dispatcher:253:ERROR] name 'SELF_DELETE' is not defined
Traceback (most recent call last):
  File "/usr/local/lib/python3.10/dist-packages/pyrogram/dispatcher.py", line 240, in handler_worker
    await handler.callback(self.client, *args)
  File "/root/ANIMETOON/plugins/pm_filter.py", line 57, in give_filter
    await auto_filter(client, message)
  File "/root/ANIMETOON/plugins/pm_filter.py", line 759, in auto_filter
    if SELF_DELETE:
NameError: name 'SELF_DELETE' is not defined
[03/16/2026 11:09:50 AM:pyrogram.dispatcher:253:ERROR] name 'SELF_DELETE' is not defined
Traceback (most recent call last):
  File "/usr/local/lib/python3.10/dist-packages/pyrogram/dispatcher.py", line 240, in handler_worker
    await handler.callback(self.client, *args)
  File "/root/ANIMETOON/plugins/pm_filter.py", line 57, in give_filter
    await auto_filter(client, message)
  File "/root/ANIMETOON/plugins/pm_filter.py", line 759, in auto_filter
    if SELF_DELETE:
NameError: name 'SELF_DELETE' is not defined
[03/16/2026 11:14:41 AM:pyrogram.dispatcher:253:ERROR] name 'SELF_DELETE' is not defined
Traceback (most recent call last):
  File "/usr/local/lib/python3.10/dist-packages/pyrogram/dispatcher.py", line 240, in handler_worker
    await handler.callback(self.client, *args)
  File "/root/ANIMETOON/plugins/pm_filter.py", line 57, in give_filter
    await auto_filter(client, message)
  File "/root/ANIMETOON/plugins/pm_filter.py", line 759, in auto_filter
    if SELF_DELETE:
NameError: name 'SELF_DELETE' is not defined
[03/16/2026 11:19:55 AM:pyrogram.dispatcher:253:ERROR] name 'SELF_DELETE' is not defined
Traceback (most recent call last):
  File "/usr/local/lib/python3.10/dist-packages/pyrogram/dispatcher.py", line 240, in handler_worker
    await handler.callback(self.client, *args)
  File "/root/ANIMETOON/plugins/pm_filter.py", line 57, in give_filter
    await auto_filter(client, message)
  File "/root/ANIMETOON/plugins/pm_filter.py", line 759, in auto_filter
    if SELF_DELETE:
NameError: name 'SELF_DELETE' is not defined
[03/16/2026 11:26:37 AM:pyrogram.dispatcher:253:ERROR] name 'SELF_DELETE' is not defined
Traceback (most recent call last):
  File "/usr/local/lib/python3.10/dist-packages/pyrogram/dispatcher.py", line 240, in handler_worker
    await handler.callback(self.client, *args)
  File "/root/ANIMETOON/plugins/pm_filter.py", line 57, in give_filter
    await auto_filter(client, message)
  File "/root/ANIMETOON/plugins/pm_filter.py", line 759, in auto_filter
    if SELF_DELETE:
NameError: name 'SELF_DELETE' is not defined
[03/16/2026 11:26:48 AM:pyrogram.dispatcher:253:ERROR] name 'SELF_DELETE' is not defined
Traceback (most recent call last):
  File "/usr/local/lib/python3.10/dist-packages/pyrogram/dispatcher.py", line 240, in handler_worker
    await handler.callback(self.client, *args)
  File "/root/ANIMETOON/plugins/pm_filter.py", line 57, in give_filter
    await auto_filter(client, message)
  File "/root/ANIMETOON/plugins/pm_filter.py", line 759, in auto_filter
    if SELF_DELETE:
NameError: name 'SELF_DELETE' is not defined
[03/16/2026 11:31:05 AM:pyrogram.dispatcher:253:ERROR] name 'SELF_DELETE' is not defined
Traceback (most recent call last):
  File "/usr/local/lib/python3.10/dist-packages/pyrogram/dispatcher.py", line 240, in handler_worker
    await handler.callback(self.client, *args)
  File "/root/ANIMETOON/plugins/pm_filter.py", line 57, in give_filter
    await auto_filter(client, message)
  File "/root/ANIMETOON/plugins/pm_filter.py", line 759, in auto_filter
    if SELF_DELETE:
NameError: name 'SELF_DELETE' is not defined
[03/16/2026 11:31:41 AM:pyrogram.dispatcher:253:ERROR] name 'SELF_DELETE' is not defined
Traceback (most recent call last):
  File "/usr/local/lib/python3.10/dist-packages/pyrogram/dispatcher.py", line 240, in handler_worker
    await handler.callback(self.client, *args)
  File "/root/ANIMETOON/plugins/pm_filter.py", line 57, in give_filter
    await auto_filter(client, message)
  File "/root/ANIMETOON/plugins/pm_filter.py", line 759, in auto_filter
    if SELF_DELETE:
NameError: name 'SELF_DELETE' is not defined
[03/16/2026 11:40:39 AM:pyrogram.dispatcher:253:ERROR] name 'SELF_DELETE' is not defined
Traceback (most recent call last):
  File "/usr/local/lib/python3.10/dist-packages/pyrogram/dispatcher.py", line 240, in handler_worker
    await handler.callback(self.client, *args)
  File "/root/ANIMETOON/plugins/pm_filter.py", line 57, in give_filter
    await auto_filter(client, message)
  File "/root/ANIMETOON/plugins/pm_filter.py", line 759, in auto_filter
    if SELF_DELETE:
NameError: name 'SELF_DELETE' is not defined
[03/16/2026 11:42:45 AM:pyrogram.dispatcher:253:ERROR] name 'SELF_DELETE' is not defined
Traceback (most recent call last):
  File "/usr/local/lib/python3.10/dist-packages/pyrogram/dispatcher.py", line 240, in handler_worker
    await handler.callback(self.client, *args)
  File "/root/ANIMETOON/plugins/pm_filter.py", line 57, in give_filter
    await auto_filter(client, message)
  File "/root/ANIMETOON/plugins/pm_filter.py", line 759, in auto_filter
    if SELF_DELETE:
NameError: name 'SELF_DELETE' is not defined
[03/16/2026 11:47:37 AM:pyrogram.dispatcher:253:ERROR] name 'SELF_DELETE' is not defined
Traceback (most recent call last):
  File "/usr/local/lib/python3.10/dist-packages/pyrogram/dispatcher.py", line 240, in handler_worker
    await handler.callback(self.client, *args)
  File "/root/ANIMETOON/plugins/pm_filter.py", line 57, in give_filter
    await auto_filter(client, message)
  File "/root/ANIMETOON/plugins/pm_filter.py", line 759, in auto_filter
    if SELF_DELETE:
NameError: name 'SELF_DELETE' is not defined
[03/16/2026 11:48:19 AM:pyrogram.dispatcher:253:ERROR] Telegram says: [500 RANDOM_ID_DUPLICATE] - You provided a random ID that was already used (caused by "messages.SendMessage")
Traceback (most recent call last):
  File "/usr/local/lib/python3.10/dist-packages/pyrogram/dispatcher.py", line 240, in handler_worker
    await handler.callback(self.client, *args)
  File "/root/ANIMETOON/plugins/pm_filter.py", line 57, in give_filter
    await auto_filter(client, message)
  File "/root/ANIMETOON/plugins/pm_filter.py", line 650, in auto_filter
    return await advantage_spell_chok(msg)
  File "/root/ANIMETOON/plugins/pm_filter.py", line 772, in advantage_spell_chok
    k = await msg.reply("I couldn't find any movie in that name.")
  File "/usr/local/lib/python3.10/dist-packages/pyrogram/types/messages_and_media/message.py", line 970, in reply_text
    return await self._client.send_message(
  File "/usr/local/lib/python3.10/dist-packages/pyrogram/methods/messages/send_message.py", line 126, in send_message
    r = await self.invoke(
  File "/usr/local/lib/python3.10/dist-packages/pyrogram/methods/advanced/invoke.py", line 79, in invoke
    r = await self.session.invoke(
  File "/usr/local/lib/python3.10/dist-packages/pyrogram/session/session.py", line 412, in invoke
    return await self.invoke(query, retries - 1, timeout)
  File "/usr/local/lib/python3.10/dist-packages/pyrogram/session/session.py", line 412, in invoke
    return await self.invoke(query, retries - 1, timeout)
  File "/usr/local/lib/python3.10/dist-packages/pyrogram/session/session.py", line 412, in invoke
    return await self.invoke(query, retries - 1, timeout)
  [Previous line repeated 7 more times]
  File "/usr/local/lib/python3.10/dist-packages/pyrogram/session/session.py", line 402, in invoke
    raise e from None
  File "/usr/local/lib/python3.10/dist-packages/pyrogram/session/session.py", line 389, in invoke
    return await self.send(query, timeout=timeout)
  File "/usr/local/lib/python3.10/dist-packages/pyrogram/session/session.py", line 357, in send
    RPCError.raise_it(result, type(data))
  File "/usr/local/lib/python3.10/dist-packages/pyrogram/errors/rpc_error.py", line 91, in raise_it
    raise getattr(
pyrogram.errors.exceptions.internal_server_error_500.RandomIdDuplicate: Telegram says: [500 RANDOM_ID_DUPLICATE] - You provided a random ID that was already used (caused by "messages.SendMessage")
[03/16/2026 11:48:33 AM:pyrogram.dispatcher:253:ERROR] name 'SELF_DELETE' is not defined
Traceback (most recent call last):
  File "/usr/local/lib/python3.10/dist-packages/pyrogram/dispatcher.py", line 240, in handler_worker
    await handler.callback(self.client, *args)
  File "/root/ANIMETOON/plugins/pm_filter.py", line 57, in give_filter
    await auto_filter(client, message)
  File "/root/ANIMETOON/plugins/pm_filter.py", line 759, in auto_filter
    if SELF_DELETE:
NameError: name 'SELF_DELETE' is not defined
[03/16/2026 12:10:58 PM:pyrogram.dispatcher:253:ERROR] name 'SELF_DELETE' is not defined
Traceback (most recent call last):
  File "/usr/local/lib/python3.10/dist-packages/pyrogram/dispatcher.py", line 240, in handler_worker
    await handler.callback(self.client, *args)
  File "/root/ANIMETOON/plugins/pm_filter.py", line 57, in give_filter
    await auto_filter(client, message)
  File "/root/ANIMETOON/plugins/pm_filter.py", line 759, in auto_filter
    if SELF_DELETE:
NameError: name 'SELF_DELETE' is not defined
[03/16/2026 12:12:21 PM:pyrogram.dispatcher:253:ERROR] name 'SELF_DELETE' is not defined
Traceback (most recent call last):
  File "/usr/local/lib/python3.10/dist-packages/pyrogram/dispatcher.py", line 240, in handler_worker
    await handler.callback(self.client, *args)
  File "/root/ANIMETOON/plugins/pm_filter.py", line 57, in give_filter
    await auto_filter(client, message)
  File "/root/ANIMETOON/plugins/pm_filter.py", line 759, in auto_filter
    if SELF_DELETE:
NameError: name 'SELF_DELETE' is not defined
[03/16/2026 12:13:56 PM:pyrogram.dispatcher:253:ERROR] name 'SELF_DELETE' is not defined
Traceback (most recent call last):
  File "/usr/local/lib/python3.10/dist-packages/pyrogram/dispatcher.py", line 240, in handler_worker
    await handler.callback(self.client, *args)
  File "/root/ANIMETOON/plugins/pm_filter.py", line 57, in give_filter
    await auto_filter(client, message)
  File "/root/ANIMETOON/plugins/pm_filter.py", line 759, in auto_filter
    if SELF_DELETE:
NameError: name 'SELF_DELETE' is not defined
[03/16/2026 12:14:16 PM:pyrogram.dispatcher:253:ERROR] name 'SELF_DELETE' is not defined
Traceback (most recent call last):
  File "/usr/local/lib/python3.10/dist-packages/pyrogram/dispatcher.py", line 240, in handler_worker
    await handler.callback(self.client, *args)
  File "/root/ANIMETOON/plugins/pm_filter.py", line 57, in give_filter
    await auto_filter(client, message)
  File "/root/ANIMETOON/plugins/pm_filter.py", line 759, in auto_filter
    if SELF_DELETE:
NameError: name 'SELF_DELETE' is not defined
[03/16/2026 12:14:53 PM:pyrogram.dispatcher:253:ERROR] name 'SELF_DELETE' is not defined
Traceback (most recent call last):
  File "/usr/local/lib/python3.10/dist-packages/pyrogram/dispatcher.py", line 240, in handler_worker
    await handler.callback(self.client, *args)
  File "/root/ANIMETOON/plugins/pm_filter.py", line 57, in give_filter
    await auto_filter(client, message)
  File "/root/ANIMETOON/plugins/pm_filter.py", line 759, in auto_filter
    if SELF_DELETE:
NameError: name 'SELF_DELETE' is not defined
[03/16/2026 12:15:35 PM:pyrogram.dispatcher:253:ERROR] name 'SELF_DELETE' is not defined
Traceback (most recent call last):
  File "/usr/local/lib/python3.10/dist-packages/pyrogram/dispatcher.py", line 240, in handler_worker
    await handler.callback(self.client, *args)
  File "/root/ANIMETOON/plugins/pm_filter.py", line 57, in give_filter
    await auto_filter(client, message)
  File "/root/ANIMETOON/plugins/pm_filter.py", line 759, in auto_filter
    if SELF_DELETE:
NameError: name 'SELF_DELETE' is not defined
[03/16/2026 12:22:33 PM:pyrogram.dispatcher:253:ERROR] name 'SELF_DELETE' is not defined
Traceback (most recent call last):
  File "/usr/local/lib/python3.10/dist-packages/pyrogram/dispatcher.py", line 240, in handler_worker
    await handler.callback(self.client, *args)
  File "/root/ANIMETOON/plugins/pm_filter.py", line 57, in give_filter
    await auto_filter(client, message)
  File "/root/ANIMETOON/plugins/pm_filter.py", line 759, in auto_filter
    if SELF_DELETE:
NameError: name 'SELF_DELETE' is not defined
[03/16/2026 12:32:27 PM:pyrogram.dispatcher:253:ERROR] name 'SELF_DELETE' is not defined
Traceback (most recent call last):
  File "/usr/local/lib/python3.10/dist-packages/pyrogram/dispatcher.py", line 240, in handler_worker
    await handler.callback(self.client, *args)
  File "/root/ANIMETOON/plugins/pm_filter.py", line 57, in give_filter
    await auto_filter(client, message)
  File "/root/ANIMETOON/plugins/pm_filter.py", line 759, in auto_filter
    if SELF_DELETE:
NameError: name 'SELF_DELETE' is not defined
[03/16/2026 12:33:00 PM:pyrogram.dispatcher:253:ERROR] name 'SELF_DELETE' is not defined
Traceback (most recent call last):
  File "/usr/local/lib/python3.10/dist-packages/pyrogram/dispatcher.py", line 240, in handler_worker
    await handler.callback(self.client, *args)
  File "/root/ANIMETOON/plugins/pm_filter.py", line 57, in give_filter
    await auto_filter(client, message)
  File "/root/ANIMETOON/plugins/pm_filter.py", line 759, in auto_filter
    if SELF_DELETE:
NameError: name 'SELF_DELETE' is not defined
[03/16/2026 12:48:03 PM:pyrogram.dispatcher:253:ERROR] name 'SELF_DELETE' is not defined
Traceback (most recent call last):
  File "/usr/local/lib/python3.10/dist-packages/pyrogram/dispatcher.py", line 240, in handler_worker
    await handler.callback(self.client, *args)
  File "/root/ANIMETOON/plugins/pm_filter.py", line 57, in give_filter
    await auto_filter(client, message)
  File "/root/ANIMETOON/plugins/pm_filter.py", line 759, in auto_filter
    if SELF_DELETE:
NameError: name 'SELF_DELETE' is not defined
[03/16/2026 12:50:14 PM:pyrogram.dispatcher:253:ERROR] name 'SELF_DELETE' is not defined
Traceback (most recent call last):
  File "/usr/local/lib/python3.10/dist-packages/pyrogram/dispatcher.py", line 240, in handler_worker
    await handler.callback(self.client, *args)
  File "/root/ANIMETOON/plugins/pm_filter.py", line 57, in give_filter
    await auto_filter(client, message)
  File "/root/ANIMETOON/plugins/pm_filter.py", line 759, in auto_filter
    if SELF_DELETE:
NameError: name 'SELF_DELETE' is not defined
[03/16/2026 12:55:05 PM:pyrogram.dispatcher:253:ERROR] name 'SELF_DELETE' is not defined
Traceback (most recent call last):
  File "/usr/local/lib/python3.10/dist-packages/pyrogram/dispatcher.py", line 240, in handler_worker
    await handler.callback(self.client, *args)
  File "/root/ANIMETOON/plugins/pm_filter.py", line 57, in give_filter
    await auto_filter(client, message)
  File "/root/ANIMETOON/plugins/pm_filter.py", line 759, in auto_filter
    if SELF_DELETE:
NameError: name 'SELF_DELETE' is not defined
[03/16/2026 12:56:17 PM:pyrogram.dispatcher:253:ERROR] name 'SELF_DELETE' is not defined
Traceback (most recent call last):
  File "/usr/local/lib/python3.10/dist-packages/pyrogram/dispatcher.py", line 240, in handler_worker
    await handler.callback(self.client, *args)
  File "/root/ANIMETOON/plugins/pm_filter.py", line 57, in give_filter
    await auto_filter(client, message)
  File "/root/ANIMETOON/plugins/pm_filter.py", line 759, in auto_filter
    if SELF_DELETE:
NameError: name 'SELF_DELETE' is not defined
[03/16/2026 01:09:14 PM:pyrogram.dispatcher:253:ERROR] name 'SELF_DELETE' is not defined
Traceback (most recent call last):
  File "/usr/local/lib/python3.10/dist-packages/pyrogram/dispatcher.py", line 240, in handler_worker
    await handler.callback(self.client, *args)
  File "/root/ANIMETOON/plugins/pm_filter.py", line 57, in give_filter
    await auto_filter(client, message)
  File "/root/ANIMETOON/plugins/pm_filter.py", line 759, in auto_filter
    if SELF_DELETE:
NameError: name 'SELF_DELETE' is not defined
[03/16/2026 01:15:46 PM:pyrogram.dispatcher:253:ERROR] name 'SELF_DELETE' is not defined
Traceback (most recent call last):
  File "/usr/local/lib/python3.10/dist-packages/pyrogram/dispatcher.py", line 240, in handler_worker
    await handler.callback(self.client, *args)
  File "/root/ANIMETOON/plugins/pm_filter.py", line 57, in give_filter
    await auto_filter(client, message)
  File "/root/ANIMETOON/plugins/pm_filter.py", line 759, in auto_filter
    if SELF_DELETE:
NameError: name 'SELF_DELETE' is not defined
[03/16/2026 01:27:43 PM:pyrogram.dispatcher:253:ERROR] name 'SELF_DELETE' is not defined
Traceback (most recent call last):
  File "/usr/local/lib/python3.10/dist-packages/pyrogram/dispatcher.py", line 240, in handler_worker
    await handler.callback(self.client, *args)
  File "/root/ANIMETOON/plugins/pm_filter.py", line 57, in give_filter
    await auto_filter(client, message)
  File "/root/ANIMETOON/plugins/pm_filter.py", line 759, in auto_filter
    if SELF_DELETE:
NameError: name 'SELF_DELETE' is not defined
[03/16/2026 01:32:32 PM:pyrogram.dispatcher:253:ERROR] name 'SELF_DELETE' is not defined
Traceback (most recent call last):
  File "/usr/local/lib/python3.10/dist-packages/pyrogram/dispatcher.py", line 240, in handler_worker
    await handler.callback(self.client, *args)
  File "/root/ANIMETOON/plugins/pm_filter.py", line 57, in give_filter
    await auto_filter(client, message)
  File "/root/ANIMETOON/plugins/pm_filter.py", line 759, in auto_filter
    if SELF_DELETE:
NameError: name 'SELF_DELETE' is not defined
[03/16/2026 01:34:33 PM:pyrogram.dispatcher:253:ERROR] name 'SELF_DELETE' is not defined
Traceback (most recent call last):
  File "/usr/local/lib/python3.10/dist-packages/pyrogram/dispatcher.py", line 240, in handler_worker
    await handler.callback(self.client, *args)
  File "/root/ANIMETOON/plugins/pm_filter.py", line 57, in give_filter
    await auto_filter(client, message)
  File "/root/ANIMETOON/plugins/pm_filter.py", line 759, in auto_filter
    if SELF_DELETE:
NameError: name 'SELF_DELETE' is not defined
[03/16/2026 01:35:03 PM:pyrogram.dispatcher:253:ERROR] name 'SELF_DELETE' is not defined
Traceback (most recent call last):
  File "/usr/local/lib/python3.10/dist-packages/pyrogram/dispatcher.py", line 240, in handler_worker
    await handler.callback(self.client, *args)
  File "/root/ANIMETOON/plugins/pm_filter.py", line 57, in give_filter
    await auto_filter(client, message)
  File "/root/ANIMETOON/plugins/pm_filter.py", line 759, in auto_filter
    if SELF_DELETE:
NameError: name 'SELF_DELETE' is not defined
[03/16/2026 01:40:09 PM:pyrogram.dispatcher:253:ERROR] Telegram says: [420 FLOOD_WAIT_X] - A wait of 12 seconds is required (caused by "messages.SendMessage")
Traceback (most recent call last):
  File "/usr/local/lib/python3.10/dist-packages/pyrogram/session/session.py", line 389, in invoke
    return await self.send(query, timeout=timeout)
  File "/usr/local/lib/python3.10/dist-packages/pyrogram/session/session.py", line 357, in send
    RPCError.raise_it(result, type(data))
  File "/usr/local/lib/python3.10/dist-packages/pyrogram/errors/rpc_error.py", line 91, in raise_it
    raise getattr(
pyrogram.errors.exceptions.internal_server_error_500.RandomIdDuplicate: Telegram says: [500 RANDOM_ID_DUPLICATE] - You provided a random ID that was already used (caused by "messages.SendMessage")

During handling of the above exception, another exception occurred:

Traceback (most recent call last):
  File "/usr/local/lib/python3.10/dist-packages/pyrogram/session/session.py", line 389, in invoke
    return await self.send(query, timeout=timeout)
  File "/usr/local/lib/python3.10/dist-packages/pyrogram/session/session.py", line 357, in send
    RPCError.raise_it(result, type(data))
  File "/usr/local/lib/python3.10/dist-packages/pyrogram/errors/rpc_error.py", line 91, in raise_it
    raise getattr(
pyrogram.errors.exceptions.internal_server_error_500.RandomIdDuplicate: Telegram says: [500 RANDOM_ID_DUPLICATE] - You provided a random ID that was already used (caused by "messages.SendMessage")

During handling of the above exception, another exception occurred:

Traceback (most recent call last):
  File "/usr/local/lib/python3.10/dist-packages/pyrogram/session/session.py", line 389, in invoke
    return await self.send(query, timeout=timeout)
  File "/usr/local/lib/python3.10/dist-packages/pyrogram/session/session.py", line 357, in send
    RPCError.raise_it(result, type(data))
  File "/usr/local/lib/python3.10/dist-packages/pyrogram/errors/rpc_error.py", line 91, in raise_it
    raise getattr(
pyrogram.errors.exceptions.internal_server_error_500.RandomIdDuplicate: Telegram says: [500 RANDOM_ID_DUPLICATE] - You provided a random ID that was already used (caused by "messages.SendMessage")

During handling of the above exception, another exception occurred:

Traceback (most recent call last):
  File "/usr/local/lib/python3.10/dist-packages/pyrogram/session/session.py", line 389, in invoke
    return await self.send(query, timeout=timeout)
  File "/usr/local/lib/python3.10/dist-packages/pyrogram/session/session.py", line 357, in send
    RPCError.raise_it(result, type(data))
  File "/usr/local/lib/python3.10/dist-packages/pyrogram/errors/rpc_error.py", line 91, in raise_it
    raise getattr(
pyrogram.errors.exceptions.internal_server_error_500.RandomIdDuplicate: Telegram says: [500 RANDOM_ID_DUPLICATE] - You provided a random ID that was already used (caused by "messages.SendMessage")

During handling of the above exception, another exception occurred:

Traceback (most recent call last):
  File "/usr/local/lib/python3.10/dist-packages/pyrogram/session/session.py", line 389, in invoke
    return await self.send(query, timeout=timeout)
  File "/usr/local/lib/python3.10/dist-packages/pyrogram/session/session.py", line 357, in send
    RPCError.raise_it(result, type(data))
  File "/usr/local/lib/python3.10/dist-packages/pyrogram/errors/rpc_error.py", line 91, in raise_it
    raise getattr(
pyrogram.errors.exceptions.internal_server_error_500.RandomIdDuplicate: Telegram says: [500 RANDOM_ID_DUPLICATE] - You provided a random ID that was already used (caused by "messages.SendMessage")

During handling of the above exception, another exception occurred:

Traceback (most recent call last):
  File "/usr/local/lib/python3.10/dist-packages/pyrogram/session/session.py", line 389, in invoke
    return await self.send(query, timeout=timeout)
  File "/usr/local/lib/python3.10/dist-packages/pyrogram/session/session.py", line 357, in send
    RPCError.raise_it(result, type(data))
  File "/usr/local/lib/python3.10/dist-packages/pyrogram/errors/rpc_error.py", line 91, in raise_it
    raise getattr(
pyrogram.errors.exceptions.internal_server_error_500.RandomIdDuplicate: Telegram says: [500 RANDOM_ID_DUPLICATE] - You provided a random ID that was already used (caused by "messages.SendMessage")

During handling of the above exception, another exception occurred:

Traceback (most recent call last):
  File "/usr/local/lib/python3.10/dist-packages/pyrogram/session/session.py", line 389, in invoke
    return await self.send(query, timeout=timeout)
  File "/usr/local/lib/python3.10/dist-packages/pyrogram/session/session.py", line 357, in send
    RPCError.raise_it(result, type(data))
  File "/usr/local/lib/python3.10/dist-packages/pyrogram/errors/rpc_error.py", line 91, in raise_it
    raise getattr(
pyrogram.errors.exceptions.internal_server_error_500.RandomIdDuplicate: Telegram says: [500 RANDOM_ID_DUPLICATE] - You provided a random ID that was already used (caused by "messages.SendMessage")

During handling of the above exception, another exception occurred:

Traceback (most recent call last):
  File "/usr/local/lib/python3.10/dist-packages/pyrogram/session/session.py", line 389, in invoke
    return await self.send(query, timeout=timeout)
  File "/usr/local/lib/python3.10/dist-packages/pyrogram/session/session.py", line 357, in send
    RPCError.raise_it(result, type(data))
  File "/usr/local/lib/python3.10/dist-packages/pyrogram/errors/rpc_error.py", line 91, in raise_it
    raise getattr(
pyrogram.errors.exceptions.internal_server_error_500.RandomIdDuplicate: Telegram says: [500 RANDOM_ID_DUPLICATE] - You provided a random ID that was already used (caused by "messages.SendMessage")

During handling of the above exception, another exception occurred:

Traceback (most recent call last):
  File "/usr/local/lib/python3.10/dist-packages/pyrogram/session/session.py", line 389, in invoke
    return await self.send(query, timeout=timeout)
  File "/usr/local/lib/python3.10/dist-packages/pyrogram/session/session.py", line 357, in send
    RPCError.raise_it(result, type(data))
  File "/usr/local/lib/python3.10/dist-packages/pyrogram/errors/rpc_error.py", line 91, in raise_it
    raise getattr(
pyrogram.errors.exceptions.internal_server_error_500.RandomIdDuplicate: Telegram says: [500 RANDOM_ID_DUPLICATE] - You provided a random ID that was already used (caused by "messages.SendMessage")

During handling of the above exception, another exception occurred:

Traceback (most recent call last):
  File "/usr/local/lib/python3.10/dist-packages/pyrogram/session/session.py", line 389, in invoke
    return await self.send(query, timeout=timeout)
  File "/usr/local/lib/python3.10/dist-packages/pyrogram/session/session.py", line 357, in send
    RPCError.raise_it(result, type(data))
  File "/usr/local/lib/python3.10/dist-packages/pyrogram/errors/rpc_error.py", line 91, in raise_it
    raise getattr(
pyrogram.errors.exceptions.internal_server_error_500.RandomIdDuplicate: Telegram says: [500 RANDOM_ID_DUPLICATE] - You provided a random ID that was already used (caused by "messages.SendMessage")

During handling of the above exception, another exception occurred:

Traceback (most recent call last):
  File "/usr/local/lib/python3.10/dist-packages/pyrogram/dispatcher.py", line 240, in handler_worker
    await handler.callback(self.client, *args)
  File "/root/ANIMETOON/plugins/pm_filter.py", line 57, in give_filter
    await auto_filter(client, message)
  File "/root/ANIMETOON/plugins/pm_filter.py", line 650, in auto_filter
    return await advantage_spell_chok(msg)
  File "/root/ANIMETOON/plugins/pm_filter.py", line 772, in advantage_spell_chok
    k = await msg.reply("I couldn't find any movie in that name.")
  File "/usr/local/lib/python3.10/dist-packages/pyrogram/types/messages_and_media/message.py", line 970, in reply_text
    return await self._client.send_message(
  File "/usr/local/lib/python3.10/dist-packages/pyrogram/methods/messages/send_message.py", line 126, in send_message
    r = await self.invoke(
  File "/usr/local/lib/python3.10/dist-packages/pyrogram/methods/advanced/invoke.py", line 79, in invoke
    r = await self.session.invoke(
  File "/usr/local/lib/python3.10/dist-packages/pyrogram/session/session.py", line 412, in invoke
    return await self.invoke(query, retries - 1, timeout)
  File "/usr/local/lib/python3.10/dist-packages/pyrogram/session/session.py", line 412, in invoke
    return await self.invoke(query, retries - 1, timeout)
  File "/usr/local/lib/python3.10/dist-packages/pyrogram/session/session.py", line 412, in invoke
    return await self.invoke(query, retries - 1, timeout)
  [Previous line repeated 7 more times]
  File "/usr/local/lib/python3.10/dist-packages/pyrogram/session/session.py", line 389, in invoke
    return await self.send(query, timeout=timeout)
  File "/usr/local/lib/python3.10/dist-packages/pyrogram/session/session.py", line 357, in send
    RPCError.raise_it(result, type(data))
  File "/usr/local/lib/python3.10/dist-packages/pyrogram/errors/rpc_error.py", line 91, in raise_it
    raise getattr(
pyrogram.errors.exceptions.flood_420.FloodWait: Telegram says: [420 FLOOD_WAIT_X] - A wait of 12 seconds is required (caused by "messages.SendMessage")
[03/16/2026 01:51:17 PM:pyrogram.dispatcher:253:ERROR] name 'SELF_DELETE' is not defined
Traceback (most recent call last):
  File "/usr/local/lib/python3.10/dist-packages/pyrogram/dispatcher.py", line 240, in handler_worker
    await handler.callback(self.client, *args)
  File "/root/ANIMETOON/plugins/pm_filter.py", line 57, in give_filter
    await auto_filter(client, message)
  File "/root/ANIMETOON/plugins/pm_filter.py", line 759, in auto_filter
    if SELF_DELETE:
NameError: name 'SELF_DELETE' is not defined
[03/16/2026 01:52:40 PM:pyrogram.dispatcher:253:ERROR] name 'SELF_DELETE' is not defined
Traceback (most recent call last):
  File "/usr/local/lib/python3.10/dist-packages/pyrogram/dispatcher.py", line 240, in handler_worker
    await handler.callback(self.client, *args)
  File "/root/ANIMETOON/plugins/pm_filter.py", line 57, in give_filter
    await auto_filter(client, message)
  File "/root/ANIMETOON/plugins/pm_filter.py", line 759, in auto_filter
    if SELF_DELETE:
NameError: name 'SELF_DELETE' is not defined
[03/16/2026 02:02:15 PM:pyrogram.dispatcher:253:ERROR] name 'SELF_DELETE' is not defined
Traceback (most recent call last):
  File "/usr/local/lib/python3.10/dist-packages/pyrogram/dispatcher.py", line 240, in handler_worker
    await handler.callback(self.client, *args)
  File "/root/ANIMETOON/plugins/pm_filter.py", line 57, in give_filter
    await auto_filter(client, message)
  File "/root/ANIMETOON/plugins/pm_filter.py", line 759, in auto_filter
    if SELF_DELETE:
NameError: name 'SELF_DELETE' is not defined
[03/16/2026 02:06:16 PM:pyrogram.dispatcher:253:ERROR] Telegram says: [500 RANDOM_ID_DUPLICATE] - You provided a random ID that was already used (caused by "messages.SendMessage")
Traceback (most recent call last):
  File "/usr/local/lib/python3.10/dist-packages/pyrogram/dispatcher.py", line 240, in handler_worker
    await handler.callback(self.client, *args)
  File "/root/ANIMETOON/plugins/pm_filter.py", line 57, in give_filter
    await auto_filter(client, message)
  File "/root/ANIMETOON/plugins/pm_filter.py", line 650, in auto_filter
    return await advantage_spell_chok(msg)
  File "/root/ANIMETOON/plugins/pm_filter.py", line 772, in advantage_spell_chok
    k = await msg.reply("I couldn't find any movie in that name.")
  File "/usr/local/lib/python3.10/dist-packages/pyrogram/types/messages_and_media/message.py", line 970, in reply_text
    return await self._client.send_message(
  File "/usr/local/lib/python3.10/dist-packages/pyrogram/methods/messages/send_message.py", line 126, in send_message
    r = await self.invoke(
  File "/usr/local/lib/python3.10/dist-packages/pyrogram/methods/advanced/invoke.py", line 79, in invoke
    r = await self.session.invoke(
  File "/usr/local/lib/python3.10/dist-packages/pyrogram/session/session.py", line 412, in invoke
    return await self.invoke(query, retries - 1, timeout)
  File "/usr/local/lib/python3.10/dist-packages/pyrogram/session/session.py", line 412, in invoke
    return await self.invoke(query, retries - 1, timeout)
  File "/usr/local/lib/python3.10/dist-packages/pyrogram/session/session.py", line 412, in invoke
    return await self.invoke(query, retries - 1, timeout)
  [Previous line repeated 7 more times]
  File "/usr/local/lib/python3.10/dist-packages/pyrogram/session/session.py", line 402, in invoke
    raise e from None
  File "/usr/local/lib/python3.10/dist-packages/pyrogram/session/session.py", line 389, in invoke
    return await self.send(query, timeout=timeout)
  File "/usr/local/lib/python3.10/dist-packages/pyrogram/session/session.py", line 357, in send
    RPCError.raise_it(result, type(data))
  File "/usr/local/lib/python3.10/dist-packages/pyrogram/errors/rpc_error.py", line 91, in raise_it
    raise getattr(
pyrogram.errors.exceptions.internal_server_error_500.RandomIdDuplicate: Telegram says: [500 RANDOM_ID_DUPLICATE] - You provided a random ID that was already used (caused by "messages.SendMessage")
[03/16/2026 02:06:38 PM:pyrogram.dispatcher:253:ERROR] name 'SELF_DELETE' is not defined
Traceback (most recent call last):
  File "/usr/local/lib/python3.10/dist-packages/pyrogram/dispatcher.py", line 240, in handler_worker
    await handler.callback(self.client, *args)
  File "/root/ANIMETOON/plugins/pm_filter.py", line 57, in give_filter
    await auto_filter(client, message)
  File "/root/ANIMETOON/plugins/pm_filter.py", line 759, in auto_filter
    if SELF_DELETE:
NameError: name 'SELF_DELETE' is not defined
[03/16/2026 02:26:03 PM:pyrogram.dispatcher:253:ERROR] Telegram says: [500 RANDOM_ID_DUPLICATE] - You provided a random ID that was already used (caused by "messages.SendMessage")
Traceback (most recent call last):
  File "/usr/local/lib/python3.10/dist-packages/pyrogram/dispatcher.py", line 240, in handler_worker
    await handler.callback(self.client, *args)
  File "/root/ANIMETOON/plugins/pm_filter.py", line 57, in give_filter
    await auto_filter(client, message)
  File "/root/ANIMETOON/plugins/pm_filter.py", line 650, in auto_filter
    return await advantage_spell_chok(msg)
  File "/root/ANIMETOON/plugins/pm_filter.py", line 772, in advantage_spell_chok
    k = await msg.reply("I couldn't find any movie in that name.")
  File "/usr/local/lib/python3.10/dist-packages/pyrogram/types/messages_and_media/message.py", line 970, in reply_text
    return await self._client.send_message(
  File "/usr/local/lib/python3.10/dist-packages/pyrogram/methods/messages/send_message.py", line 126, in send_message
    r = await self.invoke(
  File "/usr/local/lib/python3.10/dist-packages/pyrogram/methods/advanced/invoke.py", line 79, in invoke
    r = await self.session.invoke(
  File "/usr/local/lib/python3.10/dist-packages/pyrogram/session/session.py", line 412, in invoke
    return await self.invoke(query, retries - 1, timeout)
  File "/usr/local/lib/python3.10/dist-packages/pyrogram/session/session.py", line 412, in invoke
    return await self.invoke(query, retries - 1, timeout)
  File "/usr/local/lib/python3.10/dist-packages/pyrogram/session/session.py", line 412, in invoke
    return await self.invoke(query, retries - 1, timeout)
  [Previous line repeated 7 more times]
  File "/usr/local/lib/python3.10/dist-packages/pyrogram/session/session.py", line 402, in invoke
    raise e from None
  File "/usr/local/lib/python3.10/dist-packages/pyrogram/session/session.py", line 389, in invoke
    return await self.send(query, timeout=timeout)
  File "/usr/local/lib/python3.10/dist-packages/pyrogram/session/session.py", line 357, in send
    RPCError.raise_it(result, type(data))
  File "/usr/local/lib/python3.10/dist-packages/pyrogram/errors/rpc_error.py", line 91, in raise_it
    raise getattr(
pyrogram.errors.exceptions.internal_server_error_500.RandomIdDuplicate: Telegram says: [500 RANDOM_ID_DUPLICATE] - You provided a random ID that was already used (caused by "messages.SendMessage")
[03/16/2026 02:26:09 PM:pyrogram.dispatcher:253:ERROR] Telegram says: [420 FLOOD_WAIT_X] - A wait of 13 seconds is required (caused by "messages.SendMessage")
Traceback (most recent call last):
  File "/usr/local/lib/python3.10/dist-packages/pyrogram/session/session.py", line 389, in invoke
    return await self.send(query, timeout=timeout)
  File "/usr/local/lib/python3.10/dist-packages/pyrogram/session/session.py", line 357, in send
    RPCError.raise_it(result, type(data))
  File "/usr/local/lib/python3.10/dist-packages/pyrogram/errors/rpc_error.py", line 91, in raise_it
    raise getattr(
pyrogram.errors.exceptions.internal_server_error_500.RandomIdDuplicate: Telegram says: [500 RANDOM_ID_DUPLICATE] - You provided a random ID that was already used (caused by "messages.SendMessage")

During handling of the above exception, another exception occurred:

Traceback (most recent call last):
  File "/usr/local/lib/python3.10/dist-packages/pyrogram/session/session.py", line 389, in invoke
    return await self.send(query, timeout=timeout)
  File "/usr/local/lib/python3.10/dist-packages/pyrogram/session/session.py", line 357, in send
    RPCError.raise_it(result, type(data))
  File "/usr/local/lib/python3.10/dist-packages/pyrogram/errors/rpc_error.py", line 91, in raise_it
    raise getattr(
pyrogram.errors.exceptions.internal_server_error_500.RandomIdDuplicate: Telegram says: [500 RANDOM_ID_DUPLICATE] - You provided a random ID that was already used (caused by "messages.SendMessage")

During handling of the above exception, another exception occurred:

Traceback (most recent call last):
  File "/usr/local/lib/python3.10/dist-packages/pyrogram/dispatcher.py", line 240, in handler_worker
    await handler.callback(self.client, *args)
  File "/root/ANIMETOON/plugins/pm_filter.py", line 57, in give_filter
    await auto_filter(client, message)
  File "/root/ANIMETOON/plugins/pm_filter.py", line 650, in auto_filter
    return await advantage_spell_chok(msg)
  File "/root/ANIMETOON/plugins/pm_filter.py", line 772, in advantage_spell_chok
    k = await msg.reply("I couldn't find any movie in that name.")
  File "/usr/local/lib/python3.10/dist-packages/pyrogram/types/messages_and_media/message.py", line 970, in reply_text
    return await self._client.send_message(
  File "/usr/local/lib/python3.10/dist-packages/pyrogram/methods/messages/send_message.py", line 126, in send_message
    r = await self.invoke(
  File "/usr/local/lib/python3.10/dist-packages/pyrogram/methods/advanced/invoke.py", line 79, in invoke
    r = await self.session.invoke(
  File "/usr/local/lib/python3.10/dist-packages/pyrogram/session/session.py", line 412, in invoke
    return await self.invoke(query, retries - 1, timeout)
  File "/usr/local/lib/python3.10/dist-packages/pyrogram/session/session.py", line 412, in invoke
    return await self.invoke(query, retries - 1, timeout)
  File "/usr/local/lib/python3.10/dist-packages/pyrogram/session/session.py", line 389, in invoke
    return await self.send(query, timeout=timeout)
  File "/usr/local/lib/python3.10/dist-packages/pyrogram/session/session.py", line 357, in send
    RPCError.raise_it(result, type(data))
  File "/usr/local/lib/python3.10/dist-packages/pyrogram/errors/rpc_error.py", line 91, in raise_it
    raise getattr(
pyrogram.errors.exceptions.flood_420.FloodWait: Telegram says: [420 FLOOD_WAIT_X] - A wait of 13 seconds is required (caused by "messages.SendMessage")
[03/16/2026 02:28:54 PM:pyrogram.dispatcher:253:ERROR] name 'SELF_DELETE' is not defined
Traceback (most recent call last):
  File "/usr/local/lib/python3.10/dist-packages/pyrogram/dispatcher.py", line 240, in handler_worker
    await handler.callback(self.client, *args)
  File "/root/ANIMETOON/plugins/pm_filter.py", line 57, in give_filter
    await auto_filter(client, message)
  File "/root/ANIMETOON/plugins/pm_filter.py", line 759, in auto_filter
    if SELF_DELETE:
NameError: name 'SELF_DELETE' is not defined
[03/16/2026 02:29:04 PM:pyrogram.dispatcher:253:ERROR] name 'SELF_DELETE' is not defined
Traceback (most recent call last):
  File "/usr/local/lib/python3.10/dist-packages/pyrogram/dispatcher.py", line 240, in handler_worker
    await handler.callback(self.client, *args)
  File "/root/ANIMETOON/plugins/pm_filter.py", line 57, in give_filter
    await auto_filter(client, message)
  File "/root/ANIMETOON/plugins/pm_filter.py", line 759, in auto_filter
    if SELF_DELETE:
NameError: name 'SELF_DELETE' is not defined
[03/16/2026 02:31:16 PM:pyrogram.dispatcher:253:ERROR] name 'SELF_DELETE' is not defined
Traceback (most recent call last):
  File "/usr/local/lib/python3.10/dist-packages/pyrogram/dispatcher.py", line 240, in handler_worker
    await handler.callback(self.client, *args)
  File "/root/ANIMETOON/plugins/pm_filter.py", line 57, in give_filter
    await auto_filter(client, message)
  File "/root/ANIMETOON/plugins/pm_filter.py", line 759, in auto_filter
    if SELF_DELETE:
NameError: name 'SELF_DELETE' is not defined
[03/16/2026 02:38:26 PM:pyrogram.dispatcher:253:ERROR] name 'SELF_DELETE' is not defined
Traceback (most recent call last):
  File "/usr/local/lib/python3.10/dist-packages/pyrogram/dispatcher.py", line 240, in handler_worker
    await handler.callback(self.client, *args)
  File "/root/ANIMETOON/plugins/pm_filter.py", line 57, in give_filter
    await auto_filter(client, message)
  File "/root/ANIMETOON/plugins/pm_filter.py", line 759, in auto_filter
    if SELF_DELETE:
NameError: name 'SELF_DELETE' is not defined
[03/16/2026 02:45:16 PM:pyrogram.dispatcher:253:ERROR] name 'SELF_DELETE' is not defined
Traceback (most recent call last):
  File "/usr/local/lib/python3.10/dist-packages/pyrogram/dispatcher.py", line 240, in handler_worker
    await handler.callback(self.client, *args)
  File "/root/ANIMETOON/plugins/pm_filter.py", line 57, in give_filter
    await auto_filter(client, message)
  File "/root/ANIMETOON/plugins/pm_filter.py", line 759, in auto_filter
    if SELF_DELETE:
NameError: name 'SELF_DELETE' is not defined
[03/16/2026 02:51:06 PM:pyrogram.dispatcher:253:ERROR] 'NoneType' object has no attribute 'type'
Traceback (most recent call last):
  File "/usr/local/lib/python3.10/dist-packages/pyrogram/dispatcher.py", line 240, in handler_worker
    await handler.callback(self.client, *args)
  File "/root/ANIMETOON/plugins/index.py", line 63, in send_for_index
    elif message.forward_from_chat.type == enums.ChatType.CHANNEL:
AttributeError: 'NoneType' object has no attribute 'type'
[03/16/2026 02:51:06 PM:pyrogram.dispatcher:253:ERROR] 'NoneType' object has no attribute 'type'
Traceback (most recent call last):
  File "/usr/local/lib/python3.10/dist-packages/pyrogram/dispatcher.py", line 240, in handler_worker
    await handler.callback(self.client, *args)
  File "/root/ANIMETOON/plugins/index.py", line 63, in send_for_index
    elif message.forward_from_chat.type == enums.ChatType.CHANNEL:
AttributeError: 'NoneType' object has no attribute 'type'
[03/16/2026 02:51:06 PM:pyrogram.dispatcher:253:ERROR] 'NoneType' object has no attribute 'type'
Traceback (most recent call last):
  File "/usr/local/lib/python3.10/dist-packages/pyrogram/dispatcher.py", line 240, in handler_worker
    await handler.callback(self.client, *args)
  File "/root/ANIMETOON/plugins/index.py", line 63, in send_for_index
    elif message.forward_from_chat.type == enums.ChatType.CHANNEL:
AttributeError: 'NoneType' object has no attribute 'type'
[03/16/2026 02:51:06 PM:pyrogram.dispatcher:253:ERROR] 'NoneType' object has no attribute 'type'
Traceback (most recent call last):
  File "/usr/local/lib/python3.10/dist-packages/pyrogram/dispatcher.py", line 240, in handler_worker
    await handler.callback(self.client, *args)
  File "/root/ANIMETOON/plugins/index.py", line 63, in send_for_index
    elif message.forward_from_chat.type == enums.ChatType.CHANNEL:
AttributeError: 'NoneType' object has no attribute 'type'
[03/16/2026 02:51:06 PM:pyrogram.dispatcher:253:ERROR] 'NoneType' object has no attribute 'type'
Traceback (most recent call last):
  File "/usr/local/lib/python3.10/dist-packages/pyrogram/dispatcher.py", line 240, in handler_worker
    await handler.callback(self.client, *args)
  File "/root/ANIMETOON/plugins/index.py", line 63, in send_for_index
    elif message.forward_from_chat.type == enums.ChatType.CHANNEL:
AttributeError: 'NoneType' object has no attribute 'type'
[03/16/2026 02:51:06 PM:pyrogram.dispatcher:253:ERROR] 'NoneType' object has no attribute 'type'
Traceback (most recent call last):
  File "/usr/local/lib/python3.10/dist-packages/pyrogram/dispatcher.py", line 240, in handler_worker
    await handler.callback(self.client, *args)
  File "/root/ANIMETOON/plugins/index.py", line 63, in send_for_index
    elif message.forward_from_chat.type == enums.ChatType.CHANNEL:
AttributeError: 'NoneType' object has no attribute 'type'
[03/16/2026 02:51:06 PM:pyrogram.dispatcher:253:ERROR] 'NoneType' object has no attribute 'type'
Traceback (most recent call last):
  File "/usr/local/lib/python3.10/dist-packages/pyrogram/dispatcher.py", line 240, in handler_worker
    await handler.callback(self.client, *args)
  File "/root/ANIMETOON/plugins/index.py", line 63, in send_for_index
    elif message.forward_from_chat.type == enums.ChatType.CHANNEL:
AttributeError: 'NoneType' object has no attribute 'type'
[03/16/2026 02:51:06 PM:pyrogram.dispatcher:253:ERROR] 'NoneType' object has no attribute 'type'
Traceback (most recent call last):
  File "/usr/local/lib/python3.10/dist-packages/pyrogram/dispatcher.py", line 240, in handler_worker
    await handler.callback(self.client, *args)
  File "/root/ANIMETOON/plugins/index.py", line 63, in send_for_index
    elif message.forward_from_chat.type == enums.ChatType.CHANNEL:
AttributeError: 'NoneType' object has no attribute 'type'
[03/16/2026 02:51:06 PM:pyrogram.dispatcher:253:ERROR] 'NoneType' object has no attribute 'type'
Traceback (most recent call last):
  File "/usr/local/lib/python3.10/dist-packages/pyrogram/dispatcher.py", line 240, in handler_worker
    await handler.callback(self.client, *args)
  File "/root/ANIMETOON/plugins/index.py", line 63, in send_for_index
    elif message.forward_from_chat.type == enums.ChatType.CHANNEL:
AttributeError: 'NoneType' object has no attribute 'type'
[03/16/2026 02:51:06 PM:pyrogram.dispatcher:253:ERROR] 'NoneType' object has no attribute 'type'
Traceback (most recent call last):
  File "/usr/local/lib/python3.10/dist-packages/pyrogram/dispatcher.py", line 240, in handler_worker
    await handler.callback(self.client, *args)
  File "/root/ANIMETOON/plugins/index.py", line 63, in send_for_index
    elif message.forward_from_chat.type == enums.ChatType.CHANNEL:
AttributeError: 'NoneType' object has no attribute 'type'
[03/16/2026 02:51:06 PM:pyrogram.dispatcher:253:ERROR] 'NoneType' object has no attribute 'type'
Traceback (most recent call last):
  File "/usr/local/lib/python3.10/dist-packages/pyrogram/dispatcher.py", line 240, in handler_worker
    await handler.callback(self.client, *args)
  File "/root/ANIMETOON/plugins/index.py", line 63, in send_for_index
    elif message.forward_from_chat.type == enums.ChatType.CHANNEL:
AttributeError: 'NoneType' object has no attribute 'type'
[03/16/2026 02:57:17 PM:pyrogram.dispatcher:253:ERROR] name 'SELF_DELETE' is not defined
Traceback (most recent call last):
  File "/usr/local/lib/python3.10/dist-packages/pyrogram/dispatcher.py", line 240, in handler_worker
    await handler.callback(self.client, *args)
  File "/root/ANIMETOON/plugins/pm_filter.py", line 57, in give_filter
    await auto_filter(client, message)
  File "/root/ANIMETOON/plugins/pm_filter.py", line 759, in auto_filter
    if SELF_DELETE:
NameError: name 'SELF_DELETE' is not defined
[03/16/2026 03:12:45 PM:pyrogram.dispatcher:253:ERROR] name 'SELF_DELETE' is not defined
Traceback (most recent call last):
  File "/usr/local/lib/python3.10/dist-packages/pyrogram/dispatcher.py", line 240, in handler_worker
    await handler.callback(self.client, *args)
  File "/root/ANIMETOON/plugins/pm_filter.py", line 57, in give_filter
    await auto_filter(client, message)
  File "/root/ANIMETOON/plugins/pm_filter.py", line 759, in auto_filter
    if SELF_DELETE:
NameError: name 'SELF_DELETE' is not defined
[03/16/2026 03:24:52 PM:pyrogram.dispatcher:253:ERROR] name 'SELF_DELETE' is not defined
Traceback (most recent call last):
  File "/usr/local/lib/python3.10/dist-packages/pyrogram/dispatcher.py", line 240, in handler_worker
    await handler.callback(self.client, *args)
  File "/root/ANIMETOON/plugins/pm_filter.py", line 57, in give_filter
    await auto_filter(client, message)
  File "/root/ANIMETOON/plugins/pm_filter.py", line 759, in auto_filter
    if SELF_DELETE:
NameError: name 'SELF_DELETE' is not defined
[03/16/2026 03:28:49 PM:pyrogram.dispatcher:253:ERROR] name 'SELF_DELETE' is not defined
Traceback (most recent call last):
  File "/usr/local/lib/python3.10/dist-packages/pyrogram/dispatcher.py", line 240, in handler_worker
    await handler.callback(self.client, *args)
  File "/root/ANIMETOON/plugins/pm_filter.py", line 57, in give_filter
    await auto_filter(client, message)
  File "/root/ANIMETOON/plugins/pm_filter.py", line 759, in auto_filter
    if SELF_DELETE:
NameError: name 'SELF_DELETE' is not defined
[03/16/2026 03:29:53 PM:pyrogram.dispatcher:253:ERROR] Telegram says: [500 RANDOM_ID_DUPLICATE] - You provided a random ID that was already used (caused by "messages.SendMessage")
Traceback (most recent call last):
  File "/usr/local/lib/python3.10/dist-packages/pyrogram/dispatcher.py", line 240, in handler_worker
    await handler.callback(self.client, *args)
  File "/root/ANIMETOON/plugins/pm_filter.py", line 57, in give_filter
    await auto_filter(client, message)
  File "/root/ANIMETOON/plugins/pm_filter.py", line 650, in auto_filter
    return await advantage_spell_chok(msg)
  File "/root/ANIMETOON/plugins/pm_filter.py", line 772, in advantage_spell_chok
    k = await msg.reply("I couldn't find any movie in that name.")
  File "/usr/local/lib/python3.10/dist-packages/pyrogram/types/messages_and_media/message.py", line 970, in reply_text
    return await self._client.send_message(
  File "/usr/local/lib/python3.10/dist-packages/pyrogram/methods/messages/send_message.py", line 126, in send_message
    r = await self.invoke(
  File "/usr/local/lib/python3.10/dist-packages/pyrogram/methods/advanced/invoke.py", line 79, in invoke
    r = await self.session.invoke(
  File "/usr/local/lib/python3.10/dist-packages/pyrogram/session/session.py", line 412, in invoke
    return await self.invoke(query, retries - 1, timeout)
  File "/usr/local/lib/python3.10/dist-packages/pyrogram/session/session.py", line 412, in invoke
    return await self.invoke(query, retries - 1, timeout)
  File "/usr/local/lib/python3.10/dist-packages/pyrogram/session/session.py", line 412, in invoke
    return await self.invoke(query, retries - 1, timeout)
  [Previous line repeated 7 more times]
  File "/usr/local/lib/python3.10/dist-packages/pyrogram/session/session.py", line 402, in invoke
    raise e from None
  File "/usr/local/lib/python3.10/dist-packages/pyrogram/session/session.py", line 389, in invoke
    return await self.send(query, timeout=timeout)
  File "/usr/local/lib/python3.10/dist-packages/pyrogram/session/session.py", line 357, in send
    RPCError.raise_it(result, type(data))
  File "/usr/local/lib/python3.10/dist-packages/pyrogram/errors/rpc_error.py", line 91, in raise_it
    raise getattr(
pyrogram.errors.exceptions.internal_server_error_500.RandomIdDuplicate: Telegram says: [500 RANDOM_ID_DUPLICATE] - You provided a random ID that was already used (caused by "messages.SendMessage")
[03/16/2026 03:34:50 PM:pyrogram.dispatcher:253:ERROR] name 'SELF_DELETE' is not defined
Traceback (most recent call last):
  File "/usr/local/lib/python3.10/dist-packages/pyrogram/dispatcher.py", line 240, in handler_worker
    await handler.callback(self.client, *args)
  File "/root/ANIMETOON/plugins/pm_filter.py", line 57, in give_filter
    await auto_filter(client, message)
  File "/root/ANIMETOON/plugins/pm_filter.py", line 759, in auto_filter
    if SELF_DELETE:
NameError: name 'SELF_DELETE' is not defined
[03/16/2026 03:40:40 PM:pyrogram.dispatcher:253:ERROR] name 'SELF_DELETE' is not defined
Traceback (most recent call last):
  File "/usr/local/lib/python3.10/dist-packages/pyrogram/dispatcher.py", line 240, in handler_worker
    await handler.callback(self.client, *args)
  File "/root/ANIMETOON/plugins/pm_filter.py", line 57, in give_filter
    await auto_filter(client, message)
  File "/root/ANIMETOON/plugins/pm_filter.py", line 759, in auto_filter
    if SELF_DELETE:
NameError: name 'SELF_DELETE' is not defined
[03/16/2026 03:41:20 PM:pyrogram.dispatcher:253:ERROR] name 'SELF_DELETE' is not defined
Traceback (most recent call last):
  File "/usr/local/lib/python3.10/dist-packages/pyrogram/dispatcher.py", line 240, in handler_worker
    await handler.callback(self.client, *args)
  File "/root/ANIMETOON/plugins/pm_filter.py", line 57, in give_filter
    await auto_filter(client, message)
  File "/root/ANIMETOON/plugins/pm_filter.py", line 759, in auto_filter
    if SELF_DELETE:
NameError: name 'SELF_DELETE' is not defined
[03/16/2026 03:44:01 PM:pyrogram.dispatcher:253:ERROR] name 'SELF_DELETE' is not defined
Traceback (most recent call last):
  File "/usr/local/lib/python3.10/dist-packages/pyrogram/dispatcher.py", line 240, in handler_worker
    await handler.callback(self.client, *args)
  File "/root/ANIMETOON/plugins/pm_filter.py", line 57, in give_filter
    await auto_filter(client, message)
  File "/root/ANIMETOON/plugins/pm_filter.py", line 759, in auto_filter
    if SELF_DELETE:
NameError: name 'SELF_DELETE' is not defined
[03/16/2026 03:44:10 PM:pyrogram.dispatcher:253:ERROR] name 'SELF_DELETE' is not defined
Traceback (most recent call last):
  File "/usr/local/lib/python3.10/dist-packages/pyrogram/dispatcher.py", line 240, in handler_worker
    await handler.callback(self.client, *args)
  File "/root/ANIMETOON/plugins/pm_filter.py", line 57, in give_filter
    await auto_filter(client, message)
  File "/root/ANIMETOON/plugins/pm_filter.py", line 759, in auto_filter
    if SELF_DELETE:
NameError: name 'SELF_DELETE' is not defined
[03/16/2026 03:44:14 PM:pyrogram.dispatcher:253:ERROR] name 'SELF_DELETE' is not defined
Traceback (most recent call last):
  File "/usr/local/lib/python3.10/dist-packages/pyrogram/dispatcher.py", line 240, in handler_worker
    await handler.callback(self.client, *args)
  File "/root/ANIMETOON/plugins/pm_filter.py", line 57, in give_filter
    await auto_filter(client, message)
  File "/root/ANIMETOON/plugins/pm_filter.py", line 759, in auto_filter
    if SELF_DELETE:
NameError: name 'SELF_DELETE' is not defined
[03/16/2026 03:44:46 PM:pyrogram.dispatcher:253:ERROR] name 'SELF_DELETE' is not defined
Traceback (most recent call last):
  File "/usr/local/lib/python3.10/dist-packages/pyrogram/dispatcher.py", line 240, in handler_worker
    await handler.callback(self.client, *args)
  File "/root/ANIMETOON/plugins/pm_filter.py", line 57, in give_filter
    await auto_filter(client, message)
  File "/root/ANIMETOON/plugins/pm_filter.py", line 759, in auto_filter
    if SELF_DELETE:
NameError: name 'SELF_DELETE' is not defined
[03/16/2026 03:44:49 PM:pyrogram.dispatcher:253:ERROR] name 'SELF_DELETE' is not defined
Traceback (most recent call last):
  File "/usr/local/lib/python3.10/dist-packages/pyrogram/dispatcher.py", line 240, in handler_worker
    await handler.callback(self.client, *args)
  File "/root/ANIMETOON/plugins/pm_filter.py", line 57, in give_filter
    await auto_filter(client, message)
  File "/root/ANIMETOON/plugins/pm_filter.py", line 759, in auto_filter
    if SELF_DELETE:
NameError: name 'SELF_DELETE' is not defined
[03/16/2026 03:44:52 PM:pyrogram.dispatcher:253:ERROR] name 'SELF_DELETE' is not defined
Traceback (most recent call last):
  File "/usr/local/lib/python3.10/dist-packages/pyrogram/dispatcher.py", line 240, in handler_worker
    await handler.callback(self.client, *args)
  File "/root/ANIMETOON/plugins/pm_filter.py", line 57, in give_filter
    await auto_filter(client, message)
  File "/root/ANIMETOON/plugins/pm_filter.py", line 759, in auto_filter
    if SELF_DELETE:
NameError: name 'SELF_DELETE' is not defined
[03/16/2026 03:44:59 PM:pyrogram.dispatcher:253:ERROR] name 'SELF_DELETE' is not defined
Traceback (most recent call last):
  File "/usr/local/lib/python3.10/dist-packages/pyrogram/dispatcher.py", line 240, in handler_worker
    await handler.callback(self.client, *args)
  File "/root/ANIMETOON/plugins/pm_filter.py", line 57, in give_filter
    await auto_filter(client, message)
  File "/root/ANIMETOON/plugins/pm_filter.py", line 759, in auto_filter
    if SELF_DELETE:
NameError: name 'SELF_DELETE' is not defined
[03/16/2026 03:45:02 PM:pyrogram.dispatcher:253:ERROR] name 'SELF_DELETE' is not defined
Traceback (most recent call last):
  File "/usr/local/lib/python3.10/dist-packages/pyrogram/dispatcher.py", line 240, in handler_worker
    await handler.callback(self.client, *args)
  File "/root/ANIMETOON/plugins/pm_filter.py", line 57, in give_filter
    await auto_filter(client, message)
  File "/root/ANIMETOON/plugins/pm_filter.py", line 759, in auto_filter
    if SELF_DELETE:
NameError: name 'SELF_DELETE' is not defined
[03/16/2026 03:48:33 PM:pyrogram.dispatcher:253:ERROR] name 'SELF_DELETE' is not defined
Traceback (most recent call last):
  File "/usr/local/lib/python3.10/dist-packages/pyrogram/dispatcher.py", line 240, in handler_worker
    await handler.callback(self.client, *args)
  File "/root/ANIMETOON/plugins/pm_filter.py", line 57, in give_filter
    await auto_filter(client, message)
  File "/root/ANIMETOON/plugins/pm_filter.py", line 759, in auto_filter
    if SELF_DELETE:
NameError: name 'SELF_DELETE' is not defined
[03/16/2026 03:49:04 PM:pyrogram.dispatcher:253:ERROR] name 'SELF_DELETE' is not defined
Traceback (most recent call last):
  File "/usr/local/lib/python3.10/dist-packages/pyrogram/dispatcher.py", line 240, in handler_worker
    await handler.callback(self.client, *args)
  File "/root/ANIMETOON/plugins/pm_filter.py", line 57, in give_filter
    await auto_filter(client, message)
  File "/root/ANIMETOON/plugins/pm_filter.py", line 759, in auto_filter
    if SELF_DELETE:
NameError: name 'SELF_DELETE' is not defined
[03/16/2026 03:50:43 PM:pyrogram.dispatcher:253:ERROR] name 'SELF_DELETE' is not defined
Traceback (most recent call last):
  File "/usr/local/lib/python3.10/dist-packages/pyrogram/dispatcher.py", line 240, in handler_worker
    await handler.callback(self.client, *args)
  File "/root/ANIMETOON/plugins/pm_filter.py", line 57, in give_filter
    await auto_filter(client, message)
  File "/root/ANIMETOON/plugins/pm_filter.py", line 759, in auto_filter
    if SELF_DELETE:
NameError: name 'SELF_DELETE' is not defined
[03/16/2026 03:53:21 PM:pyrogram.dispatcher:253:ERROR] name 'SELF_DELETE' is not defined
Traceback (most recent call last):
  File "/usr/local/lib/python3.10/dist-packages/pyrogram/dispatcher.py", line 240, in handler_worker
    await handler.callback(self.client, *args)
  File "/root/ANIMETOON/plugins/pm_filter.py", line 57, in give_filter
    await auto_filter(client, message)
  File "/root/ANIMETOON/plugins/pm_filter.py", line 759, in auto_filter
    if SELF_DELETE:
NameError: name 'SELF_DELETE' is not defined
[03/16/2026 03:57:37 PM:pyrogram.dispatcher:253:ERROR] name 'SELF_DELETE' is not defined
Traceback (most recent call last):
  File "/usr/local/lib/python3.10/dist-packages/pyrogram/dispatcher.py", line 240, in handler_worker
    await handler.callback(self.client, *args)
  File "/root/ANIMETOON/plugins/pm_filter.py", line 57, in give_filter
    await auto_filter(client, message)
  File "/root/ANIMETOON/plugins/pm_filter.py", line 759, in auto_filter
    if SELF_DELETE:
NameError: name 'SELF_DELETE' is not defined
[03/16/2026 04:01:10 PM:pyrogram.dispatcher:253:ERROR] name 'SELF_DELETE' is not defined
Traceback (most recent call last):
  File "/usr/local/lib/python3.10/dist-packages/pyrogram/dispatcher.py", line 240, in handler_worker
    await handler.callback(self.client, *args)
  File "/root/ANIMETOON/plugins/pm_filter.py", line 57, in give_filter
    await auto_filter(client, message)
  File "/root/ANIMETOON/plugins/pm_filter.py", line 759, in auto_filter
    if SELF_DELETE:
NameError: name 'SELF_DELETE' is not defined
[03/16/2026 04:03:25 PM:pyrogram.dispatcher:253:ERROR] name 'SELF_DELETE' is not defined
Traceback (most recent call last):
  File "/usr/local/lib/python3.10/dist-packages/pyrogram/dispatcher.py", line 240, in handler_worker
    await handler.callback(self.client, *args)
  File "/root/ANIMETOON/plugins/pm_filter.py", line 57, in give_filter
    await auto_filter(client, message)
  File "/root/ANIMETOON/plugins/pm_filter.py", line 759, in auto_filter
    if SELF_DELETE:
NameError: name 'SELF_DELETE' is not defined
[03/16/2026 04:18:43 PM:pyrogram.dispatcher:253:ERROR] name 'SELF_DELETE' is not defined
Traceback (most recent call last):
  File "/usr/local/lib/python3.10/dist-packages/pyrogram/dispatcher.py", line 240, in handler_worker
    await handler.callback(self.client, *args)
  File "/root/ANIMETOON/plugins/pm_filter.py", line 57, in give_filter
    await auto_filter(client, message)
  File "/root/ANIMETOON/plugins/pm_filter.py", line 759, in auto_filter
    if SELF_DELETE:
NameError: name 'SELF_DELETE' is not defined
[03/16/2026 04:24:23 PM:pyrogram.dispatcher:253:ERROR] name 'SELF_DELETE' is not defined
Traceback (most recent call last):
  File "/usr/local/lib/python3.10/dist-packages/pyrogram/dispatcher.py", line 240, in handler_worker
    await handler.callback(self.client, *args)
  File "/root/ANIMETOON/plugins/pm_filter.py", line 57, in give_filter
    await auto_filter(client, message)
  File "/root/ANIMETOON/plugins/pm_filter.py", line 759, in auto_filter
    if SELF_DELETE:
NameError: name 'SELF_DELETE' is not defined
[03/16/2026 04:28:30 PM:pyrogram.dispatcher:253:ERROR] name 'SELF_DELETE' is not defined
Traceback (most recent call last):
  File "/usr/local/lib/python3.10/dist-packages/pyrogram/dispatcher.py", line 240, in handler_worker
    await handler.callback(self.client, *args)
  File "/root/ANIMETOON/plugins/pm_filter.py", line 57, in give_filter
    await auto_filter(client, message)
  File "/root/ANIMETOON/plugins/pm_filter.py", line 759, in auto_filter
    if SELF_DELETE:
NameError: name 'SELF_DELETE' is not defined
[03/16/2026 04:28:40 PM:pyrogram.dispatcher:253:ERROR] name 'SELF_DELETE' is not defined
Traceback (most recent call last):
  File "/usr/local/lib/python3.10/dist-packages/pyrogram/dispatcher.py", line 240, in handler_worker
    await handler.callback(self.client, *args)
  File "/root/ANIMETOON/plugins/pm_filter.py", line 57, in give_filter
    await auto_filter(client, message)
  File "/root/ANIMETOON/plugins/pm_filter.py", line 759, in auto_filter
    if SELF_DELETE:
NameError: name 'SELF_DELETE' is not defined
[03/16/2026 04:29:46 PM:pyrogram.dispatcher:253:ERROR] name 'SELF_DELETE' is not defined
Traceback (most recent call last):
  File "/usr/local/lib/python3.10/dist-packages/pyrogram/dispatcher.py", line 240, in handler_worker
    await handler.callback(self.client, *args)
  File "/root/ANIMETOON/plugins/pm_filter.py", line 57, in give_filter
    await auto_filter(client, message)
  File "/root/ANIMETOON/plugins/pm_filter.py", line 759, in auto_filter
    if SELF_DELETE:
NameError: name 'SELF_DELETE' is not defined
[03/16/2026 04:30:08 PM:pyrogram.dispatcher:253:ERROR] name 'SELF_DELETE' is not defined
Traceback (most recent call last):
  File "/usr/local/lib/python3.10/dist-packages/pyrogram/dispatcher.py", line 240, in handler_worker
    await handler.callback(self.client, *args)
  File "/root/ANIMETOON/plugins/pm_filter.py", line 57, in give_filter
    await auto_filter(client, message)
  File "/root/ANIMETOON/plugins/pm_filter.py", line 759, in auto_filter
    if SELF_DELETE:
NameError: name 'SELF_DELETE' is not defined
[03/16/2026 04:30:56 PM:pyrogram.dispatcher:253:ERROR] name 'SELF_DELETE' is not defined
Traceback (most recent call last):
  File "/usr/local/lib/python3.10/dist-packages/pyrogram/dispatcher.py", line 240, in handler_worker
    await handler.callback(self.client, *args)
  File "/root/ANIMETOON/plugins/pm_filter.py", line 57, in give_filter
    await auto_filter(client, message)
  File "/root/ANIMETOON/plugins/pm_filter.py", line 759, in auto_filter
    if SELF_DELETE:
NameError: name 'SELF_DELETE' is not defined
[03/16/2026 04:37:00 PM:pyrogram.dispatcher:253:ERROR] name 'SELF_DELETE' is not defined
Traceback (most recent call last):
  File "/usr/local/lib/python3.10/dist-packages/pyrogram/dispatcher.py", line 240, in handler_worker
    await handler.callback(self.client, *args)
  File "/root/ANIMETOON/plugins/pm_filter.py", line 57, in give_filter
    await auto_filter(client, message)
  File "/root/ANIMETOON/plugins/pm_filter.py", line 759, in auto_filter
    if SELF_DELETE:
NameError: name 'SELF_DELETE' is not defined
[03/16/2026 04:45:55 PM:pyrogram.dispatcher:253:ERROR] name 'SELF_DELETE' is not defined
Traceback (most recent call last):
  File "/usr/local/lib/python3.10/dist-packages/pyrogram/dispatcher.py", line 240, in handler_worker
    await handler.callback(self.client, *args)
  File "/root/ANIMETOON/plugins/pm_filter.py", line 57, in give_filter
    await auto_filter(client, message)
  File "/root/ANIMETOON/plugins/pm_filter.py", line 759, in auto_filter
    if SELF_DELETE:
NameError: name 'SELF_DELETE' is not defined
[03/16/2026 04:51:37 PM:pyrogram.dispatcher:253:ERROR] name 'SELF_DELETE' is not defined
Traceback (most recent call last):
  File "/usr/local/lib/python3.10/dist-packages/pyrogram/dispatcher.py", line 240, in handler_worker
    await handler.callback(self.client, *args)
  File "/root/ANIMETOON/plugins/pm_filter.py", line 57, in give_filter
    await auto_filter(client, message)
  File "/root/ANIMETOON/plugins/pm_filter.py", line 759, in auto_filter
    if SELF_DELETE:
NameError: name 'SELF_DELETE' is not defined
[03/16/2026 04:57:56 PM:pyrogram.dispatcher:253:ERROR] name 'SELF_DELETE' is not defined
Traceback (most recent call last):
  File "/usr/local/lib/python3.10/dist-packages/pyrogram/dispatcher.py", line 240, in handler_worker
    await handler.callback(self.client, *args)
  File "/root/ANIMETOON/plugins/pm_filter.py", line 57, in give_filter
    await auto_filter(client, message)
  File "/root/ANIMETOON/plugins/pm_filter.py", line 759, in auto_filter
    if SELF_DELETE:
NameError: name 'SELF_DELETE' is not defined
[03/16/2026 05:00:03 PM:pyrogram.dispatcher:253:ERROR] name 'SELF_DELETE' is not defined
Traceback (most recent call last):
  File "/usr/local/lib/python3.10/dist-packages/pyrogram/dispatcher.py", line 240, in handler_worker
    await handler.callback(self.client, *args)
  File "/root/ANIMETOON/plugins/pm_filter.py", line 57, in give_filter
    await auto_filter(client, message)
  File "/root/ANIMETOON/plugins/pm_filter.py", line 759, in auto_filter
    if SELF_DELETE:
NameError: name 'SELF_DELETE' is not defined
[03/16/2026 05:00:42 PM:pyrogram.dispatcher:253:ERROR] name 'SELF_DELETE' is not defined
Traceback (most recent call last):
  File "/usr/local/lib/python3.10/dist-packages/pyrogram/dispatcher.py", line 240, in handler_worker
    await handler.callback(self.client, *args)
  File "/root/ANIMETOON/plugins/pm_filter.py", line 57, in give_filter
    await auto_filter(client, message)
  File "/root/ANIMETOON/plugins/pm_filter.py", line 759, in auto_filter
    if SELF_DELETE:
NameError: name 'SELF_DELETE' is not defined
[03/16/2026 05:00:57 PM:pyrogram.dispatcher:253:ERROR] name 'SELF_DELETE' is not defined
Traceback (most recent call last):
  File "/usr/local/lib/python3.10/dist-packages/pyrogram/dispatcher.py", line 240, in handler_worker
    await handler.callback(self.client, *args)
  File "/root/ANIMETOON/plugins/pm_filter.py", line 57, in give_filter
    await auto_filter(client, message)
  File "/root/ANIMETOON/plugins/pm_filter.py", line 759, in auto_filter
    if SELF_DELETE:
NameError: name 'SELF_DELETE' is not defined
[03/16/2026 05:01:18 PM:pyrogram.dispatcher:253:ERROR] name 'SELF_DELETE' is not defined
Traceback (most recent call last):
  File "/usr/local/lib/python3.10/dist-packages/pyrogram/dispatcher.py", line 240, in handler_worker
    await handler.callback(self.client, *args)
  File "/root/ANIMETOON/plugins/pm_filter.py", line 57, in give_filter
    await auto_filter(client, message)
  File "/root/ANIMETOON/plugins/pm_filter.py", line 759, in auto_filter
    if SELF_DELETE:
NameError: name 'SELF_DELETE' is not defined
[03/16/2026 05:01:19 PM:pyrogram.dispatcher:253:ERROR] name 'SELF_DELETE' is not defined
Traceback (most recent call last):
  File "/usr/local/lib/python3.10/dist-packages/pyrogram/dispatcher.py", line 240, in handler_worker
    await handler.callback(self.client, *args)
  File "/root/ANIMETOON/plugins/pm_filter.py", line 57, in give_filter
    await auto_filter(client, message)
  File "/root/ANIMETOON/plugins/pm_filter.py", line 759, in auto_filter
    if SELF_DELETE:
NameError: name 'SELF_DELETE' is not defined
[03/16/2026 05:01:44 PM:pyrogram.dispatcher:253:ERROR] name 'SELF_DELETE' is not defined
Traceback (most recent call last):
  File "/usr/local/lib/python3.10/dist-packages/pyrogram/dispatcher.py", line 240, in handler_worker
    await handler.callback(self.client, *args)
  File "/root/ANIMETOON/plugins/pm_filter.py", line 57, in give_filter
    await auto_filter(client, message)
  File "/root/ANIMETOON/plugins/pm_filter.py", line 759, in auto_filter
    if SELF_DELETE:
NameError: name 'SELF_DELETE' is not defined
[03/16/2026 05:02:10 PM:pyrogram.dispatcher:253:ERROR] name 'SELF_DELETE' is not defined
Traceback (most recent call last):
  File "/usr/local/lib/python3.10/dist-packages/pyrogram/dispatcher.py", line 240, in handler_worker
    await handler.callback(self.client, *args)
  File "/root/ANIMETOON/plugins/pm_filter.py", line 57, in give_filter
    await auto_filter(client, message)
  File "/root/ANIMETOON/plugins/pm_filter.py", line 759, in auto_filter
    if SELF_DELETE:
NameError: name 'SELF_DELETE' is not defined
[03/16/2026 05:02:56 PM:pyrogram.dispatcher:253:ERROR] name 'SELF_DELETE' is not defined
Traceback (most recent call last):
  File "/usr/local/lib/python3.10/dist-packages/pyrogram/dispatcher.py", line 240, in handler_worker
    await handler.callback(self.client, *args)
  File "/root/ANIMETOON/plugins/pm_filter.py", line 57, in give_filter
    await auto_filter(client, message)
  File "/root/ANIMETOON/plugins/pm_filter.py", line 759, in auto_filter
    if SELF_DELETE:
NameError: name 'SELF_DELETE' is not defined
[03/16/2026 05:03:23 PM:pyrogram.dispatcher:253:ERROR] name 'SELF_DELETE' is not defined
Traceback (most recent call last):
  File "/usr/local/lib/python3.10/dist-packages/pyrogram/dispatcher.py", line 240, in handler_worker
    await handler.callback(self.client, *args)
  File "/root/ANIMETOON/plugins/pm_filter.py", line 57, in give_filter
    await auto_filter(client, message)
  File "/root/ANIMETOON/plugins/pm_filter.py", line 759, in auto_filter
    if SELF_DELETE:
NameError: name 'SELF_DELETE' is not defined
[03/16/2026 05:07:16 PM:pyrogram.dispatcher:253:ERROR] name 'SELF_DELETE' is not defined
Traceback (most recent call last):
  File "/usr/local/lib/python3.10/dist-packages/pyrogram/dispatcher.py", line 240, in handler_worker
    await handler.callback(self.client, *args)
  File "/root/ANIMETOON/plugins/pm_filter.py", line 57, in give_filter
    await auto_filter(client, message)
  File "/root/ANIMETOON/plugins/pm_filter.py", line 759, in auto_filter
    if SELF_DELETE:
NameError: name 'SELF_DELETE' is not defined
[03/16/2026 05:15:42 PM:pyrogram.dispatcher:253:ERROR] name 'SELF_DELETE' is not defined
Traceback (most recent call last):
  File "/usr/local/lib/python3.10/dist-packages/pyrogram/dispatcher.py", line 240, in handler_worker
    await handler.callback(self.client, *args)
  File "/root/ANIMETOON/plugins/pm_filter.py", line 57, in give_filter
    await auto_filter(client, message)
  File "/root/ANIMETOON/plugins/pm_filter.py", line 759, in auto_filter
    if SELF_DELETE:
NameError: name 'SELF_DELETE' is not defined
[03/16/2026 05:15:44 PM:pyrogram.dispatcher:253:ERROR] name 'SELF_DELETE' is not defined
Traceback (most recent call last):
  File "/usr/local/lib/python3.10/dist-packages/pyrogram/dispatcher.py", line 240, in handler_worker
    await handler.callback(self.client, *args)
  File "/root/ANIMETOON/plugins/pm_filter.py", line 57, in give_filter
    await auto_filter(client, message)
  File "/root/ANIMETOON/plugins/pm_filter.py", line 759, in auto_filter
    if SELF_DELETE:
NameError: name 'SELF_DELETE' is not defined
[03/16/2026 05:16:35 PM:pyrogram.dispatcher:253:ERROR] name 'SELF_DELETE' is not defined
Traceback (most recent call last):
  File "/usr/local/lib/python3.10/dist-packages/pyrogram/dispatcher.py", line 240, in handler_worker
    await handler.callback(self.client, *args)
  File "/root/ANIMETOON/plugins/pm_filter.py", line 57, in give_filter
    await auto_filter(client, message)
  File "/root/ANIMETOON/plugins/pm_filter.py", line 759, in auto_filter
    if SELF_DELETE:
NameError: name 'SELF_DELETE' is not defined
[03/16/2026 05:19:03 PM:pyrogram.dispatcher:253:ERROR] name 'SELF_DELETE' is not defined
Traceback (most recent call last):
  File "/usr/local/lib/python3.10/dist-packages/pyrogram/dispatcher.py", line 240, in handler_worker
    await handler.callback(self.client, *args)
  File "/root/ANIMETOON/plugins/pm_filter.py", line 57, in give_filter
    await auto_filter(client, message)
  File "/root/ANIMETOON/plugins/pm_filter.py", line 759, in auto_filter
    if SELF_DELETE:
NameError: name 'SELF_DELETE' is not defined
[03/16/2026 05:23:38 PM:pyrogram.dispatcher:253:ERROR] name 'SELF_DELETE' is not defined
Traceback (most recent call last):
  File "/usr/local/lib/python3.10/dist-packages/pyrogram/dispatcher.py", line 240, in handler_worker
    await handler.callback(self.client, *args)
  File "/root/ANIMETOON/plugins/pm_filter.py", line 57, in give_filter
    await auto_filter(client, message)
  File "/root/ANIMETOON/plugins/pm_filter.py", line 759, in auto_filter
    if SELF_DELETE:
NameError: name 'SELF_DELETE' is not defined
[03/16/2026 05:24:22 PM:pyrogram.dispatcher:253:ERROR] name 'SELF_DELETE' is not defined
Traceback (most recent call last):
  File "/usr/local/lib/python3.10/dist-packages/pyrogram/dispatcher.py", line 240, in handler_worker
    await handler.callback(self.client, *args)
  File "/root/ANIMETOON/plugins/pm_filter.py", line 57, in give_filter
    await auto_filter(client, message)
  File "/root/ANIMETOON/plugins/pm_filter.py", line 759, in auto_filter
    if SELF_DELETE:
NameError: name 'SELF_DELETE' is not defined
[03/16/2026 05:24:47 PM:pyrogram.dispatcher:253:ERROR] name 'SELF_DELETE' is not defined
Traceback (most recent call last):
  File "/usr/local/lib/python3.10/dist-packages/pyrogram/dispatcher.py", line 240, in handler_worker
    await handler.callback(self.client, *args)
  File "/root/ANIMETOON/plugins/pm_filter.py", line 57, in give_filter
    await auto_filter(client, message)
  File "/root/ANIMETOON/plugins/pm_filter.py", line 759, in auto_filter
    if SELF_DELETE:
NameError: name 'SELF_DELETE' is not defined
[03/16/2026 05:25:33 PM:pyrogram.dispatcher:253:ERROR] name 'SELF_DELETE' is not defined
Traceback (most recent call last):
  File "/usr/local/lib/python3.10/dist-packages/pyrogram/dispatcher.py", line 240, in handler_worker
    await handler.callback(self.client, *args)
  File "/root/ANIMETOON/plugins/pm_filter.py", line 57, in give_filter
    await auto_filter(client, message)
  File "/root/ANIMETOON/plugins/pm_filter.py", line 759, in auto_filter
    if SELF_DELETE:
NameError: name 'SELF_DELETE' is not defined
[03/16/2026 05:27:23 PM:pyrogram.dispatcher:253:ERROR] name 'SELF_DELETE' is not defined
Traceback (most recent call last):
  File "/usr/local/lib/python3.10/dist-packages/pyrogram/dispatcher.py", line 240, in handler_worker
    await handler.callback(self.client, *args)
  File "/root/ANIMETOON/plugins/pm_filter.py", line 57, in give_filter
    await auto_filter(client, message)
  File "/root/ANIMETOON/plugins/pm_filter.py", line 759, in auto_filter
    if SELF_DELETE:
NameError: name 'SELF_DELETE' is not defined
[03/16/2026 05:27:55 PM:pyrogram.dispatcher:253:ERROR] name 'SELF_DELETE' is not defined
Traceback (most recent call last):
  File "/usr/local/lib/python3.10/dist-packages/pyrogram/dispatcher.py", line 240, in handler_worker
    await handler.callback(self.client, *args)
  File "/root/ANIMETOON/plugins/pm_filter.py", line 57, in give_filter
    await auto_filter(client, message)
  File "/root/ANIMETOON/plugins/pm_filter.py", line 759, in auto_filter
    if SELF_DELETE:
NameError: name 'SELF_DELETE' is not defined
[03/16/2026 05:31:54 PM:pyrogram.dispatcher:253:ERROR] name 'SELF_DELETE' is not defined
Traceback (most recent call last):
  File "/usr/local/lib/python3.10/dist-packages/pyrogram/dispatcher.py", line 240, in handler_worker
    await handler.callback(self.client, *args)
  File "/root/ANIMETOON/plugins/pm_filter.py", line 57, in give_filter
    await auto_filter(client, message)
  File "/root/ANIMETOON/plugins/pm_filter.py", line 759, in auto_filter
    if SELF_DELETE:
NameError: name 'SELF_DELETE' is not defined
[03/16/2026 05:32:16 PM:pyrogram.dispatcher:253:ERROR] name 'SELF_DELETE' is not defined
Traceback (most recent call last):
  File "/usr/local/lib/python3.10/dist-packages/pyrogram/dispatcher.py", line 240, in handler_worker
    await handler.callback(self.client, *args)
  File "/root/ANIMETOON/plugins/pm_filter.py", line 57, in give_filter
    await auto_filter(client, message)
  File "/root/ANIMETOON/plugins/pm_filter.py", line 759, in auto_filter
    if SELF_DELETE:
NameError: name 'SELF_DELETE' is not defined
[03/16/2026 05:32:27 PM:pyrogram.dispatcher:253:ERROR] name 'SELF_DELETE' is not defined
Traceback (most recent call last):
  File "/usr/local/lib/python3.10/dist-packages/pyrogram/dispatcher.py", line 240, in handler_worker
    await handler.callback(self.client, *args)
  File "/root/ANIMETOON/plugins/pm_filter.py", line 57, in give_filter
    await auto_filter(client, message)
  File "/root/ANIMETOON/plugins/pm_filter.py", line 759, in auto_filter
    if SELF_DELETE:
NameError: name 'SELF_DELETE' is not defined
[03/16/2026 05:32:27 PM:pyrogram.dispatcher:253:ERROR] name 'SELF_DELETE' is not defined
Traceback (most recent call last):
  File "/usr/local/lib/python3.10/dist-packages/pyrogram/dispatcher.py", line 240, in handler_worker
    await handler.callback(self.client, *args)
  File "/root/ANIMETOON/plugins/pm_filter.py", line 57, in give_filter
    await auto_filter(client, message)
  File "/root/ANIMETOON/plugins/pm_filter.py", line 759, in auto_filter
    if SELF_DELETE:
NameError: name 'SELF_DELETE' is not defined
[03/16/2026 05:32:32 PM:pyrogram.dispatcher:253:ERROR] name 'SELF_DELETE' is not defined
Traceback (most recent call last):
  File "/usr/local/lib/python3.10/dist-packages/pyrogram/dispatcher.py", line 240, in handler_worker
    await handler.callback(self.client, *args)
  File "/root/ANIMETOON/plugins/pm_filter.py", line 57, in give_filter
    await auto_filter(client, message)
  File "/root/ANIMETOON/plugins/pm_filter.py", line 759, in auto_filter
    if SELF_DELETE:
NameError: name 'SELF_DELETE' is not defined
[03/16/2026 05:32:36 PM:pyrogram.dispatcher:253:ERROR] name 'SELF_DELETE' is not defined
Traceback (most recent call last):
  File "/usr/local/lib/python3.10/dist-packages/pyrogram/dispatcher.py", line 240, in handler_worker
    await handler.callback(self.client, *args)
  File "/root/ANIMETOON/plugins/pm_filter.py", line 57, in give_filter
    await auto_filter(client, message)
  File "/root/ANIMETOON/plugins/pm_filter.py", line 759, in auto_filter
    if SELF_DELETE:
NameError: name 'SELF_DELETE' is not defined
[03/16/2026 05:32:43 PM:pyrogram.dispatcher:253:ERROR] name 'SELF_DELETE' is not defined
Traceback (most recent call last):
  File "/usr/local/lib/python3.10/dist-packages/pyrogram/dispatcher.py", line 240, in handler_worker
    await handler.callback(self.client, *args)
  File "/root/ANIMETOON/plugins/pm_filter.py", line 57, in give_filter
    await auto_filter(client, message)
  File "/root/ANIMETOON/plugins/pm_filter.py", line 759, in auto_filter
    if SELF_DELETE:
NameError: name 'SELF_DELETE' is not defined
[03/16/2026 05:32:49 PM:pyrogram.dispatcher:253:ERROR] name 'SELF_DELETE' is not defined
Traceback (most recent call last):
  File "/usr/local/lib/python3.10/dist-packages/pyrogram/dispatcher.py", line 240, in handler_worker
    await handler.callback(self.client, *args)
  File "/root/ANIMETOON/plugins/pm_filter.py", line 57, in give_filter
    await auto_filter(client, message)
  File "/root/ANIMETOON/plugins/pm_filter.py", line 759, in auto_filter
    if SELF_DELETE:
NameError: name 'SELF_DELETE' is not defined
[03/16/2026 05:32:53 PM:pyrogram.dispatcher:253:ERROR] name 'SELF_DELETE' is not defined
Traceback (most recent call last):
  File "/usr/local/lib/python3.10/dist-packages/pyrogram/dispatcher.py", line 240, in handler_worker
    await handler.callback(self.client, *args)
  File "/root/ANIMETOON/plugins/pm_filter.py", line 57, in give_filter
    await auto_filter(client, message)
  File "/root/ANIMETOON/plugins/pm_filter.py", line 759, in auto_filter
    if SELF_DELETE:
NameError: name 'SELF_DELETE' is not defined
[03/16/2026 05:37:00 PM:pyrogram.dispatcher:253:ERROR] name 'SELF_DELETE' is not defined
Traceback (most recent call last):
  File "/usr/local/lib/python3.10/dist-packages/pyrogram/dispatcher.py", line 240, in handler_worker
    await handler.callback(self.client, *args)
  File "/root/ANIMETOON/plugins/pm_filter.py", line 57, in give_filter
    await auto_filter(client, message)
  File "/root/ANIMETOON/plugins/pm_filter.py", line 759, in auto_filter
    if SELF_DELETE:
NameError: name 'SELF_DELETE' is not defined
[03/16/2026 05:38:19 PM:pyrogram.dispatcher:253:ERROR] name 'SELF_DELETE' is not defined
Traceback (most recent call last):
  File "/usr/local/lib/python3.10/dist-packages/pyrogram/dispatcher.py", line 240, in handler_worker
    await handler.callback(self.client, *args)
  File "/root/ANIMETOON/plugins/pm_filter.py", line 57, in give_filter
    await auto_filter(client, message)
  File "/root/ANIMETOON/plugins/pm_filter.py", line 759, in auto_filter
    if SELF_DELETE:
NameError: name 'SELF_DELETE' is not defined
[03/16/2026 05:38:43 PM:pyrogram.dispatcher:253:ERROR] Telegram says: [420 FLOOD_WAIT_X] - A wait of 17 seconds is required (caused by "messages.SendMessage")
Traceback (most recent call last):
  File "/usr/local/lib/python3.10/dist-packages/pyrogram/dispatcher.py", line 240, in handler_worker
    await handler.callback(self.client, *args)
  File "/root/ANIMETOON/plugins/pm_filter.py", line 57, in give_filter
    await auto_filter(client, message)
  File "/root/ANIMETOON/plugins/pm_filter.py", line 650, in auto_filter
    return await advantage_spell_chok(msg)
  File "/root/ANIMETOON/plugins/pm_filter.py", line 772, in advantage_spell_chok
    k = await msg.reply("I couldn't find any movie in that name.")
  File "/usr/local/lib/python3.10/dist-packages/pyrogram/types/messages_and_media/message.py", line 970, in reply_text
    return await self._client.send_message(
  File "/usr/local/lib/python3.10/dist-packages/pyrogram/methods/messages/send_message.py", line 126, in send_message
    r = await self.invoke(
  File "/usr/local/lib/python3.10/dist-packages/pyrogram/methods/advanced/invoke.py", line 79, in invoke
    r = await self.session.invoke(
  File "/usr/local/lib/python3.10/dist-packages/pyrogram/session/session.py", line 389, in invoke
    return await self.send(query, timeout=timeout)
  File "/usr/local/lib/python3.10/dist-packages/pyrogram/session/session.py", line 357, in send
    RPCError.raise_it(result, type(data))
  File "/usr/local/lib/python3.10/dist-packages/pyrogram/errors/rpc_error.py", line 91, in raise_it
    raise getattr(
pyrogram.errors.exceptions.flood_420.FloodWait: Telegram says: [420 FLOOD_WAIT_X] - A wait of 17 seconds is required (caused by "messages.SendMessage")
[03/16/2026 05:38:44 PM:pyrogram.dispatcher:253:ERROR] Telegram says: [420 FLOOD_WAIT_X] - A wait of 16 seconds is required (caused by "messages.SendMessage")
Traceback (most recent call last):
  File "/usr/local/lib/python3.10/dist-packages/pyrogram/session/session.py", line 389, in invoke
    return await self.send(query, timeout=timeout)
  File "/usr/local/lib/python3.10/dist-packages/pyrogram/session/session.py", line 357, in send
    RPCError.raise_it(result, type(data))
  File "/usr/local/lib/python3.10/dist-packages/pyrogram/errors/rpc_error.py", line 91, in raise_it
    raise getattr(
pyrogram.errors.exceptions.internal_server_error_500.RandomIdDuplicate: Telegram says: [500 RANDOM_ID_DUPLICATE] - You provided a random ID that was already used (caused by "messages.SendMessage")

During handling of the above exception, another exception occurred:

Traceback (most recent call last):
  File "/usr/local/lib/python3.10/dist-packages/pyrogram/session/session.py", line 389, in invoke
    return await self.send(query, timeout=timeout)
  File "/usr/local/lib/python3.10/dist-packages/pyrogram/session/session.py", line 357, in send
    RPCError.raise_it(result, type(data))
  File "/usr/local/lib/python3.10/dist-packages/pyrogram/errors/rpc_error.py", line 91, in raise_it
    raise getattr(
pyrogram.errors.exceptions.internal_server_error_500.RandomIdDuplicate: Telegram says: [500 RANDOM_ID_DUPLICATE] - You provided a random ID that was already used (caused by "messages.SendMessage")

During handling of the above exception, another exception occurred:

Traceback (most recent call last):
  File "/usr/local/lib/python3.10/dist-packages/pyrogram/session/session.py", line 389, in invoke
    return await self.send(query, timeout=timeout)
  File "/usr/local/lib/python3.10/dist-packages/pyrogram/session/session.py", line 357, in send
    RPCError.raise_it(result, type(data))
  File "/usr/local/lib/python3.10/dist-packages/pyrogram/errors/rpc_error.py", line 91, in raise_it
    raise getattr(
pyrogram.errors.exceptions.internal_server_error_500.RandomIdDuplicate: Telegram says: [500 RANDOM_ID_DUPLICATE] - You provided a random ID that was already used (caused by "messages.SendMessage")

During handling of the above exception, another exception occurred:

Traceback (most recent call last):
  File "/usr/local/lib/python3.10/dist-packages/pyrogram/session/session.py", line 389, in invoke
    return await self.send(query, timeout=timeout)
  File "/usr/local/lib/python3.10/dist-packages/pyrogram/session/session.py", line 357, in send
    RPCError.raise_it(result, type(data))
  File "/usr/local/lib/python3.10/dist-packages/pyrogram/errors/rpc_error.py", line 91, in raise_it
    raise getattr(
pyrogram.errors.exceptions.internal_server_error_500.RandomIdDuplicate: Telegram says: [500 RANDOM_ID_DUPLICATE] - You provided a random ID that was already used (caused by "messages.SendMessage")

During handling of the above exception, another exception occurred:

Traceback (most recent call last):
  File "/usr/local/lib/python3.10/dist-packages/pyrogram/session/session.py", line 389, in invoke
    return await self.send(query, timeout=timeout)
  File "/usr/local/lib/python3.10/dist-packages/pyrogram/session/session.py", line 357, in send
    RPCError.raise_it(result, type(data))
  File "/usr/local/lib/python3.10/dist-packages/pyrogram/errors/rpc_error.py", line 91, in raise_it
    raise getattr(
pyrogram.errors.exceptions.internal_server_error_500.RandomIdDuplicate: Telegram says: [500 RANDOM_ID_DUPLICATE] - You provided a random ID that was already used (caused by "messages.SendMessage")

During handling of the above exception, another exception occurred:

Traceback (most recent call last):
  File "/usr/local/lib/python3.10/dist-packages/pyrogram/dispatcher.py", line 240, in handler_worker
    await handler.callback(self.client, *args)
  File "/root/ANIMETOON/plugins/pm_filter.py", line 57, in give_filter
    await auto_filter(client, message)
  File "/root/ANIMETOON/plugins/pm_filter.py", line 650, in auto_filter
    return await advantage_spell_chok(msg)
  File "/root/ANIMETOON/plugins/pm_filter.py", line 772, in advantage_spell_chok
    k = await msg.reply("I couldn't find any movie in that name.")
  File "/usr/local/lib/python3.10/dist-packages/pyrogram/types/messages_and_media/message.py", line 970, in reply_text
    return await self._client.send_message(
  File "/usr/local/lib/python3.10/dist-packages/pyrogram/methods/messages/send_message.py", line 126, in send_message
    r = await self.invoke(
  File "/usr/local/lib/python3.10/dist-packages/pyrogram/methods/advanced/invoke.py", line 79, in invoke
    r = await self.session.invoke(
  File "/usr/local/lib/python3.10/dist-packages/pyrogram/session/session.py", line 412, in invoke
    return await self.invoke(query, retries - 1, timeout)
  File "/usr/local/lib/python3.10/dist-packages/pyrogram/session/session.py", line 412, in invoke
    return await self.invoke(query, retries - 1, timeout)
  File "/usr/local/lib/python3.10/dist-packages/pyrogram/session/session.py", line 412, in invoke
    return await self.invoke(query, retries - 1, timeout)
  [Previous line repeated 2 more times]
  File "/usr/local/lib/python3.10/dist-packages/pyrogram/session/session.py", line 389, in invoke
    return await self.send(query, timeout=timeout)
  File "/usr/local/lib/python3.10/dist-packages/pyrogram/session/session.py", line 357, in send
    RPCError.raise_it(result, type(data))
  File "/usr/local/lib/python3.10/dist-packages/pyrogram/errors/rpc_error.py", line 91, in raise_it
    raise getattr(
pyrogram.errors.exceptions.flood_420.FloodWait: Telegram says: [420 FLOOD_WAIT_X] - A wait of 16 seconds is required (caused by "messages.SendMessage")
[03/16/2026 05:58:07 PM:pyrogram.dispatcher:253:ERROR] name 'SELF_DELETE' is not defined
Traceback (most recent call last):
  File "/usr/local/lib/python3.10/dist-packages/pyrogram/dispatcher.py", line 240, in handler_worker
    await handler.callback(self.client, *args)
  File "/root/ANIMETOON/plugins/pm_filter.py", line 57, in give_filter
    await auto_filter(client, message)
  File "/root/ANIMETOON/plugins/pm_filter.py", line 759, in auto_filter
    if SELF_DELETE:
NameError: name 'SELF_DELETE' is not defined
[03/16/2026 06:02:53 PM:pyrogram.dispatcher:253:ERROR] name 'SELF_DELETE' is not defined
Traceback (most recent call last):
  File "/usr/local/lib/python3.10/dist-packages/pyrogram/dispatcher.py", line 240, in handler_worker
    await handler.callback(self.client, *args)
  File "/root/ANIMETOON/plugins/pm_filter.py", line 57, in give_filter
    await auto_filter(client, message)
  File "/root/ANIMETOON/plugins/pm_filter.py", line 759, in auto_filter
    if SELF_DELETE:
NameError: name 'SELF_DELETE' is not defined
[03/16/2026 06:03:31 PM:pyrogram.dispatcher:253:ERROR] name 'SELF_DELETE' is not defined
Traceback (most recent call last):
  File "/usr/local/lib/python3.10/dist-packages/pyrogram/dispatcher.py", line 240, in handler_worker
    await handler.callback(self.client, *args)
  File "/root/ANIMETOON/plugins/pm_filter.py", line 57, in give_filter
    await auto_filter(client, message)
  File "/root/ANIMETOON/plugins/pm_filter.py", line 759, in auto_filter
    if SELF_DELETE:
NameError: name 'SELF_DELETE' is not defined
[03/16/2026 06:05:16 PM:pyrogram.dispatcher:253:ERROR] name 'SELF_DELETE' is not defined
Traceback (most recent call last):
  File "/usr/local/lib/python3.10/dist-packages/pyrogram/dispatcher.py", line 240, in handler_worker
    await handler.callback(self.client, *args)
  File "/root/ANIMETOON/plugins/pm_filter.py", line 57, in give_filter
    await auto_filter(client, message)
  File "/root/ANIMETOON/plugins/pm_filter.py", line 759, in auto_filter
    if SELF_DELETE:
NameError: name 'SELF_DELETE' is not defined
[03/16/2026 06:08:43 PM:pyrogram.dispatcher:253:ERROR] name 'SELF_DELETE' is not defined
Traceback (most recent call last):
  File "/usr/local/lib/python3.10/dist-packages/pyrogram/dispatcher.py", line 240, in handler_worker
    await handler.callback(self.client, *args)
  File "/root/ANIMETOON/plugins/pm_filter.py", line 57, in give_filter
    await auto_filter(client, message)
  File "/root/ANIMETOON/plugins/pm_filter.py", line 759, in auto_filter
    if SELF_DELETE:
NameError: name 'SELF_DELETE' is not defined
[03/16/2026 06:20:52 PM:pyrogram.dispatcher:253:ERROR] name 'SELF_DELETE' is not defined
Traceback (most recent call last):
  File "/usr/local/lib/python3.10/dist-packages/pyrogram/dispatcher.py", line 240, in handler_worker
    await handler.callback(self.client, *args)
  File "/root/ANIMETOON/plugins/pm_filter.py", line 57, in give_filter
    await auto_filter(client, message)
  File "/root/ANIMETOON/plugins/pm_filter.py", line 759, in auto_filter
    if SELF_DELETE:
NameError: name 'SELF_DELETE' is not defined
[03/16/2026 06:24:11 PM:pyrogram.dispatcher:253:ERROR] name 'SELF_DELETE' is not defined
Traceback (most recent call last):
  File "/usr/local/lib/python3.10/dist-packages/pyrogram/dispatcher.py", line 240, in handler_worker
    await handler.callback(self.client, *args)
  File "/root/ANIMETOON/plugins/pm_filter.py", line 57, in give_filter
    await auto_filter(client, message)
  File "/root/ANIMETOON/plugins/pm_filter.py", line 759, in auto_filter
    if SELF_DELETE:
NameError: name 'SELF_DELETE' is not defined
[03/16/2026 06:30:53 PM:pyrogram.dispatcher:253:ERROR] name 'SELF_DELETE' is not defined
Traceback (most recent call last):
  File "/usr/local/lib/python3.10/dist-packages/pyrogram/dispatcher.py", line 240, in handler_worker
    await handler.callback(self.client, *args)
  File "/root/ANIMETOON/plugins/pm_filter.py", line 57, in give_filter
    await auto_filter(client, message)
  File "/root/ANIMETOON/plugins/pm_filter.py", line 759, in auto_filter
    if SELF_DELETE:
NameError: name 'SELF_DELETE' is not defined
[03/16/2026 06:40:32 PM:pyrogram.dispatcher:253:ERROR] name 'SELF_DELETE' is not defined
Traceback (most recent call last):
  File "/usr/local/lib/python3.10/dist-packages/pyrogram/dispatcher.py", line 240, in handler_worker
    await handler.callback(self.client, *args)
  File "/root/ANIMETOON/plugins/pm_filter.py", line 57, in give_filter
    await auto_filter(client, message)
  File "/root/ANIMETOON/plugins/pm_filter.py", line 759, in auto_filter
    if SELF_DELETE:
NameError: name 'SELF_DELETE' is not defined
[03/16/2026 06:49:59 PM:pyrogram.dispatcher:253:ERROR] name 'SELF_DELETE' is not defined
Traceback (most recent call last):
  File "/usr/local/lib/python3.10/dist-packages/pyrogram/dispatcher.py", line 240, in handler_worker
    await handler.callback(self.client, *args)
  File "/root/ANIMETOON/plugins/pm_filter.py", line 57, in give_filter
    await auto_filter(client, message)
  File "/root/ANIMETOON/plugins/pm_filter.py", line 759, in auto_filter
    if SELF_DELETE:
NameError: name 'SELF_DELETE' is not defined
[03/16/2026 06:50:02 PM:pyrogram.dispatcher:253:ERROR] name 'SELF_DELETE' is not defined
Traceback (most recent call last):
  File "/usr/local/lib/python3.10/dist-packages/pyrogram/dispatcher.py", line 240, in handler_worker
    await handler.callback(self.client, *args)
  File "/root/ANIMETOON/plugins/pm_filter.py", line 57, in give_filter
    await auto_filter(client, message)
  File "/root/ANIMETOON/plugins/pm_filter.py", line 759, in auto_filter
    if SELF_DELETE:
NameError: name 'SELF_DELETE' is not defined
[03/16/2026 06:50:21 PM:pyrogram.dispatcher:253:ERROR] name 'SELF_DELETE' is not defined
Traceback (most recent call last):
  File "/usr/local/lib/python3.10/dist-packages/pyrogram/dispatcher.py", line 240, in handler_worker
    await handler.callback(self.client, *args)
  File "/root/ANIMETOON/plugins/pm_filter.py", line 57, in give_filter
    await auto_filter(client, message)
  File "/root/ANIMETOON/plugins/pm_filter.py", line 759, in auto_filter
    if SELF_DELETE:
NameError: name 'SELF_DELETE' is not defined
[03/16/2026 06:50:36 PM:pyrogram.dispatcher:253:ERROR] name 'SELF_DELETE' is not defined
Traceback (most recent call last):
  File "/usr/local/lib/python3.10/dist-packages/pyrogram/dispatcher.py", line 240, in handler_worker
    await handler.callback(self.client, *args)
  File "/root/ANIMETOON/plugins/pm_filter.py", line 57, in give_filter
    await auto_filter(client, message)
  File "/root/ANIMETOON/plugins/pm_filter.py", line 759, in auto_filter
    if SELF_DELETE:
NameError: name 'SELF_DELETE' is not defined
[03/16/2026 06:51:34 PM:pyrogram.dispatcher:253:ERROR] name 'SELF_DELETE' is not defined
Traceback (most recent call last):
  File "/usr/local/lib/python3.10/dist-packages/pyrogram/dispatcher.py", line 240, in handler_worker
    await handler.callback(self.client, *args)
  File "/root/ANIMETOON/plugins/pm_filter.py", line 57, in give_filter
    await auto_filter(client, message)
  File "/root/ANIMETOON/plugins/pm_filter.py", line 759, in auto_filter
    if SELF_DELETE:
NameError: name 'SELF_DELETE' is not defined
[03/16/2026 06:56:18 PM:pyrogram.dispatcher:253:ERROR] name 'SELF_DELETE' is not defined
Traceback (most recent call last):
  File "/usr/local/lib/python3.10/dist-packages/pyrogram/dispatcher.py", line 240, in handler_worker
    await handler.callback(self.client, *args)
  File "/root/ANIMETOON/plugins/pm_filter.py", line 57, in give_filter
    await auto_filter(client, message)
  File "/root/ANIMETOON/plugins/pm_filter.py", line 759, in auto_filter
    if SELF_DELETE:
NameError: name 'SELF_DELETE' is not defined
[03/16/2026 06:58:31 PM:pyrogram.dispatcher:253:ERROR] name 'SELF_DELETE' is not defined
Traceback (most recent call last):
  File "/usr/local/lib/python3.10/dist-packages/pyrogram/dispatcher.py", line 240, in handler_worker
    await handler.callback(self.client, *args)
  File "/root/ANIMETOON/plugins/pm_filter.py", line 57, in give_filter
    await auto_filter(client, message)
  File "/root/ANIMETOON/plugins/pm_filter.py", line 759, in auto_filter
    if SELF_DELETE:
NameError: name 'SELF_DELETE' is not defined
[03/16/2026 07:02:23 PM:pyrogram.dispatcher:253:ERROR] name 'SELF_DELETE' is not defined
Traceback (most recent call last):
  File "/usr/local/lib/python3.10/dist-packages/pyrogram/dispatcher.py", line 240, in handler_worker
    await handler.callback(self.client, *args)
  File "/root/ANIMETOON/plugins/pm_filter.py", line 57, in give_filter
    await auto_filter(client, message)
  File "/root/ANIMETOON/plugins/pm_filter.py", line 759, in auto_filter
    if SELF_DELETE:
NameError: name 'SELF_DELETE' is not defined
[03/16/2026 07:06:32 PM:pyrogram.dispatcher:253:ERROR] 'NoneType' object has no attribute 'type'
Traceback (most recent call last):
  File "/usr/local/lib/python3.10/dist-packages/pyrogram/dispatcher.py", line 240, in handler_worker
    await handler.callback(self.client, *args)
  File "/root/ANIMETOON/plugins/index.py", line 63, in send_for_index
    elif message.forward_from_chat.type == enums.ChatType.CHANNEL:
AttributeError: 'NoneType' object has no attribute 'type'
[03/16/2026 07:06:32 PM:pyrogram.dispatcher:253:ERROR] 'NoneType' object has no attribute 'type'
Traceback (most recent call last):
  File "/usr/local/lib/python3.10/dist-packages/pyrogram/dispatcher.py", line 240, in handler_worker
    await handler.callback(self.client, *args)
  File "/root/ANIMETOON/plugins/index.py", line 63, in send_for_index
    elif message.forward_from_chat.type == enums.ChatType.CHANNEL:
AttributeError: 'NoneType' object has no attribute 'type'
[03/16/2026 07:06:32 PM:pyrogram.dispatcher:253:ERROR] 'NoneType' object has no attribute 'type'
Traceback (most recent call last):
  File "/usr/local/lib/python3.10/dist-packages/pyrogram/dispatcher.py", line 240, in handler_worker
    await handler.callback(self.client, *args)
  File "/root/ANIMETOON/plugins/index.py", line 63, in send_for_index
    elif message.forward_from_chat.type == enums.ChatType.CHANNEL:
AttributeError: 'NoneType' object has no attribute 'type'
[03/16/2026 07:06:32 PM:pyrogram.dispatcher:253:ERROR] 'NoneType' object has no attribute 'type'
Traceback (most recent call last):
  File "/usr/local/lib/python3.10/dist-packages/pyrogram/dispatcher.py", line 240, in handler_worker
    await handler.callback(self.client, *args)
  File "/root/ANIMETOON/plugins/index.py", line 63, in send_for_index
    elif message.forward_from_chat.type == enums.ChatType.CHANNEL:
AttributeError: 'NoneType' object has no attribute 'type'
[03/16/2026 07:06:32 PM:pyrogram.dispatcher:253:ERROR] 'NoneType' object has no attribute 'type'
Traceback (most recent call last):
  File "/usr/local/lib/python3.10/dist-packages/pyrogram/dispatcher.py", line 240, in handler_worker
    await handler.callback(self.client, *args)
  File "/root/ANIMETOON/plugins/index.py", line 63, in send_for_index
    elif message.forward_from_chat.type == enums.ChatType.CHANNEL:
AttributeError: 'NoneType' object has no attribute 'type'
[03/16/2026 07:06:32 PM:pyrogram.dispatcher:253:ERROR] 'NoneType' object has no attribute 'type'
Traceback (most recent call last):
  File "/usr/local/lib/python3.10/dist-packages/pyrogram/dispatcher.py", line 240, in handler_worker
    await handler.callback(self.client, *args)
  File "/root/ANIMETOON/plugins/index.py", line 63, in send_for_index
    elif message.forward_from_chat.type == enums.ChatType.CHANNEL:
AttributeError: 'NoneType' object has no attribute 'type'
[03/16/2026 07:06:32 PM:pyrogram.dispatcher:253:ERROR] 'NoneType' object has no attribute 'type'
Traceback (most recent call last):
  File "/usr/local/lib/python3.10/dist-packages/pyrogram/dispatcher.py", line 240, in handler_worker
    await handler.callback(self.client, *args)
  File "/root/ANIMETOON/plugins/index.py", line 63, in send_for_index
    elif message.forward_from_chat.type == enums.ChatType.CHANNEL:
AttributeError: 'NoneType' object has no attribute 'type'
[03/16/2026 07:06:32 PM:pyrogram.dispatcher:253:ERROR] 'NoneType' object has no attribute 'type'
Traceback (most recent call last):
  File "/usr/local/lib/python3.10/dist-packages/pyrogram/dispatcher.py", line 240, in handler_worker
    await handler.callback(self.client, *args)
  File "/root/ANIMETOON/plugins/index.py", line 63, in send_for_index
    elif message.forward_from_chat.type == enums.ChatType.CHANNEL:
AttributeError: 'NoneType' object has no attribute 'type'
[03/16/2026 07:26:57 PM:pyrogram.dispatcher:253:ERROR] name 'SELF_DELETE' is not defined
Traceback (most recent call last):
  File "/usr/local/lib/python3.10/dist-packages/pyrogram/dispatcher.py", line 240, in handler_worker
    await handler.callback(self.client, *args)
  File "/root/ANIMETOON/plugins/pm_filter.py", line 57, in give_filter
    await auto_filter(client, message)
  File "/root/ANIMETOON/plugins/pm_filter.py", line 759, in auto_filter
    if SELF_DELETE:
NameError: name 'SELF_DELETE' is not defined
[03/16/2026 07:27:39 PM:pyrogram.dispatcher:253:ERROR] name 'SELF_DELETE' is not defined
Traceback (most recent call last):
  File "/usr/local/lib/python3.10/dist-packages/pyrogram/dispatcher.py", line 240, in handler_worker
    await handler.callback(self.client, *args)
  File "/root/ANIMETOON/plugins/pm_filter.py", line 57, in give_filter
    await auto_filter(client, message)
  File "/root/ANIMETOON/plugins/pm_filter.py", line 759, in auto_filter
    if SELF_DELETE:
NameError: name 'SELF_DELETE' is not defined
[03/16/2026 07:40:55 PM:pyrogram.dispatcher:253:ERROR] name 'SELF_DELETE' is not defined
Traceback (most recent call last):
  File "/usr/local/lib/python3.10/dist-packages/pyrogram/dispatcher.py", line 240, in handler_worker
    await handler.callback(self.client, *args)
  File "/root/ANIMETOON/plugins/pm_filter.py", line 57, in give_filter
    await auto_filter(client, message)
  File "/root/ANIMETOON/plugins/pm_filter.py", line 759, in auto_filter
    if SELF_DELETE:
NameError: name 'SELF_DELETE' is not defined
[03/16/2026 07:46:05 PM:pyrogram.dispatcher:253:ERROR] name 'SELF_DELETE' is not defined
Traceback (most recent call last):
  File "/usr/local/lib/python3.10/dist-packages/pyrogram/dispatcher.py", line 240, in handler_worker
    await handler.callback(self.client, *args)
  File "/root/ANIMETOON/plugins/pm_filter.py", line 57, in give_filter
    await auto_filter(client, message)
  File "/root/ANIMETOON/plugins/pm_filter.py", line 759, in auto_filter
    if SELF_DELETE:
NameError: name 'SELF_DELETE' is not defined
[03/16/2026 07:54:51 PM:pyrogram.dispatcher:253:ERROR] name 'SELF_DELETE' is not defined
Traceback (most recent call last):
  File "/usr/local/lib/python3.10/dist-packages/pyrogram/dispatcher.py", line 240, in handler_worker
    await handler.callback(self.client, *args)
  File "/root/ANIMETOON/plugins/pm_filter.py", line 57, in give_filter
    await auto_filter(client, message)
  File "/root/ANIMETOON/plugins/pm_filter.py", line 759, in auto_filter
    if SELF_DELETE:
NameError: name 'SELF_DELETE' is not defined
[03/16/2026 07:56:18 PM:pyrogram.dispatcher:253:ERROR] name 'SELF_DELETE' is not defined
Traceback (most recent call last):
  File "/usr/local/lib/python3.10/dist-packages/pyrogram/dispatcher.py", line 240, in handler_worker
    await handler.callback(self.client, *args)
  File "/root/ANIMETOON/plugins/pm_filter.py", line 57, in give_filter
    await auto_filter(client, message)
  File "/root/ANIMETOON/plugins/pm_filter.py", line 759, in auto_filter
    if SELF_DELETE:
NameError: name 'SELF_DELETE' is not defined
[03/16/2026 07:57:36 PM:pyrogram.dispatcher:253:ERROR] name 'SELF_DELETE' is not defined
Traceback (most recent call last):
  File "/usr/local/lib/python3.10/dist-packages/pyrogram/dispatcher.py", line 240, in handler_worker
    await handler.callback(self.client, *args)
  File "/root/ANIMETOON/plugins/pm_filter.py", line 57, in give_filter
    await auto_filter(client, message)
  File "/root/ANIMETOON/plugins/pm_filter.py", line 759, in auto_filter
    if SELF_DELETE:
NameError: name 'SELF_DELETE' is not defined
[03/16/2026 08:02:09 PM:pyrogram.dispatcher:253:ERROR] name 'SELF_DELETE' is not defined
Traceback (most recent call last):
  File "/usr/local/lib/python3.10/dist-packages/pyrogram/dispatcher.py", line 240, in handler_worker
    await handler.callback(self.client, *args)
  File "/root/ANIMETOON/plugins/pm_filter.py", line 57, in give_filter
    await auto_filter(client, message)
  File "/root/ANIMETOON/plugins/pm_filter.py", line 759, in auto_filter
    if SELF_DELETE:
NameError: name 'SELF_DELETE' is not defined
[03/16/2026 08:02:44 PM:pyrogram.dispatcher:253:ERROR] name 'SELF_DELETE' is not defined
Traceback (most recent call last):
  File "/usr/local/lib/python3.10/dist-packages/pyrogram/dispatcher.py", line 240, in handler_worker
    await handler.callback(self.client, *args)
  File "/root/ANIMETOON/plugins/pm_filter.py", line 57, in give_filter
    await auto_filter(client, message)
  File "/root/ANIMETOON/plugins/pm_filter.py", line 759, in auto_filter
    if SELF_DELETE:
NameError: name 'SELF_DELETE' is not defined
[03/16/2026 08:08:55 PM:pyrogram.dispatcher:253:ERROR] name 'SELF_DELETE' is not defined
Traceback (most recent call last):
  File "/usr/local/lib/python3.10/dist-packages/pyrogram/dispatcher.py", line 240, in handler_worker
    await handler.callback(self.client, *args)
  File "/root/ANIMETOON/plugins/pm_filter.py", line 57, in give_filter
    await auto_filter(client, message)
  File "/root/ANIMETOON/plugins/pm_filter.py", line 759, in auto_filter
    if SELF_DELETE:
NameError: name 'SELF_DELETE' is not defined
[03/16/2026 08:15:07 PM:pyrogram.dispatcher:253:ERROR] name 'SELF_DELETE' is not defined
Traceback (most recent call last):
  File "/usr/local/lib/python3.10/dist-packages/pyrogram/dispatcher.py", line 240, in handler_worker
    await handler.callback(self.client, *args)
  File "/root/ANIMETOON/plugins/pm_filter.py", line 57, in give_filter
    await auto_filter(client, message)
  File "/root/ANIMETOON/plugins/pm_filter.py", line 759, in auto_filter
    if SELF_DELETE:
NameError: name 'SELF_DELETE' is not defined
[03/16/2026 08:15:23 PM:pyrogram.dispatcher:253:ERROR] name 'SELF_DELETE' is not defined
Traceback (most recent call last):
  File "/usr/local/lib/python3.10/dist-packages/pyrogram/dispatcher.py", line 240, in handler_worker
    await handler.callback(self.client, *args)
  File "/root/ANIMETOON/plugins/pm_filter.py", line 57, in give_filter
    await auto_filter(client, message)
  File "/root/ANIMETOON/plugins/pm_filter.py", line 759, in auto_filter
    if SELF_DELETE:
NameError: name 'SELF_DELETE' is not defined
[03/16/2026 08:22:56 PM:pyrogram.dispatcher:253:ERROR] name 'SELF_DELETE' is not defined
Traceback (most recent call last):
  File "/usr/local/lib/python3.10/dist-packages/pyrogram/dispatcher.py", line 240, in handler_worker
    await handler.callback(self.client, *args)
  File "/root/ANIMETOON/plugins/pm_filter.py", line 57, in give_filter
    await auto_filter(client, message)
  File "/root/ANIMETOON/plugins/pm_filter.py", line 759, in auto_filter
    if SELF_DELETE:
NameError: name 'SELF_DELETE' is not defined
[03/16/2026 08:24:04 PM:pyrogram.dispatcher:253:ERROR] name 'SELF_DELETE' is not defined
Traceback (most recent call last):
  File "/usr/local/lib/python3.10/dist-packages/pyrogram/dispatcher.py", line 240, in handler_worker
    await handler.callback(self.client, *args)
  File "/root/ANIMETOON/plugins/pm_filter.py", line 57, in give_filter
    await auto_filter(client, message)
  File "/root/ANIMETOON/plugins/pm_filter.py", line 759, in auto_filter
    if SELF_DELETE:
NameError: name 'SELF_DELETE' is not defined
[03/16/2026 08:25:28 PM:pyrogram.dispatcher:253:ERROR] name 'SELF_DELETE' is not defined
Traceback (most recent call last):
  File "/usr/local/lib/python3.10/dist-packages/pyrogram/dispatcher.py", line 240, in handler_worker
    await handler.callback(self.client, *args)
  File "/root/ANIMETOON/plugins/pm_filter.py", line 57, in give_filter
    await auto_filter(client, message)
  File "/root/ANIMETOON/plugins/pm_filter.py", line 759, in auto_filter
    if SELF_DELETE:
NameError: name 'SELF_DELETE' is not defined
[03/16/2026 08:33:58 PM:pyrogram.dispatcher:253:ERROR] name 'SELF_DELETE' is not defined
Traceback (most recent call last):
  File "/usr/local/lib/python3.10/dist-packages/pyrogram/dispatcher.py", line 240, in handler_worker
    await handler.callback(self.client, *args)
  File "/root/ANIMETOON/plugins/pm_filter.py", line 57, in give_filter
    await auto_filter(client, message)
  File "/root/ANIMETOON/plugins/pm_filter.py", line 759, in auto_filter
    if SELF_DELETE:
NameError: name 'SELF_DELETE' is not defined
[03/16/2026 08:35:11 PM:pyrogram.dispatcher:253:ERROR] name 'SELF_DELETE' is not defined
Traceback (most recent call last):
  File "/usr/local/lib/python3.10/dist-packages/pyrogram/dispatcher.py", line 240, in handler_worker
    await handler.callback(self.client, *args)
  File "/root/ANIMETOON/plugins/pm_filter.py", line 57, in give_filter
    await auto_filter(client, message)
  File "/root/ANIMETOON/plugins/pm_filter.py", line 759, in auto_filter
    if SELF_DELETE:
NameError: name 'SELF_DELETE' is not defined
[03/16/2026 09:09:48 PM:pyrogram.dispatcher:253:ERROR] name 'SELF_DELETE' is not defined
Traceback (most recent call last):
  File "/usr/local/lib/python3.10/dist-packages/pyrogram/dispatcher.py", line 240, in handler_worker
    await handler.callback(self.client, *args)
  File "/root/ANIMETOON/plugins/pm_filter.py", line 57, in give_filter
    await auto_filter(client, message)
  File "/root/ANIMETOON/plugins/pm_filter.py", line 759, in auto_filter
    if SELF_DELETE:
NameError: name 'SELF_DELETE' is not defined
[03/16/2026 09:14:02 PM:pyrogram.dispatcher:253:ERROR] name 'SELF_DELETE' is not defined
Traceback (most recent call last):
  File "/usr/local/lib/python3.10/dist-packages/pyrogram/dispatcher.py", line 240, in handler_worker
    await handler.callback(self.client, *args)
  File "/root/ANIMETOON/plugins/pm_filter.py", line 57, in give_filter
    await auto_filter(client, message)
  File "/root/ANIMETOON/plugins/pm_filter.py", line 759, in auto_filter
    if SELF_DELETE:
NameError: name 'SELF_DELETE' is not defined
[03/16/2026 09:33:11 PM:pyrogram.dispatcher:253:ERROR] name 'SELF_DELETE' is not defined
Traceback (most recent call last):
  File "/usr/local/lib/python3.10/dist-packages/pyrogram/dispatcher.py", line 240, in handler_worker
    await handler.callback(self.client, *args)
  File "/root/ANIMETOON/plugins/pm_filter.py", line 57, in give_filter
    await auto_filter(client, message)
  File "/root/ANIMETOON/plugins/pm_filter.py", line 759, in auto_filter
    if SELF_DELETE:
NameError: name 'SELF_DELETE' is not defined
[03/16/2026 09:49:45 PM:pyrogram.dispatcher:253:ERROR] name 'SELF_DELETE' is not defined
Traceback (most recent call last):
  File "/usr/local/lib/python3.10/dist-packages/pyrogram/dispatcher.py", line 240, in handler_worker
    await handler.callback(self.client, *args)
  File "/root/ANIMETOON/plugins/pm_filter.py", line 57, in give_filter
    await auto_filter(client, message)
  File "/root/ANIMETOON/plugins/pm_filter.py", line 759, in auto_filter
    if SELF_DELETE:
NameError: name 'SELF_DELETE' is not defined
[03/16/2026 09:50:56 PM:pyrogram.dispatcher:253:ERROR] name 'SELF_DELETE' is not defined
Traceback (most recent call last):
  File "/usr/local/lib/python3.10/dist-packages/pyrogram/dispatcher.py", line 240, in handler_worker
    await handler.callback(self.client, *args)
  File "/root/ANIMETOON/plugins/pm_filter.py", line 57, in give_filter
    await auto_filter(client, message)
  File "/root/ANIMETOON/plugins/pm_filter.py", line 759, in auto_filter
    if SELF_DELETE:
NameError: name 'SELF_DELETE' is not defined
[03/16/2026 09:51:59 PM:pyrogram.dispatcher:253:ERROR] name 'SELF_DELETE' is not defined
Traceback (most recent call last):
  File "/usr/local/lib/python3.10/dist-packages/pyrogram/dispatcher.py", line 240, in handler_worker
    await handler.callback(self.client, *args)
  File "/root/ANIMETOON/plugins/pm_filter.py", line 57, in give_filter
    await auto_filter(client, message)
  File "/root/ANIMETOON/plugins/pm_filter.py", line 759, in auto_filter
    if SELF_DELETE:
NameError: name 'SELF_DELETE' is not defined
[03/16/2026 09:53:25 PM:pyrogram.dispatcher:253:ERROR] name 'SELF_DELETE' is not defined
Traceback (most recent call last):
  File "/usr/local/lib/python3.10/dist-packages/pyrogram/dispatcher.py", line 240, in handler_worker
    await handler.callback(self.client, *args)
  File "/root/ANIMETOON/plugins/pm_filter.py", line 57, in give_filter
    await auto_filter(client, message)
  File "/root/ANIMETOON/plugins/pm_filter.py", line 759, in auto_filter
    if SELF_DELETE:
NameError: name 'SELF_DELETE' is not defined
[03/16/2026 10:14:42 PM:pyrogram.dispatcher:253:ERROR] name 'SELF_DELETE' is not defined
Traceback (most recent call last):
  File "/usr/local/lib/python3.10/dist-packages/pyrogram/dispatcher.py", line 240, in handler_worker
    await handler.callback(self.client, *args)
  File "/root/ANIMETOON/plugins/pm_filter.py", line 57, in give_filter
    await auto_filter(client, message)
  File "/root/ANIMETOON/plugins/pm_filter.py", line 759, in auto_filter
    if SELF_DELETE:
NameError: name 'SELF_DELETE' is not defined
[03/16/2026 10:16:32 PM:pyrogram.dispatcher:253:ERROR] name 'SELF_DELETE' is not defined
Traceback (most recent call last):
  File "/usr/local/lib/python3.10/dist-packages/pyrogram/dispatcher.py", line 240, in handler_worker
    await handler.callback(self.client, *args)
  File "/root/ANIMETOON/plugins/pm_filter.py", line 57, in give_filter
    await auto_filter(client, message)
  File "/root/ANIMETOON/plugins/pm_filter.py", line 759, in auto_filter
    if SELF_DELETE:
NameError: name 'SELF_DELETE' is not defined
[03/16/2026 10:36:45 PM:pyrogram.dispatcher:253:ERROR] name 'SELF_DELETE' is not defined
Traceback (most recent call last):
  File "/usr/local/lib/python3.10/dist-packages/pyrogram/dispatcher.py", line 240, in handler_worker
    await handler.callback(self.client, *args)
  File "/root/ANIMETOON/plugins/pm_filter.py", line 57, in give_filter
    await auto_filter(client, message)
  File "/root/ANIMETOON/plugins/pm_filter.py", line 759, in auto_filter
    if SELF_DELETE:
NameError: name 'SELF_DELETE' is not defined
[03/16/2026 10:42:36 PM:pyrogram.dispatcher:253:ERROR] name 'SELF_DELETE' is not defined
Traceback (most recent call last):
  File "/usr/local/lib/python3.10/dist-packages/pyrogram/dispatcher.py", line 240, in handler_worker
    await handler.callback(self.client, *args)
  File "/root/ANIMETOON/plugins/pm_filter.py", line 57, in give_filter
    await auto_filter(client, message)
  File "/root/ANIMETOON/plugins/pm_filter.py", line 759, in auto_filter
    if SELF_DELETE:
NameError: name 'SELF_DELETE' is not defined
[03/16/2026 10:56:14 PM:pyrogram.dispatcher:253:ERROR] name 'SELF_DELETE' is not defined
Traceback (most recent call last):
  File "/usr/local/lib/python3.10/dist-packages/pyrogram/dispatcher.py", line 240, in handler_worker
    await handler.callback(self.client, *args)
  File "/root/ANIMETOON/plugins/pm_filter.py", line 57, in give_filter
    await auto_filter(client, message)
  File "/root/ANIMETOON/plugins/pm_filter.py", line 759, in auto_filter
    if SELF_DELETE:
NameError: name 'SELF_DELETE' is not defined
[03/16/2026 10:56:40 PM:pyrogram.dispatcher:253:ERROR] name 'SELF_DELETE' is not defined
Traceback (most recent call last):
  File "/usr/local/lib/python3.10/dist-packages/pyrogram/dispatcher.py", line 240, in handler_worker
    await handler.callback(self.client, *args)
  File "/root/ANIMETOON/plugins/pm_filter.py", line 57, in give_filter
    await auto_filter(client, message)
  File "/root/ANIMETOON/plugins/pm_filter.py", line 759, in auto_filter
    if SELF_DELETE:
NameError: name 'SELF_DELETE' is not defined
[03/16/2026 10:57:20 PM:pyrogram.dispatcher:253:ERROR] name 'SELF_DELETE' is not defined
Traceback (most recent call last):
  File "/usr/local/lib/python3.10/dist-packages/pyrogram/dispatcher.py", line 240, in handler_worker
    await handler.callback(self.client, *args)
  File "/root/ANIMETOON/plugins/pm_filter.py", line 57, in give_filter
    await auto_filter(client, message)
  File "/root/ANIMETOON/plugins/pm_filter.py", line 759, in auto_filter
    if SELF_DELETE:
NameError: name 'SELF_DELETE' is not defined
[03/16/2026 10:58:41 PM:pyrogram.dispatcher:253:ERROR] name 'SELF_DELETE' is not defined
Traceback (most recent call last):
  File "/usr/local/lib/python3.10/dist-packages/pyrogram/dispatcher.py", line 240, in handler_worker
    await handler.callback(self.client, *args)
  File "/root/ANIMETOON/plugins/pm_filter.py", line 57, in give_filter
    await auto_filter(client, message)
  File "/root/ANIMETOON/plugins/pm_filter.py", line 759, in auto_filter
    if SELF_DELETE:
NameError: name 'SELF_DELETE' is not defined
[03/16/2026 10:59:23 PM:pyrogram.dispatcher:253:ERROR] name 'SELF_DELETE' is not defined
Traceback (most recent call last):
  File "/usr/local/lib/python3.10/dist-packages/pyrogram/dispatcher.py", line 240, in handler_worker
    await handler.callback(self.client, *args)
  File "/root/ANIMETOON/plugins/pm_filter.py", line 57, in give_filter
    await auto_filter(client, message)
  File "/root/ANIMETOON/plugins/pm_filter.py", line 759, in auto_filter
    if SELF_DELETE:
NameError: name 'SELF_DELETE' is not defined
[03/16/2026 11:02:26 PM:pyrogram.dispatcher:253:ERROR] name 'SELF_DELETE' is not defined
Traceback (most recent call last):
  File "/usr/local/lib/python3.10/dist-packages/pyrogram/dispatcher.py", line 240, in handler_worker
    await handler.callback(self.client, *args)
  File "/root/ANIMETOON/plugins/pm_filter.py", line 57, in give_filter
    await auto_filter(client, message)
  File "/root/ANIMETOON/plugins/pm_filter.py", line 759, in auto_filter
    if SELF_DELETE:
NameError: name 'SELF_DELETE' is not defined
[03/16/2026 11:03:01 PM:pyrogram.dispatcher:253:ERROR] name 'SELF_DELETE' is not defined
Traceback (most recent call last):
  File "/usr/local/lib/python3.10/dist-packages/pyrogram/dispatcher.py", line 240, in handler_worker
    await handler.callback(self.client, *args)
  File "/root/ANIMETOON/plugins/pm_filter.py", line 57, in give_filter
    await auto_filter(client, message)
  File "/root/ANIMETOON/plugins/pm_filter.py", line 759, in auto_filter
    if SELF_DELETE:
NameError: name 'SELF_DELETE' is not defined
[03/16/2026 11:03:21 PM:pyrogram.dispatcher:253:ERROR] name 'SELF_DELETE' is not defined
Traceback (most recent call last):
  File "/usr/local/lib/python3.10/dist-packages/pyrogram/dispatcher.py", line 240, in handler_worker
    await handler.callback(self.client, *args)
  File "/root/ANIMETOON/plugins/pm_filter.py", line 57, in give_filter
    await auto_filter(client, message)
  File "/root/ANIMETOON/plugins/pm_filter.py", line 759, in auto_filter
    if SELF_DELETE:
NameError: name 'SELF_DELETE' is not defined
[03/16/2026 11:03:40 PM:pyrogram.dispatcher:253:ERROR] name 'SELF_DELETE' is not defined
Traceback (most recent call last):
  File "/usr/local/lib/python3.10/dist-packages/pyrogram/dispatcher.py", line 240, in handler_worker
    await handler.callback(self.client, *args)
  File "/root/ANIMETOON/plugins/pm_filter.py", line 57, in give_filter
    await auto_filter(client, message)
  File "/root/ANIMETOON/plugins/pm_filter.py", line 759, in auto_filter
    if SELF_DELETE:
NameError: name 'SELF_DELETE' is not defined
[03/16/2026 11:03:57 PM:pyrogram.dispatcher:253:ERROR] name 'SELF_DELETE' is not defined
Traceback (most recent call last):
  File "/usr/local/lib/python3.10/dist-packages/pyrogram/dispatcher.py", line 240, in handler_worker
    await handler.callback(self.client, *args)
  File "/root/ANIMETOON/plugins/pm_filter.py", line 57, in give_filter
    await auto_filter(client, message)
  File "/root/ANIMETOON/plugins/pm_filter.py", line 759, in auto_filter
    if SELF_DELETE:
NameError: name 'SELF_DELETE' is not defined
[03/16/2026 11:04:18 PM:pyrogram.dispatcher:253:ERROR] name 'SELF_DELETE' is not defined
Traceback (most recent call last):
  File "/usr/local/lib/python3.10/dist-packages/pyrogram/dispatcher.py", line 240, in handler_worker
    await handler.callback(self.client, *args)
  File "/root/ANIMETOON/plugins/pm_filter.py", line 57, in give_filter
    await auto_filter(client, message)
  File "/root/ANIMETOON/plugins/pm_filter.py", line 759, in auto_filter
    if SELF_DELETE:
NameError: name 'SELF_DELETE' is not defined
[03/16/2026 11:04:49 PM:pyrogram.dispatcher:253:ERROR] name 'SELF_DELETE' is not defined
Traceback (most recent call last):
  File "/usr/local/lib/python3.10/dist-packages/pyrogram/dispatcher.py", line 240, in handler_worker
    await handler.callback(self.client, *args)
  File "/root/ANIMETOON/plugins/pm_filter.py", line 57, in give_filter
    await auto_filter(client, message)
  File "/root/ANIMETOON/plugins/pm_filter.py", line 759, in auto_filter
    if SELF_DELETE:
NameError: name 'SELF_DELETE' is not defined
[03/16/2026 11:05:14 PM:pyrogram.dispatcher:253:ERROR] name 'SELF_DELETE' is not defined
Traceback (most recent call last):
  File "/usr/local/lib/python3.10/dist-packages/pyrogram/dispatcher.py", line 240, in handler_worker
    await handler.callback(self.client, *args)
  File "/root/ANIMETOON/plugins/pm_filter.py", line 57, in give_filter
    await auto_filter(client, message)
  File "/root/ANIMETOON/plugins/pm_filter.py", line 759, in auto_filter
    if SELF_DELETE:
NameError: name 'SELF_DELETE' is not defined
[03/16/2026 11:10:12 PM:pyrogram.dispatcher:253:ERROR] name 'SELF_DELETE' is not defined
Traceback (most recent call last):
  File "/usr/local/lib/python3.10/dist-packages/pyrogram/dispatcher.py", line 240, in handler_worker
    await handler.callback(self.client, *args)
  File "/root/ANIMETOON/plugins/pm_filter.py", line 57, in give_filter
    await auto_filter(client, message)
  File "/root/ANIMETOON/plugins/pm_filter.py", line 759, in auto_filter
    if SELF_DELETE:
NameError: name 'SELF_DELETE' is not defined
[03/16/2026 11:11:13 PM:pyrogram.dispatcher:253:ERROR] name 'SELF_DELETE' is not defined
Traceback (most recent call last):
  File "/usr/local/lib/python3.10/dist-packages/pyrogram/dispatcher.py", line 240, in handler_worker
    await handler.callback(self.client, *args)
  File "/root/ANIMETOON/plugins/pm_filter.py", line 57, in give_filter
    await auto_filter(client, message)
  File "/root/ANIMETOON/plugins/pm_filter.py", line 759, in auto_filter
    if SELF_DELETE:
NameError: name 'SELF_DELETE' is not defined
[03/16/2026 11:54:16 PM:pyrogram.dispatcher:253:ERROR] name 'SELF_DELETE' is not defined
Traceback (most recent call last):
  File "/usr/local/lib/python3.10/dist-packages/pyrogram/dispatcher.py", line 240, in handler_worker
    await handler.callback(self.client, *args)
  File "/root/ANIMETOON/plugins/pm_filter.py", line 57, in give_filter
    await auto_filter(client, message)
  File "/root/ANIMETOON/plugins/pm_filter.py", line 759, in auto_filter
    if SELF_DELETE:
NameError: name 'SELF_DELETE' is not defined
[03/17/2026 02:03:44 AM:pyrogram.dispatcher:253:ERROR] name 'SELF_DELETE' is not defined
Traceback (most recent call last):
  File "/usr/local/lib/python3.10/dist-packages/pyrogram/dispatcher.py", line 240, in handler_worker
    await handler.callback(self.client, *args)
  File "/root/ANIMETOON/plugins/pm_filter.py", line 57, in give_filter
    await auto_filter(client, message)
  File "/root/ANIMETOON/plugins/pm_filter.py", line 759, in auto_filter
    if SELF_DELETE:
NameError: name 'SELF_DELETE' is not defined
[03/17/2026 02:08:09 AM:pyrogram.dispatcher:253:ERROR] name 'SELF_DELETE' is not defined
Traceback (most recent call last):
  File "/usr/local/lib/python3.10/dist-packages/pyrogram/dispatcher.py", line 240, in handler_worker
    await handler.callback(self.client, *args)
  File "/root/ANIMETOON/plugins/pm_filter.py", line 57, in give_filter
    await auto_filter(client, message)
  File "/root/ANIMETOON/plugins/pm_filter.py", line 759, in auto_filter
    if SELF_DELETE:
NameError: name 'SELF_DELETE' is not defined
[03/17/2026 02:12:09 AM:pyrogram.dispatcher:253:ERROR] name 'SELF_DELETE' is not defined
Traceback (most recent call last):
  File "/usr/local/lib/python3.10/dist-packages/pyrogram/dispatcher.py", line 240, in handler_worker
    await handler.callback(self.client, *args)
  File "/root/ANIMETOON/plugins/pm_filter.py", line 57, in give_filter
    await auto_filter(client, message)
  File "/root/ANIMETOON/plugins/pm_filter.py", line 759, in auto_filter
    if SELF_DELETE:
NameError: name 'SELF_DELETE' is not defined
[03/17/2026 02:26:17 AM:pyrogram.dispatcher:253:ERROR] Telegram says: [400 MESSAGE_NOT_MODIFIED] - The message was not modified because you tried to edit it using the same content (caused by "messages.EditMessage")
Traceback (most recent call last):
  File "/usr/local/lib/python3.10/dist-packages/pyrogram/dispatcher.py", line 240, in handler_worker
    await handler.callback(self.client, *args)
  File "/root/ANIMETOON/plugins/pm_filter.py", line 577, in cb_handler
    await query.message.edit_text(
  File "/usr/local/lib/python3.10/dist-packages/pyrogram/types/messages_and_media/message.py", line 2803, in edit_text
    return await self._client.edit_message_text(
  File "/usr/local/lib/python3.10/dist-packages/pyrogram/methods/messages/edit_message_text.py", line 82, in edit_message_text
    r = await self.invoke(
  File "/usr/local/lib/python3.10/dist-packages/pyrogram/methods/advanced/invoke.py", line 79, in invoke
    r = await self.session.invoke(
  File "/usr/local/lib/python3.10/dist-packages/pyrogram/session/session.py", line 389, in invoke
    return await self.send(query, timeout=timeout)
  File "/usr/local/lib/python3.10/dist-packages/pyrogram/session/session.py", line 357, in send
    RPCError.raise_it(result, type(data))
  File "/usr/local/lib/python3.10/dist-packages/pyrogram/errors/rpc_error.py", line 91, in raise_it
    raise getattr(
pyrogram.errors.exceptions.bad_request_400.MessageNotModified: Telegram says: [400 MESSAGE_NOT_MODIFIED] - The message was not modified because you tried to edit it using the same content (caused by "messages.EditMessage")
[03/17/2026 03:00:20 AM:pyrogram.dispatcher:253:ERROR] name 'SELF_DELETE' is not defined
Traceback (most recent call last):
  File "/usr/local/lib/python3.10/dist-packages/pyrogram/dispatcher.py", line 240, in handler_worker
    await handler.callback(self.client, *args)
  File "/root/ANIMETOON/plugins/pm_filter.py", line 57, in give_filter
    await auto_filter(client, message)
  File "/root/ANIMETOON/plugins/pm_filter.py", line 759, in auto_filter
    if SELF_DELETE:
NameError: name 'SELF_DELETE' is not defined
[03/17/2026 03:06:07 AM:pyrogram.dispatcher:253:ERROR] name 'SELF_DELETE' is not defined
Traceback (most recent call last):
  File "/usr/local/lib/python3.10/dist-packages/pyrogram/dispatcher.py", line 240, in handler_worker
    await handler.callback(self.client, *args)
  File "/root/ANIMETOON/plugins/pm_filter.py", line 57, in give_filter
    await auto_filter(client, message)
  File "/root/ANIMETOON/plugins/pm_filter.py", line 759, in auto_filter
    if SELF_DELETE:
NameError: name 'SELF_DELETE' is not defined
[03/17/2026 03:13:53 AM:pyrogram.dispatcher:253:ERROR] name 'SELF_DELETE' is not defined
Traceback (most recent call last):
  File "/usr/local/lib/python3.10/dist-packages/pyrogram/dispatcher.py", line 240, in handler_worker
    await handler.callback(self.client, *args)
  File "/root/ANIMETOON/plugins/pm_filter.py", line 57, in give_filter
    await auto_filter(client, message)
  File "/root/ANIMETOON/plugins/pm_filter.py", line 759, in auto_filter
    if SELF_DELETE:
NameError: name 'SELF_DELETE' is not defined
[03/17/2026 03:15:02 AM:pyrogram.dispatcher:253:ERROR] name 'SELF_DELETE' is not defined
Traceback (most recent call last):
  File "/usr/local/lib/python3.10/dist-packages/pyrogram/dispatcher.py", line 240, in handler_worker
    await handler.callback(self.client, *args)
  File "/root/ANIMETOON/plugins/pm_filter.py", line 57, in give_filter
    await auto_filter(client, message)
  File "/root/ANIMETOON/plugins/pm_filter.py", line 759, in auto_filter
    if SELF_DELETE:
NameError: name 'SELF_DELETE' is not defined
[03/17/2026 03:24:42 AM:pyrogram.dispatcher:253:ERROR] name 'SELF_DELETE' is not defined
Traceback (most recent call last):
  File "/usr/local/lib/python3.10/dist-packages/pyrogram/dispatcher.py", line 240, in handler_worker
    await handler.callback(self.client, *args)
  File "/root/ANIMETOON/plugins/pm_filter.py", line 57, in give_filter
    await auto_filter(client, message)
  File "/root/ANIMETOON/plugins/pm_filter.py", line 759, in auto_filter
    if SELF_DELETE:
NameError: name 'SELF_DELETE' is not defined
[03/17/2026 03:28:08 AM:pyrogram.dispatcher:253:ERROR] name 'SELF_DELETE' is not defined
Traceback (most recent call last):
  File "/usr/local/lib/python3.10/dist-packages/pyrogram/dispatcher.py", line 240, in handler_worker
    await handler.callback(self.client, *args)
  File "/root/ANIMETOON/plugins/pm_filter.py", line 57, in give_filter
    await auto_filter(client, message)
  File "/root/ANIMETOON/plugins/pm_filter.py", line 759, in auto_filter
    if SELF_DELETE:
NameError: name 'SELF_DELETE' is not defined
[03/17/2026 03:33:11 AM:pyrogram.dispatcher:253:ERROR] name 'SELF_DELETE' is not defined
Traceback (most recent call last):
  File "/usr/local/lib/python3.10/dist-packages/pyrogram/dispatcher.py", line 240, in handler_worker
    await handler.callback(self.client, *args)
  File "/root/ANIMETOON/plugins/pm_filter.py", line 57, in give_filter
    await auto_filter(client, message)
  File "/root/ANIMETOON/plugins/pm_filter.py", line 759, in auto_filter
    if SELF_DELETE:
NameError: name 'SELF_DELETE' is not defined
[03/17/2026 03:36:57 AM:pyrogram.dispatcher:253:ERROR] name 'SELF_DELETE' is not defined
Traceback (most recent call last):
  File "/usr/local/lib/python3.10/dist-packages/pyrogram/dispatcher.py", line 240, in handler_worker
    await handler.callback(self.client, *args)
  File "/root/ANIMETOON/plugins/pm_filter.py", line 57, in give_filter
    await auto_filter(client, message)
  File "/root/ANIMETOON/plugins/pm_filter.py", line 759, in auto_filter
    if SELF_DELETE:
NameError: name 'SELF_DELETE' is not defined
[03/17/2026 03:38:00 AM:pyrogram.dispatcher:253:ERROR] name 'SELF_DELETE' is not defined
Traceback (most recent call last):
  File "/usr/local/lib/python3.10/dist-packages/pyrogram/dispatcher.py", line 240, in handler_worker
    await handler.callback(self.client, *args)
  File "/root/ANIMETOON/plugins/pm_filter.py", line 57, in give_filter
    await auto_filter(client, message)
  File "/root/ANIMETOON/plugins/pm_filter.py", line 759, in auto_filter
    if SELF_DELETE:
NameError: name 'SELF_DELETE' is not defined
[03/17/2026 03:38:23 AM:pyrogram.dispatcher:253:ERROR] name 'SELF_DELETE' is not defined
Traceback (most recent call last):
  File "/usr/local/lib/python3.10/dist-packages/pyrogram/dispatcher.py", line 240, in handler_worker
    await handler.callback(self.client, *args)
  File "/root/ANIMETOON/plugins/pm_filter.py", line 57, in give_filter
    await auto_filter(client, message)
  File "/root/ANIMETOON/plugins/pm_filter.py", line 759, in auto_filter
    if SELF_DELETE:
NameError: name 'SELF_DELETE' is not defined
[03/17/2026 03:44:22 AM:pyrogram.dispatcher:253:ERROR] name 'SELF_DELETE' is not defined
Traceback (most recent call last):
  File "/usr/local/lib/python3.10/dist-packages/pyrogram/dispatcher.py", line 240, in handler_worker
    await handler.callback(self.client, *args)
  File "/root/ANIMETOON/plugins/pm_filter.py", line 57, in give_filter
    await auto_filter(client, message)
  File "/root/ANIMETOON/plugins/pm_filter.py", line 759, in auto_filter
    if SELF_DELETE:
NameError: name 'SELF_DELETE' is not defined
[03/17/2026 04:01:26 AM:pyrogram.dispatcher:253:ERROR] name 'SELF_DELETE' is not defined
Traceback (most recent call last):
  File "/usr/local/lib/python3.10/dist-packages/pyrogram/dispatcher.py", line 240, in handler_worker
    await handler.callback(self.client, *args)
  File "/root/ANIMETOON/plugins/pm_filter.py", line 57, in give_filter
    await auto_filter(client, message)
  File "/root/ANIMETOON/plugins/pm_filter.py", line 759, in auto_filter
    if SELF_DELETE:
NameError: name 'SELF_DELETE' is not defined
[03/17/2026 04:01:40 AM:pyrogram.dispatcher:253:ERROR] name 'SELF_DELETE' is not defined
Traceback (most recent call last):
  File "/usr/local/lib/python3.10/dist-packages/pyrogram/dispatcher.py", line 240, in handler_worker
    await handler.callback(self.client, *args)
  File "/root/ANIMETOON/plugins/pm_filter.py", line 57, in give_filter
    await auto_filter(client, message)
  File "/root/ANIMETOON/plugins/pm_filter.py", line 759, in auto_filter
    if SELF_DELETE:
NameError: name 'SELF_DELETE' is not defined
[03/17/2026 04:02:16 AM:pyrogram.dispatcher:253:ERROR] name 'SELF_DELETE' is not defined
Traceback (most recent call last):
  File "/usr/local/lib/python3.10/dist-packages/pyrogram/dispatcher.py", line 240, in handler_worker
    await handler.callback(self.client, *args)
  File "/root/ANIMETOON/plugins/pm_filter.py", line 57, in give_filter
    await auto_filter(client, message)
  File "/root/ANIMETOON/plugins/pm_filter.py", line 759, in auto_filter
    if SELF_DELETE:
NameError: name 'SELF_DELETE' is not defined
[03/17/2026 04:11:11 AM:pyrogram.dispatcher:253:ERROR] name 'SELF_DELETE' is not defined
Traceback (most recent call last):
  File "/usr/local/lib/python3.10/dist-packages/pyrogram/dispatcher.py", line 240, in handler_worker
    await handler.callback(self.client, *args)
  File "/root/ANIMETOON/plugins/pm_filter.py", line 57, in give_filter
    await auto_filter(client, message)
  File "/root/ANIMETOON/plugins/pm_filter.py", line 759, in auto_filter
    if SELF_DELETE:
NameError: name 'SELF_DELETE' is not defined
[03/17/2026 04:16:06 AM:pyrogram.dispatcher:253:ERROR] name 'SELF_DELETE' is not defined
Traceback (most recent call last):
  File "/usr/local/lib/python3.10/dist-packages/pyrogram/dispatcher.py", line 240, in handler_worker
    await handler.callback(self.client, *args)
  File "/root/ANIMETOON/plugins/pm_filter.py", line 57, in give_filter
    await auto_filter(client, message)
  File "/root/ANIMETOON/plugins/pm_filter.py", line 759, in auto_filter
    if SELF_DELETE:
NameError: name 'SELF_DELETE' is not defined
[03/17/2026 04:20:00 AM:pyrogram.dispatcher:253:ERROR] name 'SELF_DELETE' is not defined
Traceback (most recent call last):
  File "/usr/local/lib/python3.10/dist-packages/pyrogram/dispatcher.py", line 240, in handler_worker
    await handler.callback(self.client, *args)
  File "/root/ANIMETOON/plugins/pm_filter.py", line 57, in give_filter
    await auto_filter(client, message)
  File "/root/ANIMETOON/plugins/pm_filter.py", line 759, in auto_filter
    if SELF_DELETE:
NameError: name 'SELF_DELETE' is not defined
[03/17/2026 04:36:28 AM:pyrogram.dispatcher:253:ERROR] name 'SELF_DELETE' is not defined
Traceback (most recent call last):
  File "/usr/local/lib/python3.10/dist-packages/pyrogram/dispatcher.py", line 240, in handler_worker
    await handler.callback(self.client, *args)
  File "/root/ANIMETOON/plugins/pm_filter.py", line 57, in give_filter
    await auto_filter(client, message)
  File "/root/ANIMETOON/plugins/pm_filter.py", line 759, in auto_filter
    if SELF_DELETE:
NameError: name 'SELF_DELETE' is not defined
[03/17/2026 04:45:25 AM:pyrogram.dispatcher:253:ERROR] name 'SELF_DELETE' is not defined
Traceback (most recent call last):
  File "/usr/local/lib/python3.10/dist-packages/pyrogram/dispatcher.py", line 240, in handler_worker
    await handler.callback(self.client, *args)
  File "/root/ANIMETOON/plugins/pm_filter.py", line 57, in give_filter
    await auto_filter(client, message)
  File "/root/ANIMETOON/plugins/pm_filter.py", line 759, in auto_filter
    if SELF_DELETE:
NameError: name 'SELF_DELETE' is not defined
[03/17/2026 04:48:00 AM:pyrogram.dispatcher:253:ERROR] name 'SELF_DELETE' is not defined
Traceback (most recent call last):
  File "/usr/local/lib/python3.10/dist-packages/pyrogram/dispatcher.py", line 240, in handler_worker
    await handler.callback(self.client, *args)
  File "/root/ANIMETOON/plugins/pm_filter.py", line 57, in give_filter
    await auto_filter(client, message)
  File "/root/ANIMETOON/plugins/pm_filter.py", line 759, in auto_filter
    if SELF_DELETE:
NameError: name 'SELF_DELETE' is not defined
[03/17/2026 04:51:19 AM:pyrogram.dispatcher:253:ERROR] name 'SELF_DELETE' is not defined
Traceback (most recent call last):
  File "/usr/local/lib/python3.10/dist-packages/pyrogram/dispatcher.py", line 240, in handler_worker
    await handler.callback(self.client, *args)
  File "/root/ANIMETOON/plugins/pm_filter.py", line 57, in give_filter
    await auto_filter(client, message)
  File "/root/ANIMETOON/plugins/pm_filter.py", line 759, in auto_filter
    if SELF_DELETE:
NameError: name 'SELF_DELETE' is not defined
[03/17/2026 04:51:49 AM:pyrogram.dispatcher:253:ERROR] name 'SELF_DELETE' is not defined
Traceback (most recent call last):
  File "/usr/local/lib/python3.10/dist-packages/pyrogram/dispatcher.py", line 240, in handler_worker
    await handler.callback(self.client, *args)
  File "/root/ANIMETOON/plugins/pm_filter.py", line 57, in give_filter
    await auto_filter(client, message)
  File "/root/ANIMETOON/plugins/pm_filter.py", line 759, in auto_filter
    if SELF_DELETE:
NameError: name 'SELF_DELETE' is not defined
[03/17/2026 05:03:35 AM:pyrogram.dispatcher:253:ERROR] name 'SELF_DELETE' is not defined
Traceback (most recent call last):
  File "/usr/local/lib/python3.10/dist-packages/pyrogram/dispatcher.py", line 240, in handler_worker
    await handler.callback(self.client, *args)
  File "/root/ANIMETOON/plugins/pm_filter.py", line 57, in give_filter
    await auto_filter(client, message)
  File "/root/ANIMETOON/plugins/pm_filter.py", line 759, in auto_filter
    if SELF_DELETE:
NameError: name 'SELF_DELETE' is not defined
[03/17/2026 05:10:11 AM:pyrogram.dispatcher:253:ERROR] name 'SELF_DELETE' is not defined
Traceback (most recent call last):
  File "/usr/local/lib/python3.10/dist-packages/pyrogram/dispatcher.py", line 240, in handler_worker
    await handler.callback(self.client, *args)
  File "/root/ANIMETOON/plugins/pm_filter.py", line 57, in give_filter
    await auto_filter(client, message)
  File "/root/ANIMETOON/plugins/pm_filter.py", line 759, in auto_filter
    if SELF_DELETE:
NameError: name 'SELF_DELETE' is not defined
[03/17/2026 05:15:22 AM:pyrogram.dispatcher:253:ERROR] name 'SELF_DELETE' is not defined
Traceback (most recent call last):
  File "/usr/local/lib/python3.10/dist-packages/pyrogram/dispatcher.py", line 240, in handler_worker
    await handler.callback(self.client, *args)
  File "/root/ANIMETOON/plugins/pm_filter.py", line 57, in give_filter
    await auto_filter(client, message)
  File "/root/ANIMETOON/plugins/pm_filter.py", line 759, in auto_filter
    if SELF_DELETE:
NameError: name 'SELF_DELETE' is not defined
[03/17/2026 05:15:45 AM:pyrogram.dispatcher:253:ERROR] name 'SELF_DELETE' is not defined
Traceback (most recent call last):
  File "/usr/local/lib/python3.10/dist-packages/pyrogram/dispatcher.py", line 240, in handler_worker
    await handler.callback(self.client, *args)
  File "/root/ANIMETOON/plugins/pm_filter.py", line 57, in give_filter
    await auto_filter(client, message)
  File "/root/ANIMETOON/plugins/pm_filter.py", line 759, in auto_filter
    if SELF_DELETE:
NameError: name 'SELF_DELETE' is not defined
[03/17/2026 05:16:43 AM:pyrogram.dispatcher:253:ERROR] name 'SELF_DELETE' is not defined
Traceback (most recent call last):
  File "/usr/local/lib/python3.10/dist-packages/pyrogram/dispatcher.py", line 240, in handler_worker
    await handler.callback(self.client, *args)
  File "/root/ANIMETOON/plugins/pm_filter.py", line 57, in give_filter
    await auto_filter(client, message)
  File "/root/ANIMETOON/plugins/pm_filter.py", line 759, in auto_filter
    if SELF_DELETE:
NameError: name 'SELF_DELETE' is not defined
[03/17/2026 05:17:42 AM:pyrogram.dispatcher:253:ERROR] name 'SELF_DELETE' is not defined
Traceback (most recent call last):
  File "/usr/local/lib/python3.10/dist-packages/pyrogram/dispatcher.py", line 240, in handler_worker
    await handler.callback(self.client, *args)
  File "/root/ANIMETOON/plugins/pm_filter.py", line 57, in give_filter
    await auto_filter(client, message)
  File "/root/ANIMETOON/plugins/pm_filter.py", line 759, in auto_filter
    if SELF_DELETE:
NameError: name 'SELF_DELETE' is not defined
[03/17/2026 05:18:20 AM:pyrogram.dispatcher:253:ERROR] name 'SELF_DELETE' is not defined
Traceback (most recent call last):
  File "/usr/local/lib/python3.10/dist-packages/pyrogram/dispatcher.py", line 240, in handler_worker
    await handler.callback(self.client, *args)
  File "/root/ANIMETOON/plugins/pm_filter.py", line 57, in give_filter
    await auto_filter(client, message)
  File "/root/ANIMETOON/plugins/pm_filter.py", line 759, in auto_filter
    if SELF_DELETE:
NameError: name 'SELF_DELETE' is not defined
[03/17/2026 05:32:06 AM:pyrogram.dispatcher:253:ERROR] name 'SELF_DELETE' is not defined
Traceback (most recent call last):
  File "/usr/local/lib/python3.10/dist-packages/pyrogram/dispatcher.py", line 240, in handler_worker
    await handler.callback(self.client, *args)
  File "/root/ANIMETOON/plugins/pm_filter.py", line 57, in give_filter
    await auto_filter(client, message)
  File "/root/ANIMETOON/plugins/pm_filter.py", line 759, in auto_filter
    if SELF_DELETE:
NameError: name 'SELF_DELETE' is not defined
[03/17/2026 05:47:57 AM:pyrogram.dispatcher:253:ERROR] name 'SELF_DELETE' is not defined
Traceback (most recent call last):
  File "/usr/local/lib/python3.10/dist-packages/pyrogram/dispatcher.py", line 240, in handler_worker
    await handler.callback(self.client, *args)
  File "/root/ANIMETOON/plugins/pm_filter.py", line 57, in give_filter
    await auto_filter(client, message)
  File "/root/ANIMETOON/plugins/pm_filter.py", line 759, in auto_filter
    if SELF_DELETE:
NameError: name 'SELF_DELETE' is not defined
[03/17/2026 05:51:03 AM:pyrogram.dispatcher:253:ERROR] name 'SELF_DELETE' is not defined
Traceback (most recent call last):
  File "/usr/local/lib/python3.10/dist-packages/pyrogram/dispatcher.py", line 240, in handler_worker
    await handler.callback(self.client, *args)
  File "/root/ANIMETOON/plugins/pm_filter.py", line 57, in give_filter
    await auto_filter(client, message)
  File "/root/ANIMETOON/plugins/pm_filter.py", line 759, in auto_filter
    if SELF_DELETE:
NameError: name 'SELF_DELETE' is not defined
[03/17/2026 06:07:50 AM:pyrogram.dispatcher:253:ERROR] name 'SELF_DELETE' is not defined
Traceback (most recent call last):
  File "/usr/local/lib/python3.10/dist-packages/pyrogram/dispatcher.py", line 240, in handler_worker
    await handler.callback(self.client, *args)
  File "/root/ANIMETOON/plugins/pm_filter.py", line 57, in give_filter
    await auto_filter(client, message)
  File "/root/ANIMETOON/plugins/pm_filter.py", line 759, in auto_filter
    if SELF_DELETE:
NameError: name 'SELF_DELETE' is not defined
[03/17/2026 06:10:16 AM:pyrogram.dispatcher:253:ERROR] Telegram says: [500 RANDOM_ID_DUPLICATE] - You provided a random ID that was already used (caused by "messages.SendMessage")
Traceback (most recent call last):
  File "/usr/local/lib/python3.10/dist-packages/pyrogram/dispatcher.py", line 240, in handler_worker
    await handler.callback(self.client, *args)
  File "/root/ANIMETOON/plugins/pm_filter.py", line 57, in give_filter
    await auto_filter(client, message)
  File "/root/ANIMETOON/plugins/pm_filter.py", line 650, in auto_filter
    return await advantage_spell_chok(msg)
  File "/root/ANIMETOON/plugins/pm_filter.py", line 772, in advantage_spell_chok
    k = await msg.reply("I couldn't find any movie in that name.")
  File "/usr/local/lib/python3.10/dist-packages/pyrogram/types/messages_and_media/message.py", line 970, in reply_text
    return await self._client.send_message(
  File "/usr/local/lib/python3.10/dist-packages/pyrogram/methods/messages/send_message.py", line 126, in send_message
    r = await self.invoke(
  File "/usr/local/lib/python3.10/dist-packages/pyrogram/methods/advanced/invoke.py", line 79, in invoke
    r = await self.session.invoke(
  File "/usr/local/lib/python3.10/dist-packages/pyrogram/session/session.py", line 412, in invoke
    return await self.invoke(query, retries - 1, timeout)
  File "/usr/local/lib/python3.10/dist-packages/pyrogram/session/session.py", line 412, in invoke
    return await self.invoke(query, retries - 1, timeout)
  File "/usr/local/lib/python3.10/dist-packages/pyrogram/session/session.py", line 412, in invoke
    return await self.invoke(query, retries - 1, timeout)
  [Previous line repeated 7 more times]
  File "/usr/local/lib/python3.10/dist-packages/pyrogram/session/session.py", line 402, in invoke
    raise e from None
  File "/usr/local/lib/python3.10/dist-packages/pyrogram/session/session.py", line 389, in invoke
    return await self.send(query, timeout=timeout)
  File "/usr/local/lib/python3.10/dist-packages/pyrogram/session/session.py", line 357, in send
    RPCError.raise_it(result, type(data))
  File "/usr/local/lib/python3.10/dist-packages/pyrogram/errors/rpc_error.py", line 91, in raise_it
    raise getattr(
pyrogram.errors.exceptions.internal_server_error_500.RandomIdDuplicate: Telegram says: [500 RANDOM_ID_DUPLICATE] - You provided a random ID that was already used (caused by "messages.SendMessage")
[03/17/2026 06:24:14 AM:pyrogram.dispatcher:253:ERROR] name 'SELF_DELETE' is not defined
Traceback (most recent call last):
  File "/usr/local/lib/python3.10/dist-packages/pyrogram/dispatcher.py", line 240, in handler_worker
    await handler.callback(self.client, *args)
  File "/root/ANIMETOON/plugins/pm_filter.py", line 57, in give_filter
    await auto_filter(client, message)
  File "/root/ANIMETOON/plugins/pm_filter.py", line 759, in auto_filter
    if SELF_DELETE:
NameError: name 'SELF_DELETE' is not defined
[03/17/2026 06:33:56 AM:pyrogram.dispatcher:253:ERROR] name 'SELF_DELETE' is not defined
Traceback (most recent call last):
  File "/usr/local/lib/python3.10/dist-packages/pyrogram/dispatcher.py", line 240, in handler_worker
    await handler.callback(self.client, *args)
  File "/root/ANIMETOON/plugins/pm_filter.py", line 57, in give_filter
    await auto_filter(client, message)
  File "/root/ANIMETOON/plugins/pm_filter.py", line 759, in auto_filter
    if SELF_DELETE:
NameError: name 'SELF_DELETE' is not defined
[03/17/2026 06:47:54 AM:pyrogram.dispatcher:253:ERROR] name 'SELF_DELETE' is not defined
Traceback (most recent call last):
  File "/usr/local/lib/python3.10/dist-packages/pyrogram/dispatcher.py", line 240, in handler_worker
    await handler.callback(self.client, *args)
  File "/root/ANIMETOON/plugins/pm_filter.py", line 57, in give_filter
    await auto_filter(client, message)
  File "/root/ANIMETOON/plugins/pm_filter.py", line 759, in auto_filter
    if SELF_DELETE:
NameError: name 'SELF_DELETE' is not defined
[03/17/2026 06:51:07 AM:pyrogram.dispatcher:253:ERROR] name 'SELF_DELETE' is not defined
Traceback (most recent call last):
  File "/usr/local/lib/python3.10/dist-packages/pyrogram/dispatcher.py", line 240, in handler_worker
    await handler.callback(self.client, *args)
  File "/root/ANIMETOON/plugins/pm_filter.py", line 57, in give_filter
    await auto_filter(client, message)
  File "/root/ANIMETOON/plugins/pm_filter.py", line 759, in auto_filter
    if SELF_DELETE:
NameError: name 'SELF_DELETE' is not defined
[03/17/2026 06:55:21 AM:pyrogram.dispatcher:253:ERROR] name 'SELF_DELETE' is not defined
Traceback (most recent call last):
  File "/usr/local/lib/python3.10/dist-packages/pyrogram/dispatcher.py", line 240, in handler_worker
    await handler.callback(self.client, *args)
  File "/root/ANIMETOON/plugins/pm_filter.py", line 57, in give_filter
    await auto_filter(client, message)
  File "/root/ANIMETOON/plugins/pm_filter.py", line 759, in auto_filter
    if SELF_DELETE:
NameError: name 'SELF_DELETE' is not defined
[03/17/2026 07:10:35 AM:pyrogram.dispatcher:253:ERROR] name 'SELF_DELETE' is not defined
Traceback (most recent call last):
  File "/usr/local/lib/python3.10/dist-packages/pyrogram/dispatcher.py", line 240, in handler_worker
    await handler.callback(self.client, *args)
  File "/root/ANIMETOON/plugins/pm_filter.py", line 57, in give_filter
    await auto_filter(client, message)
  File "/root/ANIMETOON/plugins/pm_filter.py", line 759, in auto_filter
    if SELF_DELETE:
NameError: name 'SELF_DELETE' is not defined
[03/17/2026 07:12:08 AM:pyrogram.dispatcher:253:ERROR] name 'SELF_DELETE' is not defined
Traceback (most recent call last):
  File "/usr/local/lib/python3.10/dist-packages/pyrogram/dispatcher.py", line 240, in handler_worker
    await handler.callback(self.client, *args)
  File "/root/ANIMETOON/plugins/pm_filter.py", line 57, in give_filter
    await auto_filter(client, message)
  File "/root/ANIMETOON/plugins/pm_filter.py", line 759, in auto_filter
    if SELF_DELETE:
NameError: name 'SELF_DELETE' is not defined
[03/17/2026 07:12:53 AM:pyrogram.dispatcher:253:ERROR] name 'SELF_DELETE' is not defined
Traceback (most recent call last):
  File "/usr/local/lib/python3.10/dist-packages/pyrogram/dispatcher.py", line 240, in handler_worker
    await handler.callback(self.client, *args)
  File "/root/ANIMETOON/plugins/pm_filter.py", line 57, in give_filter
    await auto_filter(client, message)
  File "/root/ANIMETOON/plugins/pm_filter.py", line 759, in auto_filter
    if SELF_DELETE:
NameError: name 'SELF_DELETE' is not defined
[03/17/2026 07:26:37 AM:pyrogram.dispatcher:253:ERROR] name 'SELF_DELETE' is not defined
Traceback (most recent call last):
  File "/usr/local/lib/python3.10/dist-packages/pyrogram/dispatcher.py", line 240, in handler_worker
    await handler.callback(self.client, *args)
  File "/root/ANIMETOON/plugins/pm_filter.py", line 57, in give_filter
    await auto_filter(client, message)
  File "/root/ANIMETOON/plugins/pm_filter.py", line 759, in auto_filter
    if SELF_DELETE:
NameError: name 'SELF_DELETE' is not defined
[03/17/2026 07:30:15 AM:pyrogram.dispatcher:253:ERROR] name 'SELF_DELETE' is not defined
Traceback (most recent call last):
  File "/usr/local/lib/python3.10/dist-packages/pyrogram/dispatcher.py", line 240, in handler_worker
    await handler.callback(self.client, *args)
  File "/root/ANIMETOON/plugins/pm_filter.py", line 57, in give_filter
    await auto_filter(client, message)
  File "/root/ANIMETOON/plugins/pm_filter.py", line 759, in auto_filter
    if SELF_DELETE:
NameError: name 'SELF_DELETE' is not defined
[03/17/2026 07:35:41 AM:pyrogram.dispatcher:253:ERROR] name 'SELF_DELETE' is not defined
Traceback (most recent call last):
  File "/usr/local/lib/python3.10/dist-packages/pyrogram/dispatcher.py", line 240, in handler_worker
    await handler.callback(self.client, *args)
  File "/root/ANIMETOON/plugins/pm_filter.py", line 57, in give_filter
    await auto_filter(client, message)
  File "/root/ANIMETOON/plugins/pm_filter.py", line 759, in auto_filter
    if SELF_DELETE:
NameError: name 'SELF_DELETE' is not defined
[03/17/2026 07:36:31 AM:pyrogram.dispatcher:253:ERROR] name 'SELF_DELETE' is not defined
Traceback (most recent call last):
  File "/usr/local/lib/python3.10/dist-packages/pyrogram/dispatcher.py", line 240, in handler_worker
    await handler.callback(self.client, *args)
  File "/root/ANIMETOON/plugins/pm_filter.py", line 57, in give_filter
    await auto_filter(client, message)
  File "/root/ANIMETOON/plugins/pm_filter.py", line 759, in auto_filter
    if SELF_DELETE:
NameError: name 'SELF_DELETE' is not defined
[03/17/2026 07:39:45 AM:pyrogram.dispatcher:253:ERROR] name 'SELF_DELETE' is not defined
Traceback (most recent call last):
  File "/usr/local/lib/python3.10/dist-packages/pyrogram/dispatcher.py", line 240, in handler_worker
    await handler.callback(self.client, *args)
  File "/root/ANIMETOON/plugins/pm_filter.py", line 57, in give_filter
    await auto_filter(client, message)
  File "/root/ANIMETOON/plugins/pm_filter.py", line 759, in auto_filter
    if SELF_DELETE:
NameError: name 'SELF_DELETE' is not defined
[03/17/2026 07:40:26 AM:pyrogram.dispatcher:253:ERROR] name 'SELF_DELETE' is not defined
Traceback (most recent call last):
  File "/usr/local/lib/python3.10/dist-packages/pyrogram/dispatcher.py", line 240, in handler_worker
    await handler.callback(self.client, *args)
  File "/root/ANIMETOON/plugins/pm_filter.py", line 57, in give_filter
    await auto_filter(client, message)
  File "/root/ANIMETOON/plugins/pm_filter.py", line 759, in auto_filter
    if SELF_DELETE:
NameError: name 'SELF_DELETE' is not defined
[03/17/2026 07:41:16 AM:pyrogram.dispatcher:253:ERROR] name 'SELF_DELETE' is not defined
Traceback (most recent call last):
  File "/usr/local/lib/python3.10/dist-packages/pyrogram/dispatcher.py", line 240, in handler_worker
    await handler.callback(self.client, *args)
  File "/root/ANIMETOON/plugins/pm_filter.py", line 57, in give_filter
    await auto_filter(client, message)
  File "/root/ANIMETOON/plugins/pm_filter.py", line 759, in auto_filter
    if SELF_DELETE:
NameError: name 'SELF_DELETE' is not defined
[03/17/2026 07:41:38 AM:pyrogram.dispatcher:253:ERROR] name 'SELF_DELETE' is not defined
Traceback (most recent call last):
  File "/usr/local/lib/python3.10/dist-packages/pyrogram/dispatcher.py", line 240, in handler_worker
    await handler.callback(self.client, *args)
  File "/root/ANIMETOON/plugins/pm_filter.py", line 57, in give_filter
    await auto_filter(client, message)
  File "/root/ANIMETOON/plugins/pm_filter.py", line 759, in auto_filter
    if SELF_DELETE:
NameError: name 'SELF_DELETE' is not defined
[03/17/2026 07:42:21 AM:pyrogram.dispatcher:253:ERROR] name 'SELF_DELETE' is not defined
Traceback (most recent call last):
  File "/usr/local/lib/python3.10/dist-packages/pyrogram/dispatcher.py", line 240, in handler_worker
    await handler.callback(self.client, *args)
  File "/root/ANIMETOON/plugins/pm_filter.py", line 57, in give_filter
    await auto_filter(client, message)
  File "/root/ANIMETOON/plugins/pm_filter.py", line 759, in auto_filter
    if SELF_DELETE:
NameError: name 'SELF_DELETE' is not defined
[03/17/2026 07:42:39 AM:pyrogram.dispatcher:253:ERROR] name 'SELF_DELETE' is not defined
Traceback (most recent call last):
  File "/usr/local/lib/python3.10/dist-packages/pyrogram/dispatcher.py", line 240, in handler_worker
    await handler.callback(self.client, *args)
  File "/root/ANIMETOON/plugins/pm_filter.py", line 57, in give_filter
    await auto_filter(client, message)
  File "/root/ANIMETOON/plugins/pm_filter.py", line 759, in auto_filter
    if SELF_DELETE:
NameError: name 'SELF_DELETE' is not defined
[03/17/2026 07:42:42 AM:pyrogram.dispatcher:253:ERROR] name 'SELF_DELETE' is not defined
Traceback (most recent call last):
  File "/usr/local/lib/python3.10/dist-packages/pyrogram/dispatcher.py", line 240, in handler_worker
    await handler.callback(self.client, *args)
  File "/root/ANIMETOON/plugins/pm_filter.py", line 57, in give_filter
    await auto_filter(client, message)
  File "/root/ANIMETOON/plugins/pm_filter.py", line 759, in auto_filter
    if SELF_DELETE:
NameError: name 'SELF_DELETE' is not defined
[03/17/2026 07:44:15 AM:pyrogram.dispatcher:253:ERROR] name 'SELF_DELETE' is not defined
Traceback (most recent call last):
  File "/usr/local/lib/python3.10/dist-packages/pyrogram/dispatcher.py", line 240, in handler_worker
    await handler.callback(self.client, *args)
  File "/root/ANIMETOON/plugins/pm_filter.py", line 57, in give_filter
    await auto_filter(client, message)
  File "/root/ANIMETOON/plugins/pm_filter.py", line 759, in auto_filter
    if SELF_DELETE:
NameError: name 'SELF_DELETE' is not defined
[03/17/2026 07:48:24 AM:pyrogram.dispatcher:253:ERROR] name 'SELF_DELETE' is not defined
Traceback (most recent call last):
  File "/usr/local/lib/python3.10/dist-packages/pyrogram/dispatcher.py", line 240, in handler_worker
    await handler.callback(self.client, *args)
  File "/root/ANIMETOON/plugins/pm_filter.py", line 57, in give_filter
    await auto_filter(client, message)
  File "/root/ANIMETOON/plugins/pm_filter.py", line 759, in auto_filter
    if SELF_DELETE:
NameError: name 'SELF_DELETE' is not defined
[03/17/2026 07:48:27 AM:pyrogram.dispatcher:253:ERROR] name 'SELF_DELETE' is not defined
Traceback (most recent call last):
  File "/usr/local/lib/python3.10/dist-packages/pyrogram/dispatcher.py", line 240, in handler_worker
    await handler.callback(self.client, *args)
  File "/root/ANIMETOON/plugins/pm_filter.py", line 57, in give_filter
    await auto_filter(client, message)
  File "/root/ANIMETOON/plugins/pm_filter.py", line 759, in auto_filter
    if SELF_DELETE:
NameError: name 'SELF_DELETE' is not defined
[03/17/2026 07:48:31 AM:pyrogram.dispatcher:253:ERROR] name 'SELF_DELETE' is not defined
Traceback (most recent call last):
  File "/usr/local/lib/python3.10/dist-packages/pyrogram/dispatcher.py", line 240, in handler_worker
    await handler.callback(self.client, *args)
  File "/root/ANIMETOON/plugins/pm_filter.py", line 57, in give_filter
    await auto_filter(client, message)
  File "/root/ANIMETOON/plugins/pm_filter.py", line 759, in auto_filter
    if SELF_DELETE:
NameError: name 'SELF_DELETE' is not defined
[03/17/2026 07:48:34 AM:pyrogram.dispatcher:253:ERROR] name 'SELF_DELETE' is not defined
Traceback (most recent call last):
  File "/usr/local/lib/python3.10/dist-packages/pyrogram/dispatcher.py", line 240, in handler_worker
    await handler.callback(self.client, *args)
  File "/root/ANIMETOON/plugins/pm_filter.py", line 57, in give_filter
    await auto_filter(client, message)
  File "/root/ANIMETOON/plugins/pm_filter.py", line 759, in auto_filter
    if SELF_DELETE:
NameError: name 'SELF_DELETE' is not defined
[03/17/2026 07:53:42 AM:pyrogram.dispatcher:253:ERROR] name 'SELF_DELETE' is not defined
Traceback (most recent call last):
  File "/usr/local/lib/python3.10/dist-packages/pyrogram/dispatcher.py", line 240, in handler_worker
    await handler.callback(self.client, *args)
  File "/root/ANIMETOON/plugins/pm_filter.py", line 57, in give_filter
    await auto_filter(client, message)
  File "/root/ANIMETOON/plugins/pm_filter.py", line 759, in auto_filter
    if SELF_DELETE:
NameError: name 'SELF_DELETE' is not defined
[03/17/2026 07:55:39 AM:pyrogram.dispatcher:253:ERROR] name 'SELF_DELETE' is not defined
Traceback (most recent call last):
  File "/usr/local/lib/python3.10/dist-packages/pyrogram/dispatcher.py", line 240, in handler_worker
    await handler.callback(self.client, *args)
  File "/root/ANIMETOON/plugins/pm_filter.py", line 57, in give_filter
    await auto_filter(client, message)
  File "/root/ANIMETOON/plugins/pm_filter.py", line 759, in auto_filter
    if SELF_DELETE:
NameError: name 'SELF_DELETE' is not defined
[03/17/2026 07:56:04 AM:pyrogram.dispatcher:253:ERROR] name 'SELF_DELETE' is not defined
Traceback (most recent call last):
  File "/usr/local/lib/python3.10/dist-packages/pyrogram/dispatcher.py", line 240, in handler_worker
    await handler.callback(self.client, *args)
  File "/root/ANIMETOON/plugins/pm_filter.py", line 57, in give_filter
    await auto_filter(client, message)
  File "/root/ANIMETOON/plugins/pm_filter.py", line 759, in auto_filter
    if SELF_DELETE:
NameError: name 'SELF_DELETE' is not defined
[03/17/2026 08:17:29 AM:pyrogram.dispatcher:253:ERROR] name 'SELF_DELETE' is not defined
Traceback (most recent call last):
  File "/usr/local/lib/python3.10/dist-packages/pyrogram/dispatcher.py", line 240, in handler_worker
    await handler.callback(self.client, *args)
  File "/root/ANIMETOON/plugins/pm_filter.py", line 57, in give_filter
    await auto_filter(client, message)
  File "/root/ANIMETOON/plugins/pm_filter.py", line 759, in auto_filter
    if SELF_DELETE:
NameError: name 'SELF_DELETE' is not defined
[03/17/2026 08:17:43 AM:pyrogram.dispatcher:253:ERROR] name 'SELF_DELETE' is not defined
Traceback (most recent call last):
  File "/usr/local/lib/python3.10/dist-packages/pyrogram/dispatcher.py", line 240, in handler_worker
    await handler.callback(self.client, *args)
  File "/root/ANIMETOON/plugins/pm_filter.py", line 57, in give_filter
    await auto_filter(client, message)
  File "/root/ANIMETOON/plugins/pm_filter.py", line 759, in auto_filter
    if SELF_DELETE:
NameError: name 'SELF_DELETE' is not defined
[03/17/2026 08:25:31 AM:pyrogram.dispatcher:253:ERROR] name 'SELF_DELETE' is not defined
Traceback (most recent call last):
  File "/usr/local/lib/python3.10/dist-packages/pyrogram/dispatcher.py", line 240, in handler_worker
    await handler.callback(self.client, *args)
  File "/root/ANIMETOON/plugins/pm_filter.py", line 57, in give_filter
    await auto_filter(client, message)
  File "/root/ANIMETOON/plugins/pm_filter.py", line 759, in auto_filter
    if SELF_DELETE:
NameError: name 'SELF_DELETE' is not defined
[03/17/2026 08:26:03 AM:pyrogram.dispatcher:253:ERROR] name 'SELF_DELETE' is not defined
Traceback (most recent call last):
  File "/usr/local/lib/python3.10/dist-packages/pyrogram/dispatcher.py", line 240, in handler_worker
    await handler.callback(self.client, *args)
  File "/root/ANIMETOON/plugins/pm_filter.py", line 57, in give_filter
    await auto_filter(client, message)
  File "/root/ANIMETOON/plugins/pm_filter.py", line 759, in auto_filter
    if SELF_DELETE:
NameError: name 'SELF_DELETE' is not defined
[03/17/2026 08:26:54 AM:pyrogram.dispatcher:253:ERROR] name 'SELF_DELETE' is not defined
Traceback (most recent call last):
  File "/usr/local/lib/python3.10/dist-packages/pyrogram/dispatcher.py", line 240, in handler_worker
    await handler.callback(self.client, *args)
  File "/root/ANIMETOON/plugins/pm_filter.py", line 57, in give_filter
    await auto_filter(client, message)
  File "/root/ANIMETOON/plugins/pm_filter.py", line 759, in auto_filter
    if SELF_DELETE:
NameError: name 'SELF_DELETE' is not defined
[03/17/2026 08:32:23 AM:pyrogram.dispatcher:253:ERROR] name 'SELF_DELETE' is not defined
Traceback (most recent call last):
  File "/usr/local/lib/python3.10/dist-packages/pyrogram/dispatcher.py", line 240, in handler_worker
    await handler.callback(self.client, *args)
  File "/root/ANIMETOON/plugins/pm_filter.py", line 57, in give_filter
    await auto_filter(client, message)
  File "/root/ANIMETOON/plugins/pm_filter.py", line 759, in auto_filter
    if SELF_DELETE:
NameError: name 'SELF_DELETE' is not defined
[03/17/2026 08:37:29 AM:pyrogram.dispatcher:253:ERROR] name 'SELF_DELETE' is not defined
Traceback (most recent call last):
  File "/usr/local/lib/python3.10/dist-packages/pyrogram/dispatcher.py", line 240, in handler_worker
    await handler.callback(self.client, *args)
  File "/root/ANIMETOON/plugins/pm_filter.py", line 57, in give_filter
    await auto_filter(client, message)
  File "/root/ANIMETOON/plugins/pm_filter.py", line 759, in auto_filter
    if SELF_DELETE:
NameError: name 'SELF_DELETE' is not defined
[03/17/2026 08:37:31 AM:pyrogram.dispatcher:253:ERROR] name 'SELF_DELETE' is not defined
Traceback (most recent call last):
  File "/usr/local/lib/python3.10/dist-packages/pyrogram/dispatcher.py", line 240, in handler_worker
    await handler.callback(self.client, *args)
  File "/root/ANIMETOON/plugins/pm_filter.py", line 57, in give_filter
    await auto_filter(client, message)
  File "/root/ANIMETOON/plugins/pm_filter.py", line 759, in auto_filter
    if SELF_DELETE:
NameError: name 'SELF_DELETE' is not defined
[03/17/2026 08:37:34 AM:pyrogram.dispatcher:253:ERROR] name 'SELF_DELETE' is not defined
Traceback (most recent call last):
  File "/usr/local/lib/python3.10/dist-packages/pyrogram/dispatcher.py", line 240, in handler_worker
    await handler.callback(self.client, *args)
  File "/root/ANIMETOON/plugins/pm_filter.py", line 57, in give_filter
    await auto_filter(client, message)
  File "/root/ANIMETOON/plugins/pm_filter.py", line 759, in auto_filter
    if SELF_DELETE:
NameError: name 'SELF_DELETE' is not defined
[03/17/2026 08:37:36 AM:pyrogram.dispatcher:253:ERROR] name 'SELF_DELETE' is not defined
Traceback (most recent call last):
  File "/usr/local/lib/python3.10/dist-packages/pyrogram/dispatcher.py", line 240, in handler_worker
    await handler.callback(self.client, *args)
  File "/root/ANIMETOON/plugins/pm_filter.py", line 57, in give_filter
    await auto_filter(client, message)
  File "/root/ANIMETOON/plugins/pm_filter.py", line 759, in auto_filter
    if SELF_DELETE:
NameError: name 'SELF_DELETE' is not defined
[03/17/2026 08:37:38 AM:pyrogram.dispatcher:253:ERROR] name 'SELF_DELETE' is not defined
Traceback (most recent call last):
  File "/usr/local/lib/python3.10/dist-packages/pyrogram/dispatcher.py", line 240, in handler_worker
    await handler.callback(self.client, *args)
  File "/root/ANIMETOON/plugins/pm_filter.py", line 57, in give_filter
    await auto_filter(client, message)
  File "/root/ANIMETOON/plugins/pm_filter.py", line 759, in auto_filter
    if SELF_DELETE:
NameError: name 'SELF_DELETE' is not defined
[03/17/2026 08:37:40 AM:pyrogram.dispatcher:253:ERROR] name 'SELF_DELETE' is not defined
Traceback (most recent call last):
  File "/usr/local/lib/python3.10/dist-packages/pyrogram/dispatcher.py", line 240, in handler_worker
    await handler.callback(self.client, *args)
  File "/root/ANIMETOON/plugins/pm_filter.py", line 57, in give_filter
    await auto_filter(client, message)
  File "/root/ANIMETOON/plugins/pm_filter.py", line 759, in auto_filter
    if SELF_DELETE:
NameError: name 'SELF_DELETE' is not defined
[03/17/2026 08:37:42 AM:pyrogram.dispatcher:253:ERROR] name 'SELF_DELETE' is not defined
Traceback (most recent call last):
  File "/usr/local/lib/python3.10/dist-packages/pyrogram/dispatcher.py", line 240, in handler_worker
    await handler.callback(self.client, *args)
  File "/root/ANIMETOON/plugins/pm_filter.py", line 57, in give_filter
    await auto_filter(client, message)
  File "/root/ANIMETOON/plugins/pm_filter.py", line 759, in auto_filter
    if SELF_DELETE:
NameError: name 'SELF_DELETE' is not defined
[03/17/2026 08:37:51 AM:pyrogram.dispatcher:253:ERROR] name 'SELF_DELETE' is not defined
Traceback (most recent call last):
  File "/usr/local/lib/python3.10/dist-packages/pyrogram/dispatcher.py", line 240, in handler_worker
    await handler.callback(self.client, *args)
  File "/root/ANIMETOON/plugins/pm_filter.py", line 57, in give_filter
    await auto_filter(client, message)
  File "/root/ANIMETOON/plugins/pm_filter.py", line 759, in auto_filter
    if SELF_DELETE:
NameError: name 'SELF_DELETE' is not defined
[03/17/2026 08:37:53 AM:pyrogram.dispatcher:253:ERROR] name 'SELF_DELETE' is not defined
Traceback (most recent call last):
  File "/usr/local/lib/python3.10/dist-packages/pyrogram/dispatcher.py", line 240, in handler_worker
    await handler.callback(self.client, *args)
  File "/root/ANIMETOON/plugins/pm_filter.py", line 57, in give_filter
    await auto_filter(client, message)
  File "/root/ANIMETOON/plugins/pm_filter.py", line 759, in auto_filter
    if SELF_DELETE:
NameError: name 'SELF_DELETE' is not defined
[03/17/2026 08:37:57 AM:pyrogram.dispatcher:253:ERROR] name 'SELF_DELETE' is not defined
Traceback (most recent call last):
  File "/usr/local/lib/python3.10/dist-packages/pyrogram/dispatcher.py", line 240, in handler_worker
    await handler.callback(self.client, *args)
  File "/root/ANIMETOON/plugins/pm_filter.py", line 57, in give_filter
    await auto_filter(client, message)
  File "/root/ANIMETOON/plugins/pm_filter.py", line 759, in auto_filter
    if SELF_DELETE:
NameError: name 'SELF_DELETE' is not defined
[03/17/2026 08:37:59 AM:pyrogram.dispatcher:253:ERROR] name 'SELF_DELETE' is not defined
Traceback (most recent call last):
  File "/usr/local/lib/python3.10/dist-packages/pyrogram/dispatcher.py", line 240, in handler_worker
    await handler.callback(self.client, *args)
  File "/root/ANIMETOON/plugins/pm_filter.py", line 57, in give_filter
    await auto_filter(client, message)
  File "/root/ANIMETOON/plugins/pm_filter.py", line 759, in auto_filter
    if SELF_DELETE:
NameError: name 'SELF_DELETE' is not defined
[03/17/2026 08:38:03 AM:pyrogram.dispatcher:253:ERROR] name 'SELF_DELETE' is not defined
Traceback (most recent call last):
  File "/usr/local/lib/python3.10/dist-packages/pyrogram/dispatcher.py", line 240, in handler_worker
    await handler.callback(self.client, *args)
  File "/root/ANIMETOON/plugins/pm_filter.py", line 57, in give_filter
    await auto_filter(client, message)
  File "/root/ANIMETOON/plugins/pm_filter.py", line 759, in auto_filter
    if SELF_DELETE:
NameError: name 'SELF_DELETE' is not defined
[03/17/2026 08:48:14 AM:pyrogram.dispatcher:253:ERROR] name 'SELF_DELETE' is not defined
Traceback (most recent call last):
  File "/usr/local/lib/python3.10/dist-packages/pyrogram/dispatcher.py", line 240, in handler_worker
    await handler.callback(self.client, *args)
  File "/root/ANIMETOON/plugins/pm_filter.py", line 57, in give_filter
    await auto_filter(client, message)
  File "/root/ANIMETOON/plugins/pm_filter.py", line 759, in auto_filter
    if SELF_DELETE:
NameError: name 'SELF_DELETE' is not defined
[03/17/2026 08:51:23 AM:pyrogram.dispatcher:253:ERROR] name 'SELF_DELETE' is not defined
Traceback (most recent call last):
  File "/usr/local/lib/python3.10/dist-packages/pyrogram/dispatcher.py", line 240, in handler_worker
    await handler.callback(self.client, *args)
  File "/root/ANIMETOON/plugins/pm_filter.py", line 57, in give_filter
    await auto_filter(client, message)
  File "/root/ANIMETOON/plugins/pm_filter.py", line 759, in auto_filter
    if SELF_DELETE:
NameError: name 'SELF_DELETE' is not defined
[03/17/2026 08:51:52 AM:pyrogram.dispatcher:253:ERROR] name 'SELF_DELETE' is not defined
Traceback (most recent call last):
  File "/usr/local/lib/python3.10/dist-packages/pyrogram/dispatcher.py", line 240, in handler_worker
    await handler.callback(self.client, *args)
  File "/root/ANIMETOON/plugins/pm_filter.py", line 57, in give_filter
    await auto_filter(client, message)
  File "/root/ANIMETOON/plugins/pm_filter.py", line 759, in auto_filter
    if SELF_DELETE:
NameError: name 'SELF_DELETE' is not defined
[03/17/2026 08:55:36 AM:pyrogram.dispatcher:253:ERROR] name 'SELF_DELETE' is not defined
Traceback (most recent call last):
  File "/usr/local/lib/python3.10/dist-packages/pyrogram/dispatcher.py", line 240, in handler_worker
    await handler.callback(self.client, *args)
  File "/root/ANIMETOON/plugins/pm_filter.py", line 57, in give_filter
    await auto_filter(client, message)
  File "/root/ANIMETOON/plugins/pm_filter.py", line 759, in auto_filter
    if SELF_DELETE:
NameError: name 'SELF_DELETE' is not defined
[03/17/2026 08:56:40 AM:pyrogram.dispatcher:253:ERROR] name 'SELF_DELETE' is not defined
Traceback (most recent call last):
  File "/usr/local/lib/python3.10/dist-packages/pyrogram/dispatcher.py", line 240, in handler_worker
    await handler.callback(self.client, *args)
  File "/root/ANIMETOON/plugins/pm_filter.py", line 57, in give_filter
    await auto_filter(client, message)
  File "/root/ANIMETOON/plugins/pm_filter.py", line 759, in auto_filter
    if SELF_DELETE:
NameError: name 'SELF_DELETE' is not defined
[03/17/2026 08:57:41 AM:pyrogram.dispatcher:253:ERROR] name 'SELF_DELETE' is not defined
Traceback (most recent call last):
  File "/usr/local/lib/python3.10/dist-packages/pyrogram/dispatcher.py", line 240, in handler_worker
    await handler.callback(self.client, *args)
  File "/root/ANIMETOON/plugins/pm_filter.py", line 57, in give_filter
    await auto_filter(client, message)
  File "/root/ANIMETOON/plugins/pm_filter.py", line 759, in auto_filter
    if SELF_DELETE:
NameError: name 'SELF_DELETE' is not defined
[03/17/2026 08:58:30 AM:pyrogram.dispatcher:253:ERROR] name 'SELF_DELETE' is not defined
Traceback (most recent call last):
  File "/usr/local/lib/python3.10/dist-packages/pyrogram/dispatcher.py", line 240, in handler_worker
    await handler.callback(self.client, *args)
  File "/root/ANIMETOON/plugins/pm_filter.py", line 57, in give_filter
    await auto_filter(client, message)
  File "/root/ANIMETOON/plugins/pm_filter.py", line 759, in auto_filter
    if SELF_DELETE:
NameError: name 'SELF_DELETE' is not defined
[03/17/2026 09:10:34 AM:pyrogram.dispatcher:253:ERROR] name 'SELF_DELETE' is not defined
Traceback (most recent call last):
  File "/usr/local/lib/python3.10/dist-packages/pyrogram/dispatcher.py", line 240, in handler_worker
    await handler.callback(self.client, *args)
  File "/root/ANIMETOON/plugins/pm_filter.py", line 57, in give_filter
    await auto_filter(client, message)
  File "/root/ANIMETOON/plugins/pm_filter.py", line 759, in auto_filter
    if SELF_DELETE:
NameError: name 'SELF_DELETE' is not defined
[03/17/2026 09:13:22 AM:pyrogram.dispatcher:253:ERROR] name 'SELF_DELETE' is not defined
Traceback (most recent call last):
  File "/usr/local/lib/python3.10/dist-packages/pyrogram/dispatcher.py", line 240, in handler_worker
    await handler.callback(self.client, *args)
  File "/root/ANIMETOON/plugins/pm_filter.py", line 57, in give_filter
    await auto_filter(client, message)
  File "/root/ANIMETOON/plugins/pm_filter.py", line 759, in auto_filter
    if SELF_DELETE:
NameError: name 'SELF_DELETE' is not defined
[03/17/2026 09:14:14 AM:pyrogram.dispatcher:253:ERROR] name 'SELF_DELETE' is not defined
Traceback (most recent call last):
  File "/usr/local/lib/python3.10/dist-packages/pyrogram/dispatcher.py", line 240, in handler_worker
    await handler.callback(self.client, *args)
  File "/root/ANIMETOON/plugins/pm_filter.py", line 57, in give_filter
    await auto_filter(client, message)
  File "/root/ANIMETOON/plugins/pm_filter.py", line 759, in auto_filter
    if SELF_DELETE:
NameError: name 'SELF_DELETE' is not defined
[03/17/2026 09:17:31 AM:pyrogram.dispatcher:253:ERROR] name 'SELF_DELETE' is not defined
Traceback (most recent call last):
  File "/usr/local/lib/python3.10/dist-packages/pyrogram/dispatcher.py", line 240, in handler_worker
    await handler.callback(self.client, *args)
  File "/root/ANIMETOON/plugins/pm_filter.py", line 57, in give_filter
    await auto_filter(client, message)
  File "/root/ANIMETOON/plugins/pm_filter.py", line 759, in auto_filter
    if SELF_DELETE:
NameError: name 'SELF_DELETE' is not defined
[03/17/2026 09:21:05 AM:pyrogram.dispatcher:253:ERROR] name 'SELF_DELETE' is not defined
Traceback (most recent call last):
  File "/usr/local/lib/python3.10/dist-packages/pyrogram/dispatcher.py", line 240, in handler_worker
    await handler.callback(self.client, *args)
  File "/root/ANIMETOON/plugins/pm_filter.py", line 57, in give_filter
    await auto_filter(client, message)
  File "/root/ANIMETOON/plugins/pm_filter.py", line 759, in auto_filter
    if SELF_DELETE:
NameError: name 'SELF_DELETE' is not defined
[03/17/2026 09:21:07 AM:pyrogram.dispatcher:253:ERROR] name 'SELF_DELETE' is not defined
Traceback (most recent call last):
  File "/usr/local/lib/python3.10/dist-packages/pyrogram/dispatcher.py", line 240, in handler_worker
    await handler.callback(self.client, *args)
  File "/root/ANIMETOON/plugins/pm_filter.py", line 57, in give_filter
    await auto_filter(client, message)
  File "/root/ANIMETOON/plugins/pm_filter.py", line 759, in auto_filter
    if SELF_DELETE:
NameError: name 'SELF_DELETE' is not defined
[03/17/2026 09:21:11 AM:pyrogram.dispatcher:253:ERROR] name 'SELF_DELETE' is not defined
Traceback (most recent call last):
  File "/usr/local/lib/python3.10/dist-packages/pyrogram/dispatcher.py", line 240, in handler_worker
    await handler.callback(self.client, *args)
  File "/root/ANIMETOON/plugins/pm_filter.py", line 57, in give_filter
    await auto_filter(client, message)
  File "/root/ANIMETOON/plugins/pm_filter.py", line 759, in auto_filter
    if SELF_DELETE:
NameError: name 'SELF_DELETE' is not defined
[03/17/2026 09:21:14 AM:pyrogram.dispatcher:253:ERROR] name 'SELF_DELETE' is not defined
Traceback (most recent call last):
  File "/usr/local/lib/python3.10/dist-packages/pyrogram/dispatcher.py", line 240, in handler_worker
    await handler.callback(self.client, *args)
  File "/root/ANIMETOON/plugins/pm_filter.py", line 57, in give_filter
    await auto_filter(client, message)
  File "/root/ANIMETOON/plugins/pm_filter.py", line 759, in auto_filter
    if SELF_DELETE:
NameError: name 'SELF_DELETE' is not defined
[03/17/2026 09:21:15 AM:pyrogram.dispatcher:253:ERROR] name 'SELF_DELETE' is not defined
Traceback (most recent call last):
  File "/usr/local/lib/python3.10/dist-packages/pyrogram/dispatcher.py", line 240, in handler_worker
    await handler.callback(self.client, *args)
  File "/root/ANIMETOON/plugins/pm_filter.py", line 57, in give_filter
    await auto_filter(client, message)
  File "/root/ANIMETOON/plugins/pm_filter.py", line 759, in auto_filter
    if SELF_DELETE:
NameError: name 'SELF_DELETE' is not defined
[03/17/2026 09:21:18 AM:pyrogram.dispatcher:253:ERROR] name 'SELF_DELETE' is not defined
Traceback (most recent call last):
  File "/usr/local/lib/python3.10/dist-packages/pyrogram/dispatcher.py", line 240, in handler_worker
    await handler.callback(self.client, *args)
  File "/root/ANIMETOON/plugins/pm_filter.py", line 57, in give_filter
    await auto_filter(client, message)
  File "/root/ANIMETOON/plugins/pm_filter.py", line 759, in auto_filter
    if SELF_DELETE:
NameError: name 'SELF_DELETE' is not defined
[03/17/2026 09:21:21 AM:pyrogram.dispatcher:253:ERROR] name 'SELF_DELETE' is not defined
Traceback (most recent call last):
  File "/usr/local/lib/python3.10/dist-packages/pyrogram/dispatcher.py", line 240, in handler_worker
    await handler.callback(self.client, *args)
  File "/root/ANIMETOON/plugins/pm_filter.py", line 57, in give_filter
    await auto_filter(client, message)
  File "/root/ANIMETOON/plugins/pm_filter.py", line 759, in auto_filter
    if SELF_DELETE:
NameError: name 'SELF_DELETE' is not defined
[03/17/2026 09:22:08 AM:pyrogram.dispatcher:253:ERROR] name 'SELF_DELETE' is not defined
Traceback (most recent call last):
  File "/usr/local/lib/python3.10/dist-packages/pyrogram/dispatcher.py", line 240, in handler_worker
    await handler.callback(self.client, *args)
  File "/root/ANIMETOON/plugins/pm_filter.py", line 57, in give_filter
    await auto_filter(client, message)
  File "/root/ANIMETOON/plugins/pm_filter.py", line 759, in auto_filter
    if SELF_DELETE:
NameError: name 'SELF_DELETE' is not defined
[03/17/2026 09:22:17 AM:pyrogram.dispatcher:253:ERROR] name 'SELF_DELETE' is not defined
Traceback (most recent call last):
  File "/usr/local/lib/python3.10/dist-packages/pyrogram/dispatcher.py", line 240, in handler_worker
    await handler.callback(self.client, *args)
  File "/root/ANIMETOON/plugins/pm_filter.py", line 57, in give_filter
    await auto_filter(client, message)
  File "/root/ANIMETOON/plugins/pm_filter.py", line 759, in auto_filter
    if SELF_DELETE:
NameError: name 'SELF_DELETE' is not defined
[03/17/2026 09:26:35 AM:pyrogram.dispatcher:253:ERROR] name 'SELF_DELETE' is not defined
Traceback (most recent call last):
  File "/usr/local/lib/python3.10/dist-packages/pyrogram/dispatcher.py", line 240, in handler_worker
    await handler.callback(self.client, *args)
  File "/root/ANIMETOON/plugins/pm_filter.py", line 57, in give_filter
    await auto_filter(client, message)
  File "/root/ANIMETOON/plugins/pm_filter.py", line 759, in auto_filter
    if SELF_DELETE:
NameError: name 'SELF_DELETE' is not defined
[03/17/2026 09:30:23 AM:pyrogram.dispatcher:253:ERROR] name 'SELF_DELETE' is not defined
Traceback (most recent call last):
  File "/usr/local/lib/python3.10/dist-packages/pyrogram/dispatcher.py", line 240, in handler_worker
    await handler.callback(self.client, *args)
  File "/root/ANIMETOON/plugins/pm_filter.py", line 57, in give_filter
    await auto_filter(client, message)
  File "/root/ANIMETOON/plugins/pm_filter.py", line 759, in auto_filter
    if SELF_DELETE:
NameError: name 'SELF_DELETE' is not defined
[03/17/2026 09:31:07 AM:pyrogram.dispatcher:253:ERROR] name 'SELF_DELETE' is not defined
Traceback (most recent call last):
  File "/usr/local/lib/python3.10/dist-packages/pyrogram/dispatcher.py", line 240, in handler_worker
    await handler.callback(self.client, *args)
  File "/root/ANIMETOON/plugins/pm_filter.py", line 57, in give_filter
    await auto_filter(client, message)
  File "/root/ANIMETOON/plugins/pm_filter.py", line 759, in auto_filter
    if SELF_DELETE:
NameError: name 'SELF_DELETE' is not defined
[03/17/2026 09:38:06 AM:pyrogram.dispatcher:253:ERROR] Telegram says: [500 RANDOM_ID_DUPLICATE] - You provided a random ID that was already used (caused by "messages.SendMessage")
Traceback (most recent call last):
  File "/usr/local/lib/python3.10/dist-packages/pyrogram/dispatcher.py", line 240, in handler_worker
    await handler.callback(self.client, *args)
  File "/root/ANIMETOON/plugins/pm_filter.py", line 57, in give_filter
    await auto_filter(client, message)
  File "/root/ANIMETOON/plugins/pm_filter.py", line 650, in auto_filter
    return await advantage_spell_chok(msg)
  File "/root/ANIMETOON/plugins/pm_filter.py", line 772, in advantage_spell_chok
    k = await msg.reply("I couldn't find any movie in that name.")
  File "/usr/local/lib/python3.10/dist-packages/pyrogram/types/messages_and_media/message.py", line 970, in reply_text
    return await self._client.send_message(
  File "/usr/local/lib/python3.10/dist-packages/pyrogram/methods/messages/send_message.py", line 126, in send_message
    r = await self.invoke(
  File "/usr/local/lib/python3.10/dist-packages/pyrogram/methods/advanced/invoke.py", line 79, in invoke
    r = await self.session.invoke(
  File "/usr/local/lib/python3.10/dist-packages/pyrogram/session/session.py", line 412, in invoke
    return await self.invoke(query, retries - 1, timeout)
  File "/usr/local/lib/python3.10/dist-packages/pyrogram/session/session.py", line 412, in invoke
    return await self.invoke(query, retries - 1, timeout)
  File "/usr/local/lib/python3.10/dist-packages/pyrogram/session/session.py", line 412, in invoke
    return await self.invoke(query, retries - 1, timeout)
  [Previous line repeated 7 more times]
  File "/usr/local/lib/python3.10/dist-packages/pyrogram/session/session.py", line 402, in invoke
    raise e from None
  File "/usr/local/lib/python3.10/dist-packages/pyrogram/session/session.py", line 389, in invoke
    return await self.send(query, timeout=timeout)
  File "/usr/local/lib/python3.10/dist-packages/pyrogram/session/session.py", line 357, in send
    RPCError.raise_it(result, type(data))
  File "/usr/local/lib/python3.10/dist-packages/pyrogram/errors/rpc_error.py", line 91, in raise_it
    raise getattr(
pyrogram.errors.exceptions.internal_server_error_500.RandomIdDuplicate: Telegram says: [500 RANDOM_ID_DUPLICATE] - You provided a random ID that was already used (caused by "messages.SendMessage")
[03/17/2026 09:38:24 AM:pyrogram.dispatcher:253:ERROR] name 'SELF_DELETE' is not defined
Traceback (most recent call last):
  File "/usr/local/lib/python3.10/dist-packages/pyrogram/dispatcher.py", line 240, in handler_worker
    await handler.callback(self.client, *args)
  File "/root/ANIMETOON/plugins/pm_filter.py", line 57, in give_filter
    await auto_filter(client, message)
  File "/root/ANIMETOON/plugins/pm_filter.py", line 759, in auto_filter
    if SELF_DELETE:
NameError: name 'SELF_DELETE' is not defined
[03/17/2026 09:38:52 AM:pyrogram.dispatcher:253:ERROR] Telegram says: [420 FLOOD_WAIT_X] - A wait of 7 seconds is required (caused by "messages.SendMessage")
Traceback (most recent call last):
  File "/usr/local/lib/python3.10/dist-packages/pyrogram/dispatcher.py", line 240, in handler_worker
    await handler.callback(self.client, *args)
  File "/root/ANIMETOON/plugins/pm_filter.py", line 57, in give_filter
    await auto_filter(client, message)
  File "/root/ANIMETOON/plugins/pm_filter.py", line 650, in auto_filter
    return await advantage_spell_chok(msg)
  File "/root/ANIMETOON/plugins/pm_filter.py", line 772, in advantage_spell_chok
    k = await msg.reply("I couldn't find any movie in that name.")
  File "/usr/local/lib/python3.10/dist-packages/pyrogram/types/messages_and_media/message.py", line 970, in reply_text
    return await self._client.send_message(
  File "/usr/local/lib/python3.10/dist-packages/pyrogram/methods/messages/send_message.py", line 126, in send_message
    r = await self.invoke(
  File "/usr/local/lib/python3.10/dist-packages/pyrogram/methods/advanced/invoke.py", line 79, in invoke
    r = await self.session.invoke(
  File "/usr/local/lib/python3.10/dist-packages/pyrogram/session/session.py", line 389, in invoke
    return await self.send(query, timeout=timeout)
  File "/usr/local/lib/python3.10/dist-packages/pyrogram/session/session.py", line 357, in send
    RPCError.raise_it(result, type(data))
  File "/usr/local/lib/python3.10/dist-packages/pyrogram/errors/rpc_error.py", line 91, in raise_it
    raise getattr(
pyrogram.errors.exceptions.flood_420.FloodWait: Telegram says: [420 FLOOD_WAIT_X] - A wait of 7 seconds is required (caused by "messages.SendMessage")
[03/17/2026 09:39:01 AM:pyrogram.dispatcher:253:ERROR] name 'SELF_DELETE' is not defined
Traceback (most recent call last):
  File "/usr/local/lib/python3.10/dist-packages/pyrogram/dispatcher.py", line 240, in handler_worker
    await handler.callback(self.client, *args)
  File "/root/ANIMETOON/plugins/pm_filter.py", line 57, in give_filter
    await auto_filter(client, message)
  File "/root/ANIMETOON/plugins/pm_filter.py", line 759, in auto_filter
    if SELF_DELETE:
NameError: name 'SELF_DELETE' is not defined
[03/17/2026 09:41:39 AM:pyrogram.dispatcher:253:ERROR] name 'SELF_DELETE' is not defined
Traceback (most recent call last):
  File "/usr/local/lib/python3.10/dist-packages/pyrogram/dispatcher.py", line 240, in handler_worker
    await handler.callback(self.client, *args)
  File "/root/ANIMETOON/plugins/pm_filter.py", line 57, in give_filter
    await auto_filter(client, message)
  File "/root/ANIMETOON/plugins/pm_filter.py", line 759, in auto_filter
    if SELF_DELETE:
NameError: name 'SELF_DELETE' is not defined
[03/17/2026 09:48:22 AM:pyrogram.dispatcher:253:ERROR] name 'SELF_DELETE' is not defined
Traceback (most recent call last):
  File "/usr/local/lib/python3.10/dist-packages/pyrogram/dispatcher.py", line 240, in handler_worker
    await handler.callback(self.client, *args)
  File "/root/ANIMETOON/plugins/pm_filter.py", line 57, in give_filter
    await auto_filter(client, message)
  File "/root/ANIMETOON/plugins/pm_filter.py", line 759, in auto_filter
    if SELF_DELETE:
NameError: name 'SELF_DELETE' is not defined
[03/17/2026 09:51:53 AM:pyrogram.dispatcher:253:ERROR] name 'SELF_DELETE' is not defined
Traceback (most recent call last):
  File "/usr/local/lib/python3.10/dist-packages/pyrogram/dispatcher.py", line 240, in handler_worker
    await handler.callback(self.client, *args)
  File "/root/ANIMETOON/plugins/pm_filter.py", line 57, in give_filter
    await auto_filter(client, message)
  File "/root/ANIMETOON/plugins/pm_filter.py", line 759, in auto_filter
    if SELF_DELETE:
NameError: name 'SELF_DELETE' is not defined
[03/17/2026 09:57:13 AM:pyrogram.dispatcher:253:ERROR] name 'SELF_DELETE' is not defined
Traceback (most recent call last):
  File "/usr/local/lib/python3.10/dist-packages/pyrogram/dispatcher.py", line 240, in handler_worker
    await handler.callback(self.client, *args)
  File "/root/ANIMETOON/plugins/pm_filter.py", line 57, in give_filter
    await auto_filter(client, message)
  File "/root/ANIMETOON/plugins/pm_filter.py", line 759, in auto_filter
    if SELF_DELETE:
NameError: name 'SELF_DELETE' is not defined
[03/17/2026 10:13:27 AM:pyrogram.dispatcher:253:ERROR] name 'SELF_DELETE' is not defined
Traceback (most recent call last):
  File "/usr/local/lib/python3.10/dist-packages/pyrogram/dispatcher.py", line 240, in handler_worker
    await handler.callback(self.client, *args)
  File "/root/ANIMETOON/plugins/pm_filter.py", line 57, in give_filter
    await auto_filter(client, message)
  File "/root/ANIMETOON/plugins/pm_filter.py", line 759, in auto_filter
    if SELF_DELETE:
NameError: name 'SELF_DELETE' is not defined
[03/17/2026 10:14:39 AM:pyrogram.dispatcher:253:ERROR] name 'SELF_DELETE' is not defined
Traceback (most recent call last):
  File "/usr/local/lib/python3.10/dist-packages/pyrogram/dispatcher.py", line 240, in handler_worker
    await handler.callback(self.client, *args)
  File "/root/ANIMETOON/plugins/pm_filter.py", line 57, in give_filter
    await auto_filter(client, message)
  File "/root/ANIMETOON/plugins/pm_filter.py", line 759, in auto_filter
    if SELF_DELETE:
NameError: name 'SELF_DELETE' is not defined
[03/17/2026 10:15:23 AM:pyrogram.dispatcher:253:ERROR] name 'SELF_DELETE' is not defined
Traceback (most recent call last):
  File "/usr/local/lib/python3.10/dist-packages/pyrogram/dispatcher.py", line 240, in handler_worker
    await handler.callback(self.client, *args)
  File "/root/ANIMETOON/plugins/pm_filter.py", line 57, in give_filter
    await auto_filter(client, message)
  File "/root/ANIMETOON/plugins/pm_filter.py", line 759, in auto_filter
    if SELF_DELETE:
NameError: name 'SELF_DELETE' is not defined
[03/17/2026 10:16:36 AM:pyrogram.dispatcher:253:ERROR] name 'SELF_DELETE' is not defined
Traceback (most recent call last):
  File "/usr/local/lib/python3.10/dist-packages/pyrogram/dispatcher.py", line 240, in handler_worker
    await handler.callback(self.client, *args)
  File "/root/ANIMETOON/plugins/pm_filter.py", line 57, in give_filter
    await auto_filter(client, message)
  File "/root/ANIMETOON/plugins/pm_filter.py", line 759, in auto_filter
    if SELF_DELETE:
NameError: name 'SELF_DELETE' is not defined
[03/17/2026 10:19:19 AM:pyrogram.dispatcher:253:ERROR] name 'SELF_DELETE' is not defined
Traceback (most recent call last):
  File "/usr/local/lib/python3.10/dist-packages/pyrogram/dispatcher.py", line 240, in handler_worker
    await handler.callback(self.client, *args)
  File "/root/ANIMETOON/plugins/pm_filter.py", line 57, in give_filter
    await auto_filter(client, message)
  File "/root/ANIMETOON/plugins/pm_filter.py", line 759, in auto_filter
    if SELF_DELETE:
NameError: name 'SELF_DELETE' is not defined
[03/17/2026 10:20:23 AM:pyrogram.dispatcher:253:ERROR] name 'SELF_DELETE' is not defined
Traceback (most recent call last):
  File "/usr/local/lib/python3.10/dist-packages/pyrogram/dispatcher.py", line 240, in handler_worker
    await handler.callback(self.client, *args)
  File "/root/ANIMETOON/plugins/pm_filter.py", line 57, in give_filter
    await auto_filter(client, message)
  File "/root/ANIMETOON/plugins/pm_filter.py", line 759, in auto_filter
    if SELF_DELETE:
NameError: name 'SELF_DELETE' is not defined
[03/17/2026 10:21:48 AM:pyrogram.dispatcher:253:ERROR] name 'SELF_DELETE' is not defined
Traceback (most recent call last):
  File "/usr/local/lib/python3.10/dist-packages/pyrogram/dispatcher.py", line 240, in handler_worker
    await handler.callback(self.client, *args)
  File "/root/ANIMETOON/plugins/pm_filter.py", line 57, in give_filter
    await auto_filter(client, message)
  File "/root/ANIMETOON/plugins/pm_filter.py", line 759, in auto_filter
    if SELF_DELETE:
NameError: name 'SELF_DELETE' is not defined
[03/17/2026 10:24:02 AM:pyrogram.dispatcher:253:ERROR] name 'SELF_DELETE' is not defined
Traceback (most recent call last):
  File "/usr/local/lib/python3.10/dist-packages/pyrogram/dispatcher.py", line 240, in handler_worker
    await handler.callback(self.client, *args)
  File "/root/ANIMETOON/plugins/pm_filter.py", line 57, in give_filter
    await auto_filter(client, message)
  File "/root/ANIMETOON/plugins/pm_filter.py", line 759, in auto_filter
    if SELF_DELETE:
NameError: name 'SELF_DELETE' is not defined
[03/17/2026 10:26:52 AM:pyrogram.dispatcher:253:ERROR] name 'SELF_DELETE' is not defined
Traceback (most recent call last):
  File "/usr/local/lib/python3.10/dist-packages/pyrogram/dispatcher.py", line 240, in handler_worker
    await handler.callback(self.client, *args)
  File "/root/ANIMETOON/plugins/pm_filter.py", line 57, in give_filter
    await auto_filter(client, message)
  File "/root/ANIMETOON/plugins/pm_filter.py", line 759, in auto_filter
    if SELF_DELETE:
NameError: name 'SELF_DELETE' is not defined
[03/17/2026 10:30:22 AM:pyrogram.dispatcher:253:ERROR] 'NoneType' object has no attribute 'type'
Traceback (most recent call last):
  File "/usr/local/lib/python3.10/dist-packages/pyrogram/dispatcher.py", line 240, in handler_worker
    await handler.callback(self.client, *args)
  File "/root/ANIMETOON/plugins/index.py", line 63, in send_for_index
    elif message.forward_from_chat.type == enums.ChatType.CHANNEL:
AttributeError: 'NoneType' object has no attribute 'type'
[03/17/2026 10:30:22 AM:pyrogram.dispatcher:253:ERROR] 'NoneType' object has no attribute 'type'
Traceback (most recent call last):
  File "/usr/local/lib/python3.10/dist-packages/pyrogram/dispatcher.py", line 240, in handler_worker
    await handler.callback(self.client, *args)
  File "/root/ANIMETOON/plugins/index.py", line 63, in send_for_index
    elif message.forward_from_chat.type == enums.ChatType.CHANNEL:
AttributeError: 'NoneType' object has no attribute 'type'
[03/17/2026 10:30:22 AM:pyrogram.dispatcher:253:ERROR] 'NoneType' object has no attribute 'type'
Traceback (most recent call last):
  File "/usr/local/lib/python3.10/dist-packages/pyrogram/dispatcher.py", line 240, in handler_worker
    await handler.callback(self.client, *args)
  File "/root/ANIMETOON/plugins/index.py", line 63, in send_for_index
    elif message.forward_from_chat.type == enums.ChatType.CHANNEL:
AttributeError: 'NoneType' object has no attribute 'type'
[03/17/2026 10:30:22 AM:pyrogram.dispatcher:253:ERROR] 'NoneType' object has no attribute 'type'
Traceback (most recent call last):
  File "/usr/local/lib/python3.10/dist-packages/pyrogram/dispatcher.py", line 240, in handler_worker
    await handler.callback(self.client, *args)
  File "/root/ANIMETOON/plugins/index.py", line 63, in send_for_index
    elif message.forward_from_chat.type == enums.ChatType.CHANNEL:
AttributeError: 'NoneType' object has no attribute 'type'
[03/17/2026 10:30:22 AM:pyrogram.dispatcher:253:ERROR] 'NoneType' object has no attribute 'type'
Traceback (most recent call last):
  File "/usr/local/lib/python3.10/dist-packages/pyrogram/dispatcher.py", line 240, in handler_worker
    await handler.callback(self.client, *args)
  File "/root/ANIMETOON/plugins/index.py", line 63, in send_for_index
    elif message.forward_from_chat.type == enums.ChatType.CHANNEL:
AttributeError: 'NoneType' object has no attribute 'type'
[03/17/2026 10:30:22 AM:pyrogram.dispatcher:253:ERROR] 'NoneType' object has no attribute 'type'
Traceback (most recent call last):
  File "/usr/local/lib/python3.10/dist-packages/pyrogram/dispatcher.py", line 240, in handler_worker
    await handler.callback(self.client, *args)
  File "/root/ANIMETOON/plugins/index.py", line 63, in send_for_index
    elif message.forward_from_chat.type == enums.ChatType.CHANNEL:
AttributeError: 'NoneType' object has no attribute 'type'
[03/17/2026 10:30:22 AM:pyrogram.dispatcher:253:ERROR] 'NoneType' object has no attribute 'type'
Traceback (most recent call last):
  File "/usr/local/lib/python3.10/dist-packages/pyrogram/dispatcher.py", line 240, in handler_worker
    await handler.callback(self.client, *args)
  File "/root/ANIMETOON/plugins/index.py", line 63, in send_for_index
    elif message.forward_from_chat.type == enums.ChatType.CHANNEL:
AttributeError: 'NoneType' object has no attribute 'type'
[03/17/2026 10:30:22 AM:pyrogram.dispatcher:253:ERROR] 'NoneType' object has no attribute 'type'
Traceback (most recent call last):
  File "/usr/local/lib/python3.10/dist-packages/pyrogram/dispatcher.py", line 240, in handler_worker
    await handler.callback(self.client, *args)
  File "/root/ANIMETOON/plugins/index.py", line 63, in send_for_index
    elif message.forward_from_chat.type == enums.ChatType.CHANNEL:
AttributeError: 'NoneType' object has no attribute 'type'
[03/17/2026 10:30:22 AM:pyrogram.dispatcher:253:ERROR] 'NoneType' object has no attribute 'type'
Traceback (most recent call last):
  File "/usr/local/lib/python3.10/dist-packages/pyrogram/dispatcher.py", line 240, in handler_worker
    await handler.callback(self.client, *args)
  File "/root/ANIMETOON/plugins/index.py", line 63, in send_for_index
    elif message.forward_from_chat.type == enums.ChatType.CHANNEL:
AttributeError: 'NoneType' object has no attribute 'type'
[03/17/2026 10:30:22 AM:pyrogram.dispatcher:253:ERROR] 'NoneType' object has no attribute 'type'
Traceback (most recent call last):
  File "/usr/local/lib/python3.10/dist-packages/pyrogram/dispatcher.py", line 240, in handler_worker
    await handler.callback(self.client, *args)
  File "/root/ANIMETOON/plugins/index.py", line 63, in send_for_index
    elif message.forward_from_chat.type == enums.ChatType.CHANNEL:
AttributeError: 'NoneType' object has no attribute 'type'
[03/17/2026 10:30:22 AM:pyrogram.dispatcher:253:ERROR] 'NoneType' object has no attribute 'type'
Traceback (most recent call last):
  File "/usr/local/lib/python3.10/dist-packages/pyrogram/dispatcher.py", line 240, in handler_worker
    await handler.callback(self.client, *args)
  File "/root/ANIMETOON/plugins/index.py", line 63, in send_for_index
    elif message.forward_from_chat.type == enums.ChatType.CHANNEL:
AttributeError: 'NoneType' object has no attribute 'type'
[03/17/2026 10:30:22 AM:pyrogram.dispatcher:253:ERROR] 'NoneType' object has no attribute 'type'
Traceback (most recent call last):
  File "/usr/local/lib/python3.10/dist-packages/pyrogram/dispatcher.py", line 240, in handler_worker
    await handler.callback(self.client, *args)
  File "/root/ANIMETOON/plugins/index.py", line 63, in send_for_index
    elif message.forward_from_chat.type == enums.ChatType.CHANNEL:
AttributeError: 'NoneType' object has no attribute 'type'
[03/17/2026 10:32:25 AM:pyrogram.dispatcher:253:ERROR] name 'SELF_DELETE' is not defined
Traceback (most recent call last):
  File "/usr/local/lib/python3.10/dist-packages/pyrogram/dispatcher.py", line 240, in handler_worker
    await handler.callback(self.client, *args)
  File "/root/ANIMETOON/plugins/pm_filter.py", line 57, in give_filter
    await auto_filter(client, message)
  File "/root/ANIMETOON/plugins/pm_filter.py", line 759, in auto_filter
    if SELF_DELETE:
NameError: name 'SELF_DELETE' is not defined
[03/17/2026 10:48:20 AM:pyrogram.dispatcher:253:ERROR] name 'SELF_DELETE' is not defined
Traceback (most recent call last):
  File "/usr/local/lib/python3.10/dist-packages/pyrogram/dispatcher.py", line 240, in handler_worker
    await handler.callback(self.client, *args)
  File "/root/ANIMETOON/plugins/pm_filter.py", line 57, in give_filter
    await auto_filter(client, message)
  File "/root/ANIMETOON/plugins/pm_filter.py", line 759, in auto_filter
    if SELF_DELETE:
NameError: name 'SELF_DELETE' is not defined
[03/17/2026 10:57:41 AM:pyrogram.dispatcher:253:ERROR] name 'SELF_DELETE' is not defined
Traceback (most recent call last):
  File "/usr/local/lib/python3.10/dist-packages/pyrogram/dispatcher.py", line 240, in handler_worker
    await handler.callback(self.client, *args)
  File "/root/ANIMETOON/plugins/pm_filter.py", line 57, in give_filter
    await auto_filter(client, message)
  File "/root/ANIMETOON/plugins/pm_filter.py", line 759, in auto_filter
    if SELF_DELETE:
NameError: name 'SELF_DELETE' is not defined
[03/17/2026 11:03:57 AM:pyrogram.dispatcher:253:ERROR] name 'SELF_DELETE' is not defined
Traceback (most recent call last):
  File "/usr/local/lib/python3.10/dist-packages/pyrogram/dispatcher.py", line 240, in handler_worker
    await handler.callback(self.client, *args)
  File "/root/ANIMETOON/plugins/pm_filter.py", line 57, in give_filter
    await auto_filter(client, message)
  File "/root/ANIMETOON/plugins/pm_filter.py", line 759, in auto_filter
    if SELF_DELETE:
NameError: name 'SELF_DELETE' is not defined
[03/17/2026 11:13:22 AM:pyrogram.dispatcher:253:ERROR] name 'SELF_DELETE' is not defined
Traceback (most recent call last):
  File "/usr/local/lib/python3.10/dist-packages/pyrogram/dispatcher.py", line 240, in handler_worker
    await handler.callback(self.client, *args)
  File "/root/ANIMETOON/plugins/pm_filter.py", line 57, in give_filter
    await auto_filter(client, message)
  File "/root/ANIMETOON/plugins/pm_filter.py", line 759, in auto_filter
    if SELF_DELETE:
NameError: name 'SELF_DELETE' is not defined
[03/17/2026 11:17:34 AM:pyrogram.dispatcher:253:ERROR] name 'SELF_DELETE' is not defined
Traceback (most recent call last):
  File "/usr/local/lib/python3.10/dist-packages/pyrogram/dispatcher.py", line 240, in handler_worker
    await handler.callback(self.client, *args)
  File "/root/ANIMETOON/plugins/pm_filter.py", line 57, in give_filter
    await auto_filter(client, message)
  File "/root/ANIMETOON/plugins/pm_filter.py", line 759, in auto_filter
    if SELF_DELETE:
NameError: name 'SELF_DELETE' is not defined
[03/17/2026 11:27:43 AM:pyrogram.dispatcher:253:ERROR] name 'SELF_DELETE' is not defined
Traceback (most recent call last):
  File "/usr/local/lib/python3.10/dist-packages/pyrogram/dispatcher.py", line 240, in handler_worker
    await handler.callback(self.client, *args)
  File "/root/ANIMETOON/plugins/pm_filter.py", line 57, in give_filter
    await auto_filter(client, message)
  File "/root/ANIMETOON/plugins/pm_filter.py", line 759, in auto_filter
    if SELF_DELETE:
NameError: name 'SELF_DELETE' is not defined
[03/17/2026 11:28:30 AM:pyrogram.dispatcher:253:ERROR] name 'SELF_DELETE' is not defined
Traceback (most recent call last):
  File "/usr/local/lib/python3.10/dist-packages/pyrogram/dispatcher.py", line 240, in handler_worker
    await handler.callback(self.client, *args)
  File "/root/ANIMETOON/plugins/pm_filter.py", line 57, in give_filter
    await auto_filter(client, message)
  File "/root/ANIMETOON/plugins/pm_filter.py", line 759, in auto_filter
    if SELF_DELETE:
NameError: name 'SELF_DELETE' is not defined
[03/17/2026 11:34:49 AM:pyrogram.dispatcher:253:ERROR] name 'SELF_DELETE' is not defined
Traceback (most recent call last):
  File "/usr/local/lib/python3.10/dist-packages/pyrogram/dispatcher.py", line 240, in handler_worker
    await handler.callback(self.client, *args)
  File "/root/ANIMETOON/plugins/pm_filter.py", line 57, in give_filter
    await auto_filter(client, message)
  File "/root/ANIMETOON/plugins/pm_filter.py", line 759, in auto_filter
    if SELF_DELETE:
NameError: name 'SELF_DELETE' is not defined
[03/17/2026 11:35:00 AM:pyrogram.dispatcher:253:ERROR] name 'SELF_DELETE' is not defined
Traceback (most recent call last):
  File "/usr/local/lib/python3.10/dist-packages/pyrogram/dispatcher.py", line 240, in handler_worker
    await handler.callback(self.client, *args)
  File "/root/ANIMETOON/plugins/pm_filter.py", line 57, in give_filter
    await auto_filter(client, message)
  File "/root/ANIMETOON/plugins/pm_filter.py", line 759, in auto_filter
    if SELF_DELETE:
NameError: name 'SELF_DELETE' is not defined
[03/17/2026 11:50:02 AM:pyrogram.dispatcher:253:ERROR] name 'SELF_DELETE' is not defined
Traceback (most recent call last):
  File "/usr/local/lib/python3.10/dist-packages/pyrogram/dispatcher.py", line 240, in handler_worker
    await handler.callback(self.client, *args)
  File "/root/ANIMETOON/plugins/pm_filter.py", line 57, in give_filter
    await auto_filter(client, message)
  File "/root/ANIMETOON/plugins/pm_filter.py", line 759, in auto_filter
    if SELF_DELETE:
NameError: name 'SELF_DELETE' is not defined
[03/17/2026 11:50:37 AM:pyrogram.dispatcher:253:ERROR] name 'SELF_DELETE' is not defined
Traceback (most recent call last):
  File "/usr/local/lib/python3.10/dist-packages/pyrogram/dispatcher.py", line 240, in handler_worker
    await handler.callback(self.client, *args)
  File "/root/ANIMETOON/plugins/pm_filter.py", line 57, in give_filter
    await auto_filter(client, message)
  File "/root/ANIMETOON/plugins/pm_filter.py", line 759, in auto_filter
    if SELF_DELETE:
NameError: name 'SELF_DELETE' is not defined
[03/17/2026 11:50:47 AM:pyrogram.dispatcher:253:ERROR] name 'SELF_DELETE' is not defined
Traceback (most recent call last):
  File "/usr/local/lib/python3.10/dist-packages/pyrogram/dispatcher.py", line 240, in handler_worker
    await handler.callback(self.client, *args)
  File "/root/ANIMETOON/plugins/pm_filter.py", line 57, in give_filter
    await auto_filter(client, message)
  File "/root/ANIMETOON/plugins/pm_filter.py", line 759, in auto_filter
    if SELF_DELETE:
NameError: name 'SELF_DELETE' is not defined
[03/17/2026 11:50:58 AM:pyrogram.dispatcher:253:ERROR] name 'SELF_DELETE' is not defined
Traceback (most recent call last):
  File "/usr/local/lib/python3.10/dist-packages/pyrogram/dispatcher.py", line 240, in handler_worker
    await handler.callback(self.client, *args)
  File "/root/ANIMETOON/plugins/pm_filter.py", line 57, in give_filter
    await auto_filter(client, message)
  File "/root/ANIMETOON/plugins/pm_filter.py", line 759, in auto_filter
    if SELF_DELETE:
NameError: name 'SELF_DELETE' is not defined
[03/17/2026 11:51:10 AM:pyrogram.dispatcher:253:ERROR] name 'SELF_DELETE' is not defined
Traceback (most recent call last):
  File "/usr/local/lib/python3.10/dist-packages/pyrogram/dispatcher.py", line 240, in handler_worker
    await handler.callback(self.client, *args)
  File "/root/ANIMETOON/plugins/pm_filter.py", line 57, in give_filter
    await auto_filter(client, message)
  File "/root/ANIMETOON/plugins/pm_filter.py", line 759, in auto_filter
    if SELF_DELETE:
NameError: name 'SELF_DELETE' is not defined
[03/17/2026 11:52:03 AM:pyrogram.dispatcher:253:ERROR] name 'SELF_DELETE' is not defined
Traceback (most recent call last):
  File "/usr/local/lib/python3.10/dist-packages/pyrogram/dispatcher.py", line 240, in handler_worker
    await handler.callback(self.client, *args)
  File "/root/ANIMETOON/plugins/pm_filter.py", line 57, in give_filter
    await auto_filter(client, message)
  File "/root/ANIMETOON/plugins/pm_filter.py", line 759, in auto_filter
    if SELF_DELETE:
NameError: name 'SELF_DELETE' is not defined
[03/17/2026 11:52:14 AM:pyrogram.dispatcher:253:ERROR] name 'SELF_DELETE' is not defined
Traceback (most recent call last):
  File "/usr/local/lib/python3.10/dist-packages/pyrogram/dispatcher.py", line 240, in handler_worker
    await handler.callback(self.client, *args)
  File "/root/ANIMETOON/plugins/pm_filter.py", line 57, in give_filter
    await auto_filter(client, message)
  File "/root/ANIMETOON/plugins/pm_filter.py", line 759, in auto_filter
    if SELF_DELETE:
NameError: name 'SELF_DELETE' is not defined
[03/17/2026 11:52:51 AM:pyrogram.dispatcher:253:ERROR] name 'SELF_DELETE' is not defined
Traceback (most recent call last):
  File "/usr/local/lib/python3.10/dist-packages/pyrogram/dispatcher.py", line 240, in handler_worker
    await handler.callback(self.client, *args)
  File "/root/ANIMETOON/plugins/pm_filter.py", line 57, in give_filter
    await auto_filter(client, message)
  File "/root/ANIMETOON/plugins/pm_filter.py", line 759, in auto_filter
    if SELF_DELETE:
NameError: name 'SELF_DELETE' is not defined
[03/17/2026 11:53:43 AM:pyrogram.dispatcher:253:ERROR] name 'SELF_DELETE' is not defined
Traceback (most recent call last):
  File "/usr/local/lib/python3.10/dist-packages/pyrogram/dispatcher.py", line 240, in handler_worker
    await handler.callback(self.client, *args)
  File "/root/ANIMETOON/plugins/pm_filter.py", line 57, in give_filter
    await auto_filter(client, message)
  File "/root/ANIMETOON/plugins/pm_filter.py", line 759, in auto_filter
    if SELF_DELETE:
NameError: name 'SELF_DELETE' is not defined
[03/17/2026 12:08:54 PM:pyrogram.dispatcher:253:ERROR] name 'SELF_DELETE' is not defined
Traceback (most recent call last):
  File "/usr/local/lib/python3.10/dist-packages/pyrogram/dispatcher.py", line 240, in handler_worker
    await handler.callback(self.client, *args)
  File "/root/ANIMETOON/plugins/pm_filter.py", line 57, in give_filter
    await auto_filter(client, message)
  File "/root/ANIMETOON/plugins/pm_filter.py", line 759, in auto_filter
    if SELF_DELETE:
NameError: name 'SELF_DELETE' is not defined
[03/17/2026 12:08:56 PM:pyrogram.dispatcher:253:ERROR] name 'SELF_DELETE' is not defined
Traceback (most recent call last):
  File "/usr/local/lib/python3.10/dist-packages/pyrogram/dispatcher.py", line 240, in handler_worker
    await handler.callback(self.client, *args)
  File "/root/ANIMETOON/plugins/pm_filter.py", line 57, in give_filter
    await auto_filter(client, message)
  File "/root/ANIMETOON/plugins/pm_filter.py", line 759, in auto_filter
    if SELF_DELETE:
NameError: name 'SELF_DELETE' is not defined
[03/17/2026 12:15:09 PM:pyrogram.dispatcher:253:ERROR] name 'SELF_DELETE' is not defined
Traceback (most recent call last):
  File "/usr/local/lib/python3.10/dist-packages/pyrogram/dispatcher.py", line 240, in handler_worker
    await handler.callback(self.client, *args)
  File "/root/ANIMETOON/plugins/pm_filter.py", line 57, in give_filter
    await auto_filter(client, message)
  File "/root/ANIMETOON/plugins/pm_filter.py", line 759, in auto_filter
    if SELF_DELETE:
NameError: name 'SELF_DELETE' is not defined
[03/17/2026 12:20:23 PM:pyrogram.dispatcher:253:ERROR] name 'SELF_DELETE' is not defined
Traceback (most recent call last):
  File "/usr/local/lib/python3.10/dist-packages/pyrogram/dispatcher.py", line 240, in handler_worker
    await handler.callback(self.client, *args)
  File "/root/ANIMETOON/plugins/pm_filter.py", line 57, in give_filter
    await auto_filter(client, message)
  File "/root/ANIMETOON/plugins/pm_filter.py", line 759, in auto_filter
    if SELF_DELETE:
NameError: name 'SELF_DELETE' is not defined
[03/17/2026 12:20:47 PM:pyrogram.dispatcher:253:ERROR] name 'SELF_DELETE' is not defined
Traceback (most recent call last):
  File "/usr/local/lib/python3.10/dist-packages/pyrogram/dispatcher.py", line 240, in handler_worker
    await handler.callback(self.client, *args)
  File "/root/ANIMETOON/plugins/pm_filter.py", line 57, in give_filter
    await auto_filter(client, message)
  File "/root/ANIMETOON/plugins/pm_filter.py", line 759, in auto_filter
    if SELF_DELETE:
NameError: name 'SELF_DELETE' is not defined
[03/17/2026 12:21:13 PM:pyrogram.dispatcher:253:ERROR] name 'SELF_DELETE' is not defined
Traceback (most recent call last):
  File "/usr/local/lib/python3.10/dist-packages/pyrogram/dispatcher.py", line 240, in handler_worker
    await handler.callback(self.client, *args)
  File "/root/ANIMETOON/plugins/pm_filter.py", line 57, in give_filter
    await auto_filter(client, message)
  File "/root/ANIMETOON/plugins/pm_filter.py", line 759, in auto_filter
    if SELF_DELETE:
NameError: name 'SELF_DELETE' is not defined
[03/17/2026 12:21:36 PM:pyrogram.dispatcher:253:ERROR] name 'SELF_DELETE' is not defined
Traceback (most recent call last):
  File "/usr/local/lib/python3.10/dist-packages/pyrogram/dispatcher.py", line 240, in handler_worker
    await handler.callback(self.client, *args)
  File "/root/ANIMETOON/plugins/pm_filter.py", line 57, in give_filter
    await auto_filter(client, message)
  File "/root/ANIMETOON/plugins/pm_filter.py", line 759, in auto_filter
    if SELF_DELETE:
NameError: name 'SELF_DELETE' is not defined
[03/17/2026 12:22:03 PM:pyrogram.dispatcher:253:ERROR] name 'SELF_DELETE' is not defined
Traceback (most recent call last):
  File "/usr/local/lib/python3.10/dist-packages/pyrogram/dispatcher.py", line 240, in handler_worker
    await handler.callback(self.client, *args)
  File "/root/ANIMETOON/plugins/pm_filter.py", line 57, in give_filter
    await auto_filter(client, message)
  File "/root/ANIMETOON/plugins/pm_filter.py", line 759, in auto_filter
    if SELF_DELETE:
NameError: name 'SELF_DELETE' is not defined
[03/17/2026 12:42:12 PM:pyrogram.dispatcher:253:ERROR] not enough values to unpack (expected 3, got 0)
Traceback (most recent call last):
  File "/usr/local/lib/python3.10/dist-packages/pyrogram/dispatcher.py", line 240, in handler_worker
    await handler.callback(self.client, *args)
  File "/root/ANIMETOON/plugins/pm_filter.py", line 57, in give_filter
    await auto_filter(client, message)
  File "/root/ANIMETOON/plugins/pm_filter.py", line 647, in auto_filter
    files, offset, total_results = await get_search_results(search.lower(), offset=0, filter=True)
ValueError: not enough values to unpack (expected 3, got 0)
[03/17/2026 12:50:06 PM:pyrogram.dispatcher:253:ERROR] name 'SELF_DELETE' is not defined
Traceback (most recent call last):
  File "/usr/local/lib/python3.10/dist-packages/pyrogram/dispatcher.py", line 240, in handler_worker
    await handler.callback(self.client, *args)
  File "/root/ANIMETOON/plugins/pm_filter.py", line 57, in give_filter
    await auto_filter(client, message)
  File "/root/ANIMETOON/plugins/pm_filter.py", line 759, in auto_filter
    if SELF_DELETE:
NameError: name 'SELF_DELETE' is not defined
[03/17/2026 12:56:25 PM:pyrogram.dispatcher:253:ERROR] name 'SELF_DELETE' is not defined
Traceback (most recent call last):
  File "/usr/local/lib/python3.10/dist-packages/pyrogram/dispatcher.py", line 240, in handler_worker
    await handler.callback(self.client, *args)
  File "/root/ANIMETOON/plugins/pm_filter.py", line 57, in give_filter
    await auto_filter(client, message)
  File "/root/ANIMETOON/plugins/pm_filter.py", line 759, in auto_filter
    if SELF_DELETE:
NameError: name 'SELF_DELETE' is not defined
[03/17/2026 01:14:00 PM:pyrogram.dispatcher:253:ERROR] Telegram says: [500 RANDOM_ID_DUPLICATE] - You provided a random ID that was already used (caused by "messages.SendMessage")
Traceback (most recent call last):
  File "/usr/local/lib/python3.10/dist-packages/pyrogram/dispatcher.py", line 240, in handler_worker
    await handler.callback(self.client, *args)
  File "/root/ANIMETOON/plugins/pm_filter.py", line 57, in give_filter
    await auto_filter(client, message)
  File "/root/ANIMETOON/plugins/pm_filter.py", line 650, in auto_filter
    return await advantage_spell_chok(msg)
  File "/root/ANIMETOON/plugins/pm_filter.py", line 772, in advantage_spell_chok
    k = await msg.reply("I couldn't find any movie in that name.")
  File "/usr/local/lib/python3.10/dist-packages/pyrogram/types/messages_and_media/message.py", line 970, in reply_text
    return await self._client.send_message(
  File "/usr/local/lib/python3.10/dist-packages/pyrogram/methods/messages/send_message.py", line 126, in send_message
    r = await self.invoke(
  File "/usr/local/lib/python3.10/dist-packages/pyrogram/methods/advanced/invoke.py", line 79, in invoke
    r = await self.session.invoke(
  File "/usr/local/lib/python3.10/dist-packages/pyrogram/session/session.py", line 412, in invoke
    return await self.invoke(query, retries - 1, timeout)
  File "/usr/local/lib/python3.10/dist-packages/pyrogram/session/session.py", line 412, in invoke
    return await self.invoke(query, retries - 1, timeout)
  File "/usr/local/lib/python3.10/dist-packages/pyrogram/session/session.py", line 412, in invoke
    return await self.invoke(query, retries - 1, timeout)
  [Previous line repeated 7 more times]
  File "/usr/local/lib/python3.10/dist-packages/pyrogram/session/session.py", line 402, in invoke
    raise e from None
  File "/usr/local/lib/python3.10/dist-packages/pyrogram/session/session.py", line 389, in invoke
    return await self.send(query, timeout=timeout)
  File "/usr/local/lib/python3.10/dist-packages/pyrogram/session/session.py", line 357, in send
    RPCError.raise_it(result, type(data))
  File "/usr/local/lib/python3.10/dist-packages/pyrogram/errors/rpc_error.py", line 91, in raise_it
    raise getattr(
pyrogram.errors.exceptions.internal_server_error_500.RandomIdDuplicate: Telegram says: [500 RANDOM_ID_DUPLICATE] - You provided a random ID that was already used (caused by "messages.SendMessage")
[03/17/2026 01:28:38 PM:pyrogram.dispatcher:253:ERROR] name 'SELF_DELETE' is not defined
Traceback (most recent call last):
  File "/usr/local/lib/python3.10/dist-packages/pyrogram/dispatcher.py", line 240, in handler_worker
    await handler.callback(self.client, *args)
  File "/root/ANIMETOON/plugins/pm_filter.py", line 57, in give_filter
    await auto_filter(client, message)
  File "/root/ANIMETOON/plugins/pm_filter.py", line 759, in auto_filter
    if SELF_DELETE:
NameError: name 'SELF_DELETE' is not defined
[03/17/2026 01:31:23 PM:pyrogram.dispatcher:253:ERROR] name 'SELF_DELETE' is not defined
Traceback (most recent call last):
  File "/usr/local/lib/python3.10/dist-packages/pyrogram/dispatcher.py", line 240, in handler_worker
    await handler.callback(self.client, *args)
  File "/root/ANIMETOON/plugins/pm_filter.py", line 57, in give_filter
    await auto_filter(client, message)
  File "/root/ANIMETOON/plugins/pm_filter.py", line 759, in auto_filter
    if SELF_DELETE:
NameError: name 'SELF_DELETE' is not defined
[03/17/2026 01:38:34 PM:pyrogram.dispatcher:253:ERROR] name 'SELF_DELETE' is not defined
Traceback (most recent call last):
  File "/usr/local/lib/python3.10/dist-packages/pyrogram/dispatcher.py", line 240, in handler_worker
    await handler.callback(self.client, *args)
  File "/root/ANIMETOON/plugins/pm_filter.py", line 57, in give_filter
    await auto_filter(client, message)
  File "/root/ANIMETOON/plugins/pm_filter.py", line 759, in auto_filter
    if SELF_DELETE:
NameError: name 'SELF_DELETE' is not defined
[03/17/2026 02:02:59 PM:pyrogram.dispatcher:253:ERROR] 'NoneType' object has no attribute 'type'
Traceback (most recent call last):
  File "/usr/local/lib/python3.10/dist-packages/pyrogram/dispatcher.py", line 240, in handler_worker
    await handler.callback(self.client, *args)
  File "/root/ANIMETOON/plugins/index.py", line 63, in send_for_index
    elif message.forward_from_chat.type == enums.ChatType.CHANNEL:
AttributeError: 'NoneType' object has no attribute 'type'
[03/17/2026 02:10:41 PM:pyrogram.dispatcher:253:ERROR] name 'SELF_DELETE' is not defined
Traceback (most recent call last):
  File "/usr/local/lib/python3.10/dist-packages/pyrogram/dispatcher.py", line 240, in handler_worker
    await handler.callback(self.client, *args)
  File "/root/ANIMETOON/plugins/pm_filter.py", line 57, in give_filter
    await auto_filter(client, message)
  File "/root/ANIMETOON/plugins/pm_filter.py", line 759, in auto_filter
    if SELF_DELETE:
NameError: name 'SELF_DELETE' is not defined
[03/17/2026 02:19:37 PM:pyrogram.dispatcher:253:ERROR] name 'SELF_DELETE' is not defined
Traceback (most recent call last):
  File "/usr/local/lib/python3.10/dist-packages/pyrogram/dispatcher.py", line 240, in handler_worker
    await handler.callback(self.client, *args)
  File "/root/ANIMETOON/plugins/pm_filter.py", line 57, in give_filter
    await auto_filter(client, message)
  File "/root/ANIMETOON/plugins/pm_filter.py", line 759, in auto_filter
    if SELF_DELETE:
NameError: name 'SELF_DELETE' is not defined
[03/17/2026 02:37:49 PM:pyrogram.dispatcher:253:ERROR] name 'SELF_DELETE' is not defined
Traceback (most recent call last):
  File "/usr/local/lib/python3.10/dist-packages/pyrogram/dispatcher.py", line 240, in handler_worker
    await handler.callback(self.client, *args)
  File "/root/ANIMETOON/plugins/pm_filter.py", line 57, in give_filter
    await auto_filter(client, message)
  File "/root/ANIMETOON/plugins/pm_filter.py", line 759, in auto_filter
    if SELF_DELETE:
NameError: name 'SELF_DELETE' is not defined
[03/17/2026 02:38:53 PM:pyrogram.dispatcher:253:ERROR] name 'SELF_DELETE' is not defined
Traceback (most recent call last):
  File "/usr/local/lib/python3.10/dist-packages/pyrogram/dispatcher.py", line 240, in handler_worker
    await handler.callback(self.client, *args)
  File "/root/ANIMETOON/plugins/pm_filter.py", line 57, in give_filter
    await auto_filter(client, message)
  File "/root/ANIMETOON/plugins/pm_filter.py", line 759, in auto_filter
    if SELF_DELETE:
NameError: name 'SELF_DELETE' is not defined
[03/17/2026 02:39:46 PM:pyrogram.dispatcher:253:ERROR] name 'SELF_DELETE' is not defined
Traceback (most recent call last):
  File "/usr/local/lib/python3.10/dist-packages/pyrogram/dispatcher.py", line 240, in handler_worker
    await handler.callback(self.client, *args)
  File "/root/ANIMETOON/plugins/pm_filter.py", line 57, in give_filter
    await auto_filter(client, message)
  File "/root/ANIMETOON/plugins/pm_filter.py", line 759, in auto_filter
    if SELF_DELETE:
NameError: name 'SELF_DELETE' is not defined
[03/17/2026 02:39:59 PM:pyrogram.dispatcher:253:ERROR] name 'SELF_DELETE' is not defined
Traceback (most recent call last):
  File "/usr/local/lib/python3.10/dist-packages/pyrogram/dispatcher.py", line 240, in handler_worker
    await handler.callback(self.client, *args)
  File "/root/ANIMETOON/plugins/pm_filter.py", line 57, in give_filter
    await auto_filter(client, message)
  File "/root/ANIMETOON/plugins/pm_filter.py", line 759, in auto_filter
    if SELF_DELETE:
NameError: name 'SELF_DELETE' is not defined
[03/17/2026 02:40:31 PM:pyrogram.dispatcher:253:ERROR] name 'SELF_DELETE' is not defined
Traceback (most recent call last):
  File "/usr/local/lib/python3.10/dist-packages/pyrogram/dispatcher.py", line 240, in handler_worker
    await handler.callback(self.client, *args)
  File "/root/ANIMETOON/plugins/pm_filter.py", line 57, in give_filter
    await auto_filter(client, message)
  File "/root/ANIMETOON/plugins/pm_filter.py", line 759, in auto_filter
    if SELF_DELETE:
NameError: name 'SELF_DELETE' is not defined
[03/17/2026 02:44:12 PM:pyrogram.dispatcher:253:ERROR] name 'SELF_DELETE' is not defined
Traceback (most recent call last):
  File "/usr/local/lib/python3.10/dist-packages/pyrogram/dispatcher.py", line 240, in handler_worker
    await handler.callback(self.client, *args)
  File "/root/ANIMETOON/plugins/pm_filter.py", line 57, in give_filter
    await auto_filter(client, message)
  File "/root/ANIMETOON/plugins/pm_filter.py", line 759, in auto_filter
    if SELF_DELETE:
NameError: name 'SELF_DELETE' is not defined
[03/17/2026 02:46:16 PM:pyrogram.dispatcher:253:ERROR] name 'SELF_DELETE' is not defined
Traceback (most recent call last):
  File "/usr/local/lib/python3.10/dist-packages/pyrogram/dispatcher.py", line 240, in handler_worker
    await handler.callback(self.client, *args)
  File "/root/ANIMETOON/plugins/pm_filter.py", line 57, in give_filter
    await auto_filter(client, message)
  File "/root/ANIMETOON/plugins/pm_filter.py", line 759, in auto_filter
    if SELF_DELETE:
NameError: name 'SELF_DELETE' is not defined
[03/17/2026 03:03:17 PM:pyrogram.dispatcher:253:ERROR] name 'SELF_DELETE' is not defined
Traceback (most recent call last):
  File "/usr/local/lib/python3.10/dist-packages/pyrogram/dispatcher.py", line 240, in handler_worker
    await handler.callback(self.client, *args)
  File "/root/ANIMETOON/plugins/pm_filter.py", line 57, in give_filter
    await auto_filter(client, message)
  File "/root/ANIMETOON/plugins/pm_filter.py", line 759, in auto_filter
    if SELF_DELETE:
NameError: name 'SELF_DELETE' is not defined
[03/17/2026 03:07:36 PM:pyrogram.dispatcher:253:ERROR] name 'SELF_DELETE' is not defined
Traceback (most recent call last):
  File "/usr/local/lib/python3.10/dist-packages/pyrogram/dispatcher.py", line 240, in handler_worker
    await handler.callback(self.client, *args)
  File "/root/ANIMETOON/plugins/pm_filter.py", line 57, in give_filter
    await auto_filter(client, message)
  File "/root/ANIMETOON/plugins/pm_filter.py", line 759, in auto_filter
    if SELF_DELETE:
NameError: name 'SELF_DELETE' is not defined
[03/17/2026 03:07:58 PM:pyrogram.dispatcher:253:ERROR] name 'SELF_DELETE' is not defined
Traceback (most recent call last):
  File "/usr/local/lib/python3.10/dist-packages/pyrogram/dispatcher.py", line 240, in handler_worker
    await handler.callback(self.client, *args)
  File "/root/ANIMETOON/plugins/pm_filter.py", line 57, in give_filter
    await auto_filter(client, message)
  File "/root/ANIMETOON/plugins/pm_filter.py", line 759, in auto_filter
    if SELF_DELETE:
NameError: name 'SELF_DELETE' is not defined
[03/17/2026 03:08:21 PM:pyrogram.dispatcher:253:ERROR] name 'SELF_DELETE' is not defined
Traceback (most recent call last):
  File "/usr/local/lib/python3.10/dist-packages/pyrogram/dispatcher.py", line 240, in handler_worker
    await handler.callback(self.client, *args)
  File "/root/ANIMETOON/plugins/pm_filter.py", line 57, in give_filter
    await auto_filter(client, message)
  File "/root/ANIMETOON/plugins/pm_filter.py", line 759, in auto_filter
    if SELF_DELETE:
NameError: name 'SELF_DELETE' is not defined
[03/17/2026 03:08:43 PM:pyrogram.dispatcher:253:ERROR] name 'SELF_DELETE' is not defined
Traceback (most recent call last):
  File "/usr/local/lib/python3.10/dist-packages/pyrogram/dispatcher.py", line 240, in handler_worker
    await handler.callback(self.client, *args)
  File "/root/ANIMETOON/plugins/pm_filter.py", line 57, in give_filter
    await auto_filter(client, message)
  File "/root/ANIMETOON/plugins/pm_filter.py", line 759, in auto_filter
    if SELF_DELETE:
NameError: name 'SELF_DELETE' is not defined
[03/17/2026 03:09:04 PM:pyrogram.dispatcher:253:ERROR] name 'SELF_DELETE' is not defined
Traceback (most recent call last):
  File "/usr/local/lib/python3.10/dist-packages/pyrogram/dispatcher.py", line 240, in handler_worker
    await handler.callback(self.client, *args)
  File "/root/ANIMETOON/plugins/pm_filter.py", line 57, in give_filter
    await auto_filter(client, message)
  File "/root/ANIMETOON/plugins/pm_filter.py", line 759, in auto_filter
    if SELF_DELETE:
NameError: name 'SELF_DELETE' is not defined
[03/17/2026 03:09:22 PM:pyrogram.dispatcher:253:ERROR] name 'SELF_DELETE' is not defined
Traceback (most recent call last):
  File "/usr/local/lib/python3.10/dist-packages/pyrogram/dispatcher.py", line 240, in handler_worker
    await handler.callback(self.client, *args)
  File "/root/ANIMETOON/plugins/pm_filter.py", line 57, in give_filter
    await auto_filter(client, message)
  File "/root/ANIMETOON/plugins/pm_filter.py", line 759, in auto_filter
    if SELF_DELETE:
NameError: name 'SELF_DELETE' is not defined
[03/17/2026 03:12:46 PM:pyrogram.dispatcher:253:ERROR] name 'SELF_DELETE' is not defined
Traceback (most recent call last):
  File "/usr/local/lib/python3.10/dist-packages/pyrogram/dispatcher.py", line 240, in handler_worker
    await handler.callback(self.client, *args)
  File "/root/ANIMETOON/plugins/pm_filter.py", line 57, in give_filter
    await auto_filter(client, message)
  File "/root/ANIMETOON/plugins/pm_filter.py", line 759, in auto_filter
    if SELF_DELETE:
NameError: name 'SELF_DELETE' is not defined
[03/17/2026 03:22:24 PM:pyrogram.dispatcher:253:ERROR] name 'SELF_DELETE' is not defined
Traceback (most recent call last):
  File "/usr/local/lib/python3.10/dist-packages/pyrogram/dispatcher.py", line 240, in handler_worker
    await handler.callback(self.client, *args)
  File "/root/ANIMETOON/plugins/pm_filter.py", line 57, in give_filter
    await auto_filter(client, message)
  File "/root/ANIMETOON/plugins/pm_filter.py", line 759, in auto_filter
    if SELF_DELETE:
NameError: name 'SELF_DELETE' is not defined
[03/17/2026 03:22:56 PM:pyrogram.dispatcher:253:ERROR] name 'SELF_DELETE' is not defined
Traceback (most recent call last):
  File "/usr/local/lib/python3.10/dist-packages/pyrogram/dispatcher.py", line 240, in handler_worker
    await handler.callback(self.client, *args)
  File "/root/ANIMETOON/plugins/pm_filter.py", line 57, in give_filter
    await auto_filter(client, message)
  File "/root/ANIMETOON/plugins/pm_filter.py", line 759, in auto_filter
    if SELF_DELETE:
NameError: name 'SELF_DELETE' is not defined
[03/17/2026 03:23:33 PM:pyrogram.dispatcher:253:ERROR] name 'SELF_DELETE' is not defined
Traceback (most recent call last):
  File "/usr/local/lib/python3.10/dist-packages/pyrogram/dispatcher.py", line 240, in handler_worker
    await handler.callback(self.client, *args)
  File "/root/ANIMETOON/plugins/pm_filter.py", line 57, in give_filter
    await auto_filter(client, message)
  File "/root/ANIMETOON/plugins/pm_filter.py", line 759, in auto_filter
    if SELF_DELETE:
NameError: name 'SELF_DELETE' is not defined
[03/17/2026 03:25:14 PM:pyrogram.dispatcher:253:ERROR] Telegram says: [500 RANDOM_ID_DUPLICATE] - You provided a random ID that was already used (caused by "messages.SendMessage")
Traceback (most recent call last):
  File "/usr/local/lib/python3.10/dist-packages/pyrogram/dispatcher.py", line 240, in handler_worker
    await handler.callback(self.client, *args)
  File "/root/ANIMETOON/plugins/pm_filter.py", line 57, in give_filter
    await auto_filter(client, message)
  File "/root/ANIMETOON/plugins/pm_filter.py", line 650, in auto_filter
    return await advantage_spell_chok(msg)
  File "/root/ANIMETOON/plugins/pm_filter.py", line 772, in advantage_spell_chok
    k = await msg.reply("I couldn't find any movie in that name.")
  File "/usr/local/lib/python3.10/dist-packages/pyrogram/types/messages_and_media/message.py", line 970, in reply_text
    return await self._client.send_message(
  File "/usr/local/lib/python3.10/dist-packages/pyrogram/methods/messages/send_message.py", line 126, in send_message
    r = await self.invoke(
  File "/usr/local/lib/python3.10/dist-packages/pyrogram/methods/advanced/invoke.py", line 79, in invoke
    r = await self.session.invoke(
  File "/usr/local/lib/python3.10/dist-packages/pyrogram/session/session.py", line 412, in invoke
    return await self.invoke(query, retries - 1, timeout)
  File "/usr/local/lib/python3.10/dist-packages/pyrogram/session/session.py", line 412, in invoke
    return await self.invoke(query, retries - 1, timeout)
  File "/usr/local/lib/python3.10/dist-packages/pyrogram/session/session.py", line 412, in invoke
    return await self.invoke(query, retries - 1, timeout)
  [Previous line repeated 7 more times]
  File "/usr/local/lib/python3.10/dist-packages/pyrogram/session/session.py", line 402, in invoke
    raise e from None
  File "/usr/local/lib/python3.10/dist-packages/pyrogram/session/session.py", line 389, in invoke
    return await self.send(query, timeout=timeout)
  File "/usr/local/lib/python3.10/dist-packages/pyrogram/session/session.py", line 357, in send
    RPCError.raise_it(result, type(data))
  File "/usr/local/lib/python3.10/dist-packages/pyrogram/errors/rpc_error.py", line 91, in raise_it
    raise getattr(
pyrogram.errors.exceptions.internal_server_error_500.RandomIdDuplicate: Telegram says: [500 RANDOM_ID_DUPLICATE] - You provided a random ID that was already used (caused by "messages.SendMessage")
[03/17/2026 03:26:21 PM:pyrogram.dispatcher:253:ERROR] name 'SELF_DELETE' is not defined
Traceback (most recent call last):
  File "/usr/local/lib/python3.10/dist-packages/pyrogram/dispatcher.py", line 240, in handler_worker
    await handler.callback(self.client, *args)
  File "/root/ANIMETOON/plugins/pm_filter.py", line 57, in give_filter
    await auto_filter(client, message)
  File "/root/ANIMETOON/plugins/pm_filter.py", line 759, in auto_filter
    if SELF_DELETE:
NameError: name 'SELF_DELETE' is not defined
[03/17/2026 03:29:59 PM:pyrogram.dispatcher:253:ERROR] name 'SELF_DELETE' is not defined
Traceback (most recent call last):
  File "/usr/local/lib/python3.10/dist-packages/pyrogram/dispatcher.py", line 240, in handler_worker
    await handler.callback(self.client, *args)
  File "/root/ANIMETOON/plugins/pm_filter.py", line 57, in give_filter
    await auto_filter(client, message)
  File "/root/ANIMETOON/plugins/pm_filter.py", line 759, in auto_filter
    if SELF_DELETE:
NameError: name 'SELF_DELETE' is not defined
[03/17/2026 03:42:10 PM:pyrogram.dispatcher:253:ERROR] name 'SELF_DELETE' is not defined
Traceback (most recent call last):
  File "/usr/local/lib/python3.10/dist-packages/pyrogram/dispatcher.py", line 240, in handler_worker
    await handler.callback(self.client, *args)
  File "/root/ANIMETOON/plugins/pm_filter.py", line 57, in give_filter
    await auto_filter(client, message)
  File "/root/ANIMETOON/plugins/pm_filter.py", line 759, in auto_filter
    if SELF_DELETE:
NameError: name 'SELF_DELETE' is not defined
[03/17/2026 03:46:58 PM:pyrogram.dispatcher:253:ERROR] name 'SELF_DELETE' is not defined
Traceback (most recent call last):
  File "/usr/local/lib/python3.10/dist-packages/pyrogram/dispatcher.py", line 240, in handler_worker
    await handler.callback(self.client, *args)
  File "/root/ANIMETOON/plugins/pm_filter.py", line 57, in give_filter
    await auto_filter(client, message)
  File "/root/ANIMETOON/plugins/pm_filter.py", line 759, in auto_filter
    if SELF_DELETE:
NameError: name 'SELF_DELETE' is not defined
[03/17/2026 03:49:37 PM:pyrogram.dispatcher:253:ERROR] name 'SELF_DELETE' is not defined
Traceback (most recent call last):
  File "/usr/local/lib/python3.10/dist-packages/pyrogram/dispatcher.py", line 240, in handler_worker
    await handler.callback(self.client, *args)
  File "/root/ANIMETOON/plugins/pm_filter.py", line 57, in give_filter
    await auto_filter(client, message)
  File "/root/ANIMETOON/plugins/pm_filter.py", line 759, in auto_filter
    if SELF_DELETE:
NameError: name 'SELF_DELETE' is not defined
[03/17/2026 03:51:21 PM:pyrogram.dispatcher:253:ERROR] name 'SELF_DELETE' is not defined
Traceback (most recent call last):
  File "/usr/local/lib/python3.10/dist-packages/pyrogram/dispatcher.py", line 240, in handler_worker
    await handler.callback(self.client, *args)
  File "/root/ANIMETOON/plugins/pm_filter.py", line 57, in give_filter
    await auto_filter(client, message)
  File "/root/ANIMETOON/plugins/pm_filter.py", line 759, in auto_filter
    if SELF_DELETE:
NameError: name 'SELF_DELETE' is not defined
[03/17/2026 03:54:10 PM:pyrogram.dispatcher:253:ERROR] name 'SELF_DELETE' is not defined
Traceback (most recent call last):
  File "/usr/local/lib/python3.10/dist-packages/pyrogram/dispatcher.py", line 240, in handler_worker
    await handler.callback(self.client, *args)
  File "/root/ANIMETOON/plugins/pm_filter.py", line 57, in give_filter
    await auto_filter(client, message)
  File "/root/ANIMETOON/plugins/pm_filter.py", line 759, in auto_filter
    if SELF_DELETE:
NameError: name 'SELF_DELETE' is not defined
[03/17/2026 03:54:55 PM:pyrogram.dispatcher:253:ERROR] name 'SELF_DELETE' is not defined
Traceback (most recent call last):
  File "/usr/local/lib/python3.10/dist-packages/pyrogram/dispatcher.py", line 240, in handler_worker
    await handler.callback(self.client, *args)
  File "/root/ANIMETOON/plugins/pm_filter.py", line 57, in give_filter
    await auto_filter(client, message)
  File "/root/ANIMETOON/plugins/pm_filter.py", line 759, in auto_filter
    if SELF_DELETE:
NameError: name 'SELF_DELETE' is not defined
[03/17/2026 03:56:12 PM:pyrogram.dispatcher:253:ERROR] name 'SELF_DELETE' is not defined
Traceback (most recent call last):
  File "/usr/local/lib/python3.10/dist-packages/pyrogram/dispatcher.py", line 240, in handler_worker
    await handler.callback(self.client, *args)
  File "/root/ANIMETOON/plugins/pm_filter.py", line 57, in give_filter
    await auto_filter(client, message)
  File "/root/ANIMETOON/plugins/pm_filter.py", line 759, in auto_filter
    if SELF_DELETE:
NameError: name 'SELF_DELETE' is not defined
[03/17/2026 04:10:23 PM:pyrogram.dispatcher:253:ERROR] name 'SELF_DELETE' is not defined
Traceback (most recent call last):
  File "/usr/local/lib/python3.10/dist-packages/pyrogram/dispatcher.py", line 240, in handler_worker
    await handler.callback(self.client, *args)
  File "/root/ANIMETOON/plugins/pm_filter.py", line 57, in give_filter
    await auto_filter(client, message)
  File "/root/ANIMETOON/plugins/pm_filter.py", line 759, in auto_filter
    if SELF_DELETE:
NameError: name 'SELF_DELETE' is not defined
[03/17/2026 04:12:32 PM:pyrogram.dispatcher:253:ERROR] name 'SELF_DELETE' is not defined
Traceback (most recent call last):
  File "/usr/local/lib/python3.10/dist-packages/pyrogram/dispatcher.py", line 240, in handler_worker
    await handler.callback(self.client, *args)
  File "/root/ANIMETOON/plugins/pm_filter.py", line 57, in give_filter
    await auto_filter(client, message)
  File "/root/ANIMETOON/plugins/pm_filter.py", line 759, in auto_filter
    if SELF_DELETE:
NameError: name 'SELF_DELETE' is not defined
[03/17/2026 04:13:42 PM:pyrogram.dispatcher:253:ERROR] name 'SELF_DELETE' is not defined
Traceback (most recent call last):
  File "/usr/local/lib/python3.10/dist-packages/pyrogram/dispatcher.py", line 240, in handler_worker
    await handler.callback(self.client, *args)
  File "/root/ANIMETOON/plugins/pm_filter.py", line 57, in give_filter
    await auto_filter(client, message)
  File "/root/ANIMETOON/plugins/pm_filter.py", line 759, in auto_filter
    if SELF_DELETE:
NameError: name 'SELF_DELETE' is not defined
[03/17/2026 04:16:56 PM:pyrogram.dispatcher:253:ERROR] name 'SELF_DELETE' is not defined
Traceback (most recent call last):
  File "/usr/local/lib/python3.10/dist-packages/pyrogram/dispatcher.py", line 240, in handler_worker
    await handler.callback(self.client, *args)
  File "/root/ANIMETOON/plugins/pm_filter.py", line 57, in give_filter
    await auto_filter(client, message)
  File "/root/ANIMETOON/plugins/pm_filter.py", line 759, in auto_filter
    if SELF_DELETE:
NameError: name 'SELF_DELETE' is not defined
[03/17/2026 04:17:26 PM:pyrogram.dispatcher:253:ERROR] name 'SELF_DELETE' is not defined
Traceback (most recent call last):
  File "/usr/local/lib/python3.10/dist-packages/pyrogram/dispatcher.py", line 240, in handler_worker
    await handler.callback(self.client, *args)
  File "/root/ANIMETOON/plugins/pm_filter.py", line 57, in give_filter
    await auto_filter(client, message)
  File "/root/ANIMETOON/plugins/pm_filter.py", line 759, in auto_filter
    if SELF_DELETE:
NameError: name 'SELF_DELETE' is not defined
[03/17/2026 04:19:33 PM:pyrogram.dispatcher:253:ERROR] name 'SELF_DELETE' is not defined
Traceback (most recent call last):
  File "/usr/local/lib/python3.10/dist-packages/pyrogram/dispatcher.py", line 240, in handler_worker
    await handler.callback(self.client, *args)
  File "/root/ANIMETOON/plugins/pm_filter.py", line 57, in give_filter
    await auto_filter(client, message)
  File "/root/ANIMETOON/plugins/pm_filter.py", line 759, in auto_filter
    if SELF_DELETE:
NameError: name 'SELF_DELETE' is not defined
[03/17/2026 04:22:07 PM:pyrogram.dispatcher:253:ERROR] name 'SELF_DELETE' is not defined
Traceback (most recent call last):
  File "/usr/local/lib/python3.10/dist-packages/pyrogram/dispatcher.py", line 240, in handler_worker
    await handler.callback(self.client, *args)
  File "/root/ANIMETOON/plugins/pm_filter.py", line 57, in give_filter
    await auto_filter(client, message)
  File "/root/ANIMETOON/plugins/pm_filter.py", line 759, in auto_filter
    if SELF_DELETE:
NameError: name 'SELF_DELETE' is not defined
[03/17/2026 04:28:23 PM:pyrogram.dispatcher:253:ERROR] name 'SELF_DELETE' is not defined
Traceback (most recent call last):
  File "/usr/local/lib/python3.10/dist-packages/pyrogram/dispatcher.py", line 240, in handler_worker
    await handler.callback(self.client, *args)
  File "/root/ANIMETOON/plugins/pm_filter.py", line 57, in give_filter
    await auto_filter(client, message)
  File "/root/ANIMETOON/plugins/pm_filter.py", line 759, in auto_filter
    if SELF_DELETE:
NameError: name 'SELF_DELETE' is not defined
[03/17/2026 04:32:10 PM:pyrogram.dispatcher:253:ERROR] name 'SELF_DELETE' is not defined
Traceback (most recent call last):
  File "/usr/local/lib/python3.10/dist-packages/pyrogram/dispatcher.py", line 240, in handler_worker
    await handler.callback(self.client, *args)
  File "/root/ANIMETOON/plugins/pm_filter.py", line 57, in give_filter
    await auto_filter(client, message)
  File "/root/ANIMETOON/plugins/pm_filter.py", line 759, in auto_filter
    if SELF_DELETE:
NameError: name 'SELF_DELETE' is not defined
[03/17/2026 04:32:50 PM:pyrogram.dispatcher:253:ERROR] name 'SELF_DELETE' is not defined
Traceback (most recent call last):
  File "/usr/local/lib/python3.10/dist-packages/pyrogram/dispatcher.py", line 240, in handler_worker
    await handler.callback(self.client, *args)
  File "/root/ANIMETOON/plugins/pm_filter.py", line 57, in give_filter
    await auto_filter(client, message)
  File "/root/ANIMETOON/plugins/pm_filter.py", line 759, in auto_filter
    if SELF_DELETE:
NameError: name 'SELF_DELETE' is not defined
[03/17/2026 04:35:14 PM:pyrogram.dispatcher:253:ERROR] name 'SELF_DELETE' is not defined
Traceback (most recent call last):
  File "/usr/local/lib/python3.10/dist-packages/pyrogram/dispatcher.py", line 240, in handler_worker
    await handler.callback(self.client, *args)
  File "/root/ANIMETOON/plugins/pm_filter.py", line 57, in give_filter
    await auto_filter(client, message)
  File "/root/ANIMETOON/plugins/pm_filter.py", line 759, in auto_filter
    if SELF_DELETE:
NameError: name 'SELF_DELETE' is not defined
[03/17/2026 04:49:26 PM:pyrogram.dispatcher:253:ERROR] name 'SELF_DELETE' is not defined
Traceback (most recent call last):
  File "/usr/local/lib/python3.10/dist-packages/pyrogram/dispatcher.py", line 240, in handler_worker
    await handler.callback(self.client, *args)
  File "/root/ANIMETOON/plugins/pm_filter.py", line 57, in give_filter
    await auto_filter(client, message)
  File "/root/ANIMETOON/plugins/pm_filter.py", line 759, in auto_filter
    if SELF_DELETE:
NameError: name 'SELF_DELETE' is not defined
[03/17/2026 04:49:46 PM:pyrogram.dispatcher:253:ERROR] name 'SELF_DELETE' is not defined
Traceback (most recent call last):
  File "/usr/local/lib/python3.10/dist-packages/pyrogram/dispatcher.py", line 240, in handler_worker
    await handler.callback(self.client, *args)
  File "/root/ANIMETOON/plugins/pm_filter.py", line 57, in give_filter
    await auto_filter(client, message)
  File "/root/ANIMETOON/plugins/pm_filter.py", line 759, in auto_filter
    if SELF_DELETE:
NameError: name 'SELF_DELETE' is not defined
[03/17/2026 04:51:33 PM:pyrogram.dispatcher:253:ERROR] name 'SELF_DELETE' is not defined
Traceback (most recent call last):
  File "/usr/local/lib/python3.10/dist-packages/pyrogram/dispatcher.py", line 240, in handler_worker
    await handler.callback(self.client, *args)
  File "/root/ANIMETOON/plugins/pm_filter.py", line 57, in give_filter
    await auto_filter(client, message)
  File "/root/ANIMETOON/plugins/pm_filter.py", line 759, in auto_filter
    if SELF_DELETE:
NameError: name 'SELF_DELETE' is not defined
[03/17/2026 04:51:36 PM:pyrogram.dispatcher:253:ERROR] name 'SELF_DELETE' is not defined
Traceback (most recent call last):
  File "/usr/local/lib/python3.10/dist-packages/pyrogram/dispatcher.py", line 240, in handler_worker
    await handler.callback(self.client, *args)
  File "/root/ANIMETOON/plugins/pm_filter.py", line 57, in give_filter
    await auto_filter(client, message)
  File "/root/ANIMETOON/plugins/pm_filter.py", line 759, in auto_filter
    if SELF_DELETE:
NameError: name 'SELF_DELETE' is not defined
[03/17/2026 04:51:40 PM:pyrogram.dispatcher:253:ERROR] name 'SELF_DELETE' is not defined
Traceback (most recent call last):
  File "/usr/local/lib/python3.10/dist-packages/pyrogram/dispatcher.py", line 240, in handler_worker
    await handler.callback(self.client, *args)
  File "/root/ANIMETOON/plugins/pm_filter.py", line 57, in give_filter
    await auto_filter(client, message)
  File "/root/ANIMETOON/plugins/pm_filter.py", line 759, in auto_filter
    if SELF_DELETE:
NameError: name 'SELF_DELETE' is not defined
[03/17/2026 05:04:11 PM:pyrogram.dispatcher:253:ERROR] name 'SELF_DELETE' is not defined
Traceback (most recent call last):
  File "/usr/local/lib/python3.10/dist-packages/pyrogram/dispatcher.py", line 240, in handler_worker
    await handler.callback(self.client, *args)
  File "/root/ANIMETOON/plugins/pm_filter.py", line 57, in give_filter
    await auto_filter(client, message)
  File "/root/ANIMETOON/plugins/pm_filter.py", line 759, in auto_filter
    if SELF_DELETE:
NameError: name 'SELF_DELETE' is not defined
[03/17/2026 05:05:14 PM:pyrogram.dispatcher:253:ERROR] name 'SELF_DELETE' is not defined
Traceback (most recent call last):
  File "/usr/local/lib/python3.10/dist-packages/pyrogram/dispatcher.py", line 240, in handler_worker
    await handler.callback(self.client, *args)
  File "/root/ANIMETOON/plugins/pm_filter.py", line 57, in give_filter
    await auto_filter(client, message)
  File "/root/ANIMETOON/plugins/pm_filter.py", line 759, in auto_filter
    if SELF_DELETE:
NameError: name 'SELF_DELETE' is not defined
[03/17/2026 05:05:18 PM:pyrogram.dispatcher:253:ERROR] name 'SELF_DELETE' is not defined
Traceback (most recent call last):
  File "/usr/local/lib/python3.10/dist-packages/pyrogram/dispatcher.py", line 240, in handler_worker
    await handler.callback(self.client, *args)
  File "/root/ANIMETOON/plugins/pm_filter.py", line 57, in give_filter
    await auto_filter(client, message)
  File "/root/ANIMETOON/plugins/pm_filter.py", line 759, in auto_filter
    if SELF_DELETE:
NameError: name 'SELF_DELETE' is not defined
[03/17/2026 05:05:25 PM:pyrogram.dispatcher:253:ERROR] name 'SELF_DELETE' is not defined
Traceback (most recent call last):
  File "/usr/local/lib/python3.10/dist-packages/pyrogram/dispatcher.py", line 240, in handler_worker
    await handler.callback(self.client, *args)
  File "/root/ANIMETOON/plugins/pm_filter.py", line 57, in give_filter
    await auto_filter(client, message)
  File "/root/ANIMETOON/plugins/pm_filter.py", line 759, in auto_filter
    if SELF_DELETE:
NameError: name 'SELF_DELETE' is not defined
[03/17/2026 05:05:30 PM:pyrogram.dispatcher:253:ERROR] name 'SELF_DELETE' is not defined
Traceback (most recent call last):
  File "/usr/local/lib/python3.10/dist-packages/pyrogram/dispatcher.py", line 240, in handler_worker
    await handler.callback(self.client, *args)
  File "/root/ANIMETOON/plugins/pm_filter.py", line 57, in give_filter
    await auto_filter(client, message)
  File "/root/ANIMETOON/plugins/pm_filter.py", line 759, in auto_filter
    if SELF_DELETE:
NameError: name 'SELF_DELETE' is not defined
[03/17/2026 05:05:32 PM:pyrogram.dispatcher:253:ERROR] name 'SELF_DELETE' is not defined
Traceback (most recent call last):
  File "/usr/local/lib/python3.10/dist-packages/pyrogram/dispatcher.py", line 240, in handler_worker
    await handler.callback(self.client, *args)
  File "/root/ANIMETOON/plugins/pm_filter.py", line 57, in give_filter
    await auto_filter(client, message)
  File "/root/ANIMETOON/plugins/pm_filter.py", line 759, in auto_filter
    if SELF_DELETE:
NameError: name 'SELF_DELETE' is not defined
[03/17/2026 05:06:16 PM:pyrogram.dispatcher:253:ERROR] name 'SELF_DELETE' is not defined
Traceback (most recent call last):
  File "/usr/local/lib/python3.10/dist-packages/pyrogram/dispatcher.py", line 240, in handler_worker
    await handler.callback(self.client, *args)
  File "/root/ANIMETOON/plugins/pm_filter.py", line 57, in give_filter
    await auto_filter(client, message)
  File "/root/ANIMETOON/plugins/pm_filter.py", line 759, in auto_filter
    if SELF_DELETE:
NameError: name 'SELF_DELETE' is not defined
[03/17/2026 05:06:20 PM:pyrogram.dispatcher:253:ERROR] name 'SELF_DELETE' is not defined
Traceback (most recent call last):
  File "/usr/local/lib/python3.10/dist-packages/pyrogram/dispatcher.py", line 240, in handler_worker
    await handler.callback(self.client, *args)
  File "/root/ANIMETOON/plugins/pm_filter.py", line 57, in give_filter
    await auto_filter(client, message)
  File "/root/ANIMETOON/plugins/pm_filter.py", line 759, in auto_filter
    if SELF_DELETE:
NameError: name 'SELF_DELETE' is not defined
[03/17/2026 05:06:25 PM:pyrogram.dispatcher:253:ERROR] name 'SELF_DELETE' is not defined
Traceback (most recent call last):
  File "/usr/local/lib/python3.10/dist-packages/pyrogram/dispatcher.py", line 240, in handler_worker
    await handler.callback(self.client, *args)
  File "/root/ANIMETOON/plugins/pm_filter.py", line 57, in give_filter
    await auto_filter(client, message)
  File "/root/ANIMETOON/plugins/pm_filter.py", line 759, in auto_filter
    if SELF_DELETE:
NameError: name 'SELF_DELETE' is not defined
[03/17/2026 05:08:58 PM:pyrogram.dispatcher:253:ERROR] name 'SELF_DELETE' is not defined
Traceback (most recent call last):
  File "/usr/local/lib/python3.10/dist-packages/pyrogram/dispatcher.py", line 240, in handler_worker
    await handler.callback(self.client, *args)
  File "/root/ANIMETOON/plugins/pm_filter.py", line 57, in give_filter
    await auto_filter(client, message)
  File "/root/ANIMETOON/plugins/pm_filter.py", line 759, in auto_filter
    if SELF_DELETE:
NameError: name 'SELF_DELETE' is not defined
[03/17/2026 05:09:50 PM:pyrogram.dispatcher:253:ERROR] name 'SELF_DELETE' is not defined
Traceback (most recent call last):
  File "/usr/local/lib/python3.10/dist-packages/pyrogram/dispatcher.py", line 240, in handler_worker
    await handler.callback(self.client, *args)
  File "/root/ANIMETOON/plugins/pm_filter.py", line 57, in give_filter
    await auto_filter(client, message)
  File "/root/ANIMETOON/plugins/pm_filter.py", line 759, in auto_filter
    if SELF_DELETE:
NameError: name 'SELF_DELETE' is not defined
[03/17/2026 05:13:07 PM:pyrogram.dispatcher:253:ERROR] name 'SELF_DELETE' is not defined
Traceback (most recent call last):
  File "/usr/local/lib/python3.10/dist-packages/pyrogram/dispatcher.py", line 240, in handler_worker
    await handler.callback(self.client, *args)
  File "/root/ANIMETOON/plugins/pm_filter.py", line 57, in give_filter
    await auto_filter(client, message)
  File "/root/ANIMETOON/plugins/pm_filter.py", line 759, in auto_filter
    if SELF_DELETE:
NameError: name 'SELF_DELETE' is not defined
[03/17/2026 05:15:43 PM:pyrogram.dispatcher:253:ERROR] name 'SELF_DELETE' is not defined
Traceback (most recent call last):
  File "/usr/local/lib/python3.10/dist-packages/pyrogram/dispatcher.py", line 240, in handler_worker
    await handler.callback(self.client, *args)
  File "/root/ANIMETOON/plugins/pm_filter.py", line 57, in give_filter
    await auto_filter(client, message)
  File "/root/ANIMETOON/plugins/pm_filter.py", line 759, in auto_filter
    if SELF_DELETE:
NameError: name 'SELF_DELETE' is not defined
[03/17/2026 05:19:06 PM:pyrogram.dispatcher:253:ERROR] name 'SELF_DELETE' is not defined
Traceback (most recent call last):
  File "/usr/local/lib/python3.10/dist-packages/pyrogram/dispatcher.py", line 240, in handler_worker
    await handler.callback(self.client, *args)
  File "/root/ANIMETOON/plugins/pm_filter.py", line 57, in give_filter
    await auto_filter(client, message)
  File "/root/ANIMETOON/plugins/pm_filter.py", line 759, in auto_filter
    if SELF_DELETE:
NameError: name 'SELF_DELETE' is not defined
[03/17/2026 05:19:46 PM:pyrogram.dispatcher:253:ERROR] name 'SELF_DELETE' is not defined
Traceback (most recent call last):
  File "/usr/local/lib/python3.10/dist-packages/pyrogram/dispatcher.py", line 240, in handler_worker
    await handler.callback(self.client, *args)
  File "/root/ANIMETOON/plugins/pm_filter.py", line 57, in give_filter
    await auto_filter(client, message)
  File "/root/ANIMETOON/plugins/pm_filter.py", line 759, in auto_filter
    if SELF_DELETE:
NameError: name 'SELF_DELETE' is not defined
[03/17/2026 05:19:50 PM:pyrogram.dispatcher:253:ERROR] name 'SELF_DELETE' is not defined
Traceback (most recent call last):
  File "/usr/local/lib/python3.10/dist-packages/pyrogram/dispatcher.py", line 240, in handler_worker
    await handler.callback(self.client, *args)
  File "/root/ANIMETOON/plugins/pm_filter.py", line 57, in give_filter
    await auto_filter(client, message)
  File "/root/ANIMETOON/plugins/pm_filter.py", line 759, in auto_filter
    if SELF_DELETE:
NameError: name 'SELF_DELETE' is not defined
[03/17/2026 05:20:16 PM:pyrogram.dispatcher:253:ERROR] name 'SELF_DELETE' is not defined
Traceback (most recent call last):
  File "/usr/local/lib/python3.10/dist-packages/pyrogram/dispatcher.py", line 240, in handler_worker
    await handler.callback(self.client, *args)
  File "/root/ANIMETOON/plugins/pm_filter.py", line 57, in give_filter
    await auto_filter(client, message)
  File "/root/ANIMETOON/plugins/pm_filter.py", line 759, in auto_filter
    if SELF_DELETE:
NameError: name 'SELF_DELETE' is not defined
[03/17/2026 05:20:30 PM:pyrogram.dispatcher:253:ERROR] name 'SELF_DELETE' is not defined
Traceback (most recent call last):
  File "/usr/local/lib/python3.10/dist-packages/pyrogram/dispatcher.py", line 240, in handler_worker
    await handler.callback(self.client, *args)
  File "/root/ANIMETOON/plugins/pm_filter.py", line 57, in give_filter
    await auto_filter(client, message)
  File "/root/ANIMETOON/plugins/pm_filter.py", line 759, in auto_filter
    if SELF_DELETE:
NameError: name 'SELF_DELETE' is not defined
[03/17/2026 05:20:44 PM:pyrogram.dispatcher:253:ERROR] name 'SELF_DELETE' is not defined
Traceback (most recent call last):
  File "/usr/local/lib/python3.10/dist-packages/pyrogram/dispatcher.py", line 240, in handler_worker
    await handler.callback(self.client, *args)
  File "/root/ANIMETOON/plugins/pm_filter.py", line 57, in give_filter
    await auto_filter(client, message)
  File "/root/ANIMETOON/plugins/pm_filter.py", line 759, in auto_filter
    if SELF_DELETE:
NameError: name 'SELF_DELETE' is not defined
[03/17/2026 05:24:31 PM:pyrogram.dispatcher:253:ERROR] name 'SELF_DELETE' is not defined
Traceback (most recent call last):
  File "/usr/local/lib/python3.10/dist-packages/pyrogram/dispatcher.py", line 240, in handler_worker
    await handler.callback(self.client, *args)
  File "/root/ANIMETOON/plugins/pm_filter.py", line 57, in give_filter
    await auto_filter(client, message)
  File "/root/ANIMETOON/plugins/pm_filter.py", line 759, in auto_filter
    if SELF_DELETE:
NameError: name 'SELF_DELETE' is not defined
[03/17/2026 05:26:29 PM:pyrogram.dispatcher:253:ERROR] name 'SELF_DELETE' is not defined
Traceback (most recent call last):
  File "/usr/local/lib/python3.10/dist-packages/pyrogram/dispatcher.py", line 240, in handler_worker
    await handler.callback(self.client, *args)
  File "/root/ANIMETOON/plugins/pm_filter.py", line 57, in give_filter
    await auto_filter(client, message)
  File "/root/ANIMETOON/plugins/pm_filter.py", line 759, in auto_filter
    if SELF_DELETE:
NameError: name 'SELF_DELETE' is not defined
[03/17/2026 05:27:05 PM:pyrogram.dispatcher:253:ERROR] name 'SELF_DELETE' is not defined
Traceback (most recent call last):
  File "/usr/local/lib/python3.10/dist-packages/pyrogram/dispatcher.py", line 240, in handler_worker
    await handler.callback(self.client, *args)
  File "/root/ANIMETOON/plugins/pm_filter.py", line 57, in give_filter
    await auto_filter(client, message)
  File "/root/ANIMETOON/plugins/pm_filter.py", line 759, in auto_filter
    if SELF_DELETE:
NameError: name 'SELF_DELETE' is not defined
[03/17/2026 05:27:25 PM:pyrogram.dispatcher:253:ERROR] name 'SELF_DELETE' is not defined
Traceback (most recent call last):
  File "/usr/local/lib/python3.10/dist-packages/pyrogram/dispatcher.py", line 240, in handler_worker
    await handler.callback(self.client, *args)
  File "/root/ANIMETOON/plugins/pm_filter.py", line 57, in give_filter
    await auto_filter(client, message)
  File "/root/ANIMETOON/plugins/pm_filter.py", line 759, in auto_filter
    if SELF_DELETE:
NameError: name 'SELF_DELETE' is not defined
[03/17/2026 05:29:21 PM:pyrogram.dispatcher:253:ERROR] name 'SELF_DELETE' is not defined
Traceback (most recent call last):
  File "/usr/local/lib/python3.10/dist-packages/pyrogram/dispatcher.py", line 240, in handler_worker
    await handler.callback(self.client, *args)
  File "/root/ANIMETOON/plugins/pm_filter.py", line 57, in give_filter
    await auto_filter(client, message)
  File "/root/ANIMETOON/plugins/pm_filter.py", line 759, in auto_filter
    if SELF_DELETE:
NameError: name 'SELF_DELETE' is not defined
[03/17/2026 05:33:33 PM:pyrogram.dispatcher:253:ERROR] name 'SELF_DELETE' is not defined
Traceback (most recent call last):
  File "/usr/local/lib/python3.10/dist-packages/pyrogram/dispatcher.py", line 240, in handler_worker
    await handler.callback(self.client, *args)
  File "/root/ANIMETOON/plugins/pm_filter.py", line 57, in give_filter
    await auto_filter(client, message)
  File "/root/ANIMETOON/plugins/pm_filter.py", line 759, in auto_filter
    if SELF_DELETE:
NameError: name 'SELF_DELETE' is not defined
[03/17/2026 05:34:13 PM:pyrogram.dispatcher:253:ERROR] name 'SELF_DELETE' is not defined
Traceback (most recent call last):
  File "/usr/local/lib/python3.10/dist-packages/pyrogram/dispatcher.py", line 240, in handler_worker
    await handler.callback(self.client, *args)
  File "/root/ANIMETOON/plugins/pm_filter.py", line 57, in give_filter
    await auto_filter(client, message)
  File "/root/ANIMETOON/plugins/pm_filter.py", line 759, in auto_filter
    if SELF_DELETE:
NameError: name 'SELF_DELETE' is not defined
[03/17/2026 05:35:54 PM:pyrogram.dispatcher:253:ERROR] name 'SELF_DELETE' is not defined
Traceback (most recent call last):
  File "/usr/local/lib/python3.10/dist-packages/pyrogram/dispatcher.py", line 240, in handler_worker
    await handler.callback(self.client, *args)
  File "/root/ANIMETOON/plugins/pm_filter.py", line 57, in give_filter
    await auto_filter(client, message)
  File "/root/ANIMETOON/plugins/pm_filter.py", line 759, in auto_filter
    if SELF_DELETE:
NameError: name 'SELF_DELETE' is not defined
[03/17/2026 05:40:15 PM:pyrogram.dispatcher:253:ERROR] name 'SELF_DELETE' is not defined
Traceback (most recent call last):
  File "/usr/local/lib/python3.10/dist-packages/pyrogram/dispatcher.py", line 240, in handler_worker
    await handler.callback(self.client, *args)
  File "/root/ANIMETOON/plugins/pm_filter.py", line 57, in give_filter
    await auto_filter(client, message)
  File "/root/ANIMETOON/plugins/pm_filter.py", line 759, in auto_filter
    if SELF_DELETE:
NameError: name 'SELF_DELETE' is not defined
[03/17/2026 05:40:36 PM:pyrogram.dispatcher:253:ERROR] name 'SELF_DELETE' is not defined
Traceback (most recent call last):
  File "/usr/local/lib/python3.10/dist-packages/pyrogram/dispatcher.py", line 240, in handler_worker
    await handler.callback(self.client, *args)
  File "/root/ANIMETOON/plugins/pm_filter.py", line 57, in give_filter
    await auto_filter(client, message)
  File "/root/ANIMETOON/plugins/pm_filter.py", line 759, in auto_filter
    if SELF_DELETE:
NameError: name 'SELF_DELETE' is not defined
[03/17/2026 05:43:30 PM:pyrogram.dispatcher:253:ERROR] name 'SELF_DELETE' is not defined
Traceback (most recent call last):
  File "/usr/local/lib/python3.10/dist-packages/pyrogram/dispatcher.py", line 240, in handler_worker
    await handler.callback(self.client, *args)
  File "/root/ANIMETOON/plugins/pm_filter.py", line 57, in give_filter
    await auto_filter(client, message)
  File "/root/ANIMETOON/plugins/pm_filter.py", line 759, in auto_filter
    if SELF_DELETE:
NameError: name 'SELF_DELETE' is not defined
[03/17/2026 05:44:09 PM:pyrogram.dispatcher:253:ERROR] name 'SELF_DELETE' is not defined
Traceback (most recent call last):
  File "/usr/local/lib/python3.10/dist-packages/pyrogram/dispatcher.py", line 240, in handler_worker
    await handler.callback(self.client, *args)
  File "/root/ANIMETOON/plugins/pm_filter.py", line 57, in give_filter
    await auto_filter(client, message)
  File "/root/ANIMETOON/plugins/pm_filter.py", line 759, in auto_filter
    if SELF_DELETE:
NameError: name 'SELF_DELETE' is not defined
[03/17/2026 05:44:38 PM:pyrogram.dispatcher:253:ERROR] name 'SELF_DELETE' is not defined
Traceback (most recent call last):
  File "/usr/local/lib/python3.10/dist-packages/pyrogram/dispatcher.py", line 240, in handler_worker
    await handler.callback(self.client, *args)
  File "/root/ANIMETOON/plugins/pm_filter.py", line 57, in give_filter
    await auto_filter(client, message)
  File "/root/ANIMETOON/plugins/pm_filter.py", line 759, in auto_filter
    if SELF_DELETE:
NameError: name 'SELF_DELETE' is not defined
[03/17/2026 05:45:23 PM:pyrogram.dispatcher:253:ERROR] name 'SELF_DELETE' is not defined
Traceback (most recent call last):
  File "/usr/local/lib/python3.10/dist-packages/pyrogram/dispatcher.py", line 240, in handler_worker
    await handler.callback(self.client, *args)
  File "/root/ANIMETOON/plugins/pm_filter.py", line 57, in give_filter
    await auto_filter(client, message)
  File "/root/ANIMETOON/plugins/pm_filter.py", line 759, in auto_filter
    if SELF_DELETE:
NameError: name 'SELF_DELETE' is not defined
[03/17/2026 05:45:55 PM:pyrogram.dispatcher:253:ERROR] name 'SELF_DELETE' is not defined
Traceback (most recent call last):
  File "/usr/local/lib/python3.10/dist-packages/pyrogram/dispatcher.py", line 240, in handler_worker
    await handler.callback(self.client, *args)
  File "/root/ANIMETOON/plugins/pm_filter.py", line 57, in give_filter
    await auto_filter(client, message)
  File "/root/ANIMETOON/plugins/pm_filter.py", line 759, in auto_filter
    if SELF_DELETE:
NameError: name 'SELF_DELETE' is not defined
[03/17/2026 05:46:54 PM:pyrogram.dispatcher:253:ERROR] name 'SELF_DELETE' is not defined
Traceback (most recent call last):
  File "/usr/local/lib/python3.10/dist-packages/pyrogram/dispatcher.py", line 240, in handler_worker
    await handler.callback(self.client, *args)
  File "/root/ANIMETOON/plugins/pm_filter.py", line 57, in give_filter
    await auto_filter(client, message)
  File "/root/ANIMETOON/plugins/pm_filter.py", line 759, in auto_filter
    if SELF_DELETE:
NameError: name 'SELF_DELETE' is not defined
[03/17/2026 05:51:19 PM:pyrogram.dispatcher:253:ERROR] name 'SELF_DELETE' is not defined
Traceback (most recent call last):
  File "/usr/local/lib/python3.10/dist-packages/pyrogram/dispatcher.py", line 240, in handler_worker
    await handler.callback(self.client, *args)
  File "/root/ANIMETOON/plugins/pm_filter.py", line 57, in give_filter
    await auto_filter(client, message)
  File "/root/ANIMETOON/plugins/pm_filter.py", line 759, in auto_filter
    if SELF_DELETE:
NameError: name 'SELF_DELETE' is not defined
[03/17/2026 06:06:55 PM:pyrogram.dispatcher:253:ERROR] name 'SELF_DELETE' is not defined
Traceback (most recent call last):
  File "/usr/local/lib/python3.10/dist-packages/pyrogram/dispatcher.py", line 240, in handler_worker
    await handler.callback(self.client, *args)
  File "/root/ANIMETOON/plugins/pm_filter.py", line 57, in give_filter
    await auto_filter(client, message)
  File "/root/ANIMETOON/plugins/pm_filter.py", line 759, in auto_filter
    if SELF_DELETE:
NameError: name 'SELF_DELETE' is not defined
[03/17/2026 06:07:25 PM:pyrogram.dispatcher:253:ERROR] name 'SELF_DELETE' is not defined
Traceback (most recent call last):
  File "/usr/local/lib/python3.10/dist-packages/pyrogram/dispatcher.py", line 240, in handler_worker
    await handler.callback(self.client, *args)
  File "/root/ANIMETOON/plugins/pm_filter.py", line 57, in give_filter
    await auto_filter(client, message)
  File "/root/ANIMETOON/plugins/pm_filter.py", line 759, in auto_filter
    if SELF_DELETE:
NameError: name 'SELF_DELETE' is not defined
[03/17/2026 06:20:13 PM:pyrogram.dispatcher:253:ERROR] name 'SELF_DELETE' is not defined
Traceback (most recent call last):
  File "/usr/local/lib/python3.10/dist-packages/pyrogram/dispatcher.py", line 240, in handler_worker
    await handler.callback(self.client, *args)
  File "/root/ANIMETOON/plugins/pm_filter.py", line 57, in give_filter
    await auto_filter(client, message)
  File "/root/ANIMETOON/plugins/pm_filter.py", line 759, in auto_filter
    if SELF_DELETE:
NameError: name 'SELF_DELETE' is not defined
[03/17/2026 06:20:49 PM:pyrogram.dispatcher:253:ERROR] name 'SELF_DELETE' is not defined
Traceback (most recent call last):
  File "/usr/local/lib/python3.10/dist-packages/pyrogram/dispatcher.py", line 240, in handler_worker
    await handler.callback(self.client, *args)
  File "/root/ANIMETOON/plugins/pm_filter.py", line 57, in give_filter
    await auto_filter(client, message)
  File "/root/ANIMETOON/plugins/pm_filter.py", line 759, in auto_filter
    if SELF_DELETE:
NameError: name 'SELF_DELETE' is not defined
[03/17/2026 06:20:57 PM:pyrogram.dispatcher:253:ERROR] name 'SELF_DELETE' is not defined
Traceback (most recent call last):
  File "/usr/local/lib/python3.10/dist-packages/pyrogram/dispatcher.py", line 240, in handler_worker
    await handler.callback(self.client, *args)
  File "/root/ANIMETOON/plugins/pm_filter.py", line 57, in give_filter
    await auto_filter(client, message)
  File "/root/ANIMETOON/plugins/pm_filter.py", line 759, in auto_filter
    if SELF_DELETE:
NameError: name 'SELF_DELETE' is not defined
[03/17/2026 06:21:51 PM:pyrogram.dispatcher:253:ERROR] name 'SELF_DELETE' is not defined
Traceback (most recent call last):
  File "/usr/local/lib/python3.10/dist-packages/pyrogram/dispatcher.py", line 240, in handler_worker
    await handler.callback(self.client, *args)
  File "/root/ANIMETOON/plugins/pm_filter.py", line 57, in give_filter
    await auto_filter(client, message)
  File "/root/ANIMETOON/plugins/pm_filter.py", line 759, in auto_filter
    if SELF_DELETE:
NameError: name 'SELF_DELETE' is not defined
[03/17/2026 06:29:50 PM:pyrogram.dispatcher:253:ERROR] name 'SELF_DELETE' is not defined
Traceback (most recent call last):
  File "/usr/local/lib/python3.10/dist-packages/pyrogram/dispatcher.py", line 240, in handler_worker
    await handler.callback(self.client, *args)
  File "/root/ANIMETOON/plugins/pm_filter.py", line 57, in give_filter
    await auto_filter(client, message)
  File "/root/ANIMETOON/plugins/pm_filter.py", line 759, in auto_filter
    if SELF_DELETE:
NameError: name 'SELF_DELETE' is not defined
[03/17/2026 06:31:52 PM:pyrogram.dispatcher:253:ERROR] name 'SELF_DELETE' is not defined
Traceback (most recent call last):
  File "/usr/local/lib/python3.10/dist-packages/pyrogram/dispatcher.py", line 240, in handler_worker
    await handler.callback(self.client, *args)
  File "/root/ANIMETOON/plugins/pm_filter.py", line 57, in give_filter
    await auto_filter(client, message)
  File "/root/ANIMETOON/plugins/pm_filter.py", line 759, in auto_filter
    if SELF_DELETE:
NameError: name 'SELF_DELETE' is not defined
[03/17/2026 06:39:44 PM:pyrogram.dispatcher:253:ERROR] name 'SELF_DELETE' is not defined
Traceback (most recent call last):
  File "/usr/local/lib/python3.10/dist-packages/pyrogram/dispatcher.py", line 240, in handler_worker
    await handler.callback(self.client, *args)
  File "/root/ANIMETOON/plugins/pm_filter.py", line 57, in give_filter
    await auto_filter(client, message)
  File "/root/ANIMETOON/plugins/pm_filter.py", line 759, in auto_filter
    if SELF_DELETE:
NameError: name 'SELF_DELETE' is not defined
[03/17/2026 06:42:09 PM:pyrogram.dispatcher:253:ERROR] name 'SELF_DELETE' is not defined
Traceback (most recent call last):
  File "/usr/local/lib/python3.10/dist-packages/pyrogram/dispatcher.py", line 240, in handler_worker
    await handler.callback(self.client, *args)
  File "/root/ANIMETOON/plugins/pm_filter.py", line 57, in give_filter
    await auto_filter(client, message)
  File "/root/ANIMETOON/plugins/pm_filter.py", line 759, in auto_filter
    if SELF_DELETE:
NameError: name 'SELF_DELETE' is not defined
[03/17/2026 06:42:36 PM:pyrogram.dispatcher:253:ERROR] name 'SELF_DELETE' is not defined
Traceback (most recent call last):
  File "/usr/local/lib/python3.10/dist-packages/pyrogram/dispatcher.py", line 240, in handler_worker
    await handler.callback(self.client, *args)
  File "/root/ANIMETOON/plugins/pm_filter.py", line 57, in give_filter
    await auto_filter(client, message)
  File "/root/ANIMETOON/plugins/pm_filter.py", line 759, in auto_filter
    if SELF_DELETE:
NameError: name 'SELF_DELETE' is not defined
[03/17/2026 06:44:42 PM:pyrogram.dispatcher:253:ERROR] name 'SELF_DELETE' is not defined
Traceback (most recent call last):
  File "/usr/local/lib/python3.10/dist-packages/pyrogram/dispatcher.py", line 240, in handler_worker
    await handler.callback(self.client, *args)
  File "/root/ANIMETOON/plugins/pm_filter.py", line 57, in give_filter
    await auto_filter(client, message)
  File "/root/ANIMETOON/plugins/pm_filter.py", line 759, in auto_filter
    if SELF_DELETE:
NameError: name 'SELF_DELETE' is not defined
[03/17/2026 06:54:07 PM:pyrogram.dispatcher:253:ERROR] name 'SELF_DELETE' is not defined
Traceback (most recent call last):
  File "/usr/local/lib/python3.10/dist-packages/pyrogram/dispatcher.py", line 240, in handler_worker
    await handler.callback(self.client, *args)
  File "/root/ANIMETOON/plugins/pm_filter.py", line 57, in give_filter
    await auto_filter(client, message)
  File "/root/ANIMETOON/plugins/pm_filter.py", line 759, in auto_filter
    if SELF_DELETE:
NameError: name 'SELF_DELETE' is not defined
[03/17/2026 06:55:39 PM:pyrogram.dispatcher:253:ERROR] name 'SELF_DELETE' is not defined
Traceback (most recent call last):
  File "/usr/local/lib/python3.10/dist-packages/pyrogram/dispatcher.py", line 240, in handler_worker
    await handler.callback(self.client, *args)
  File "/root/ANIMETOON/plugins/pm_filter.py", line 57, in give_filter
    await auto_filter(client, message)
  File "/root/ANIMETOON/plugins/pm_filter.py", line 759, in auto_filter
    if SELF_DELETE:
NameError: name 'SELF_DELETE' is not defined
[03/17/2026 06:59:49 PM:pyrogram.dispatcher:253:ERROR] name 'SELF_DELETE' is not defined
Traceback (most recent call last):
  File "/usr/local/lib/python3.10/dist-packages/pyrogram/dispatcher.py", line 240, in handler_worker
    await handler.callback(self.client, *args)
  File "/root/ANIMETOON/plugins/pm_filter.py", line 57, in give_filter
    await auto_filter(client, message)
  File "/root/ANIMETOON/plugins/pm_filter.py", line 759, in auto_filter
    if SELF_DELETE:
NameError: name 'SELF_DELETE' is not defined
[03/17/2026 07:02:21 PM:pyrogram.dispatcher:253:ERROR] name 'SELF_DELETE' is not defined
Traceback (most recent call last):
  File "/usr/local/lib/python3.10/dist-packages/pyrogram/dispatcher.py", line 240, in handler_worker
    await handler.callback(self.client, *args)
  File "/root/ANIMETOON/plugins/pm_filter.py", line 57, in give_filter
    await auto_filter(client, message)
  File "/root/ANIMETOON/plugins/pm_filter.py", line 759, in auto_filter
    if SELF_DELETE:
NameError: name 'SELF_DELETE' is not defined
[03/17/2026 07:20:14 PM:pyrogram.dispatcher:253:ERROR] name 'SELF_DELETE' is not defined
Traceback (most recent call last):
  File "/usr/local/lib/python3.10/dist-packages/pyrogram/dispatcher.py", line 240, in handler_worker
    await handler.callback(self.client, *args)
  File "/root/ANIMETOON/plugins/pm_filter.py", line 57, in give_filter
    await auto_filter(client, message)
  File "/root/ANIMETOON/plugins/pm_filter.py", line 759, in auto_filter
    if SELF_DELETE:
NameError: name 'SELF_DELETE' is not defined
[03/17/2026 07:20:15 PM:pyrogram.dispatcher:253:ERROR] name 'SELF_DELETE' is not defined
Traceback (most recent call last):
  File "/usr/local/lib/python3.10/dist-packages/pyrogram/dispatcher.py", line 240, in handler_worker
    await handler.callback(self.client, *args)
  File "/root/ANIMETOON/plugins/pm_filter.py", line 57, in give_filter
    await auto_filter(client, message)
  File "/root/ANIMETOON/plugins/pm_filter.py", line 759, in auto_filter
    if SELF_DELETE:
NameError: name 'SELF_DELETE' is not defined
[03/17/2026 07:28:16 PM:pyrogram.dispatcher:253:ERROR] name 'SELF_DELETE' is not defined
Traceback (most recent call last):
  File "/usr/local/lib/python3.10/dist-packages/pyrogram/dispatcher.py", line 240, in handler_worker
    await handler.callback(self.client, *args)
  File "/root/ANIMETOON/plugins/pm_filter.py", line 57, in give_filter
    await auto_filter(client, message)
  File "/root/ANIMETOON/plugins/pm_filter.py", line 759, in auto_filter
    if SELF_DELETE:
NameError: name 'SELF_DELETE' is not defined
[03/17/2026 07:31:04 PM:pyrogram.dispatcher:253:ERROR] name 'SELF_DELETE' is not defined
Traceback (most recent call last):
  File "/usr/local/lib/python3.10/dist-packages/pyrogram/dispatcher.py", line 240, in handler_worker
    await handler.callback(self.client, *args)
  File "/root/ANIMETOON/plugins/pm_filter.py", line 57, in give_filter
    await auto_filter(client, message)
  File "/root/ANIMETOON/plugins/pm_filter.py", line 759, in auto_filter
    if SELF_DELETE:
NameError: name 'SELF_DELETE' is not defined
[03/17/2026 07:37:28 PM:pyrogram.dispatcher:253:ERROR] name 'SELF_DELETE' is not defined
Traceback (most recent call last):
  File "/usr/local/lib/python3.10/dist-packages/pyrogram/dispatcher.py", line 240, in handler_worker
    await handler.callback(self.client, *args)
  File "/root/ANIMETOON/plugins/pm_filter.py", line 57, in give_filter
    await auto_filter(client, message)
  File "/root/ANIMETOON/plugins/pm_filter.py", line 759, in auto_filter
    if SELF_DELETE:
NameError: name 'SELF_DELETE' is not defined
[03/17/2026 07:39:42 PM:pyrogram.dispatcher:253:ERROR] name 'SELF_DELETE' is not defined
Traceback (most recent call last):
  File "/usr/local/lib/python3.10/dist-packages/pyrogram/dispatcher.py", line 240, in handler_worker
    await handler.callback(self.client, *args)
  File "/root/ANIMETOON/plugins/pm_filter.py", line 57, in give_filter
    await auto_filter(client, message)
  File "/root/ANIMETOON/plugins/pm_filter.py", line 759, in auto_filter
    if SELF_DELETE:
NameError: name 'SELF_DELETE' is not defined
[03/17/2026 07:48:34 PM:pyrogram.dispatcher:253:ERROR] name 'SELF_DELETE' is not defined
Traceback (most recent call last):
  File "/usr/local/lib/python3.10/dist-packages/pyrogram/dispatcher.py", line 240, in handler_worker
    await handler.callback(self.client, *args)
  File "/root/ANIMETOON/plugins/pm_filter.py", line 57, in give_filter
    await auto_filter(client, message)
  File "/root/ANIMETOON/plugins/pm_filter.py", line 759, in auto_filter
    if SELF_DELETE:
NameError: name 'SELF_DELETE' is not defined
[03/17/2026 08:09:15 PM:pyrogram.dispatcher:253:ERROR] name 'SELF_DELETE' is not defined
Traceback (most recent call last):
  File "/usr/local/lib/python3.10/dist-packages/pyrogram/dispatcher.py", line 240, in handler_worker
    await handler.callback(self.client, *args)
  File "/root/ANIMETOON/plugins/pm_filter.py", line 57, in give_filter
    await auto_filter(client, message)
  File "/root/ANIMETOON/plugins/pm_filter.py", line 759, in auto_filter
    if SELF_DELETE:
NameError: name 'SELF_DELETE' is not defined
[03/17/2026 08:11:59 PM:pyrogram.dispatcher:253:ERROR] name 'SELF_DELETE' is not defined
Traceback (most recent call last):
  File "/usr/local/lib/python3.10/dist-packages/pyrogram/dispatcher.py", line 240, in handler_worker
    await handler.callback(self.client, *args)
  File "/root/ANIMETOON/plugins/pm_filter.py", line 57, in give_filter
    await auto_filter(client, message)
  File "/root/ANIMETOON/plugins/pm_filter.py", line 759, in auto_filter
    if SELF_DELETE:
NameError: name 'SELF_DELETE' is not defined
[03/17/2026 08:15:07 PM:pyrogram.dispatcher:253:ERROR] name 'SELF_DELETE' is not defined
Traceback (most recent call last):
  File "/usr/local/lib/python3.10/dist-packages/pyrogram/dispatcher.py", line 240, in handler_worker
    await handler.callback(self.client, *args)
  File "/root/ANIMETOON/plugins/pm_filter.py", line 57, in give_filter
    await auto_filter(client, message)
  File "/root/ANIMETOON/plugins/pm_filter.py", line 759, in auto_filter
    if SELF_DELETE:
NameError: name 'SELF_DELETE' is not defined
[03/17/2026 08:16:54 PM:pyrogram.dispatcher:253:ERROR] name 'SELF_DELETE' is not defined
Traceback (most recent call last):
  File "/usr/local/lib/python3.10/dist-packages/pyrogram/dispatcher.py", line 240, in handler_worker
    await handler.callback(self.client, *args)
  File "/root/ANIMETOON/plugins/pm_filter.py", line 57, in give_filter
    await auto_filter(client, message)
  File "/root/ANIMETOON/plugins/pm_filter.py", line 759, in auto_filter
    if SELF_DELETE:
NameError: name 'SELF_DELETE' is not defined
[03/17/2026 08:23:43 PM:pyrogram.dispatcher:253:ERROR] name 'SELF_DELETE' is not defined
Traceback (most recent call last):
  File "/usr/local/lib/python3.10/dist-packages/pyrogram/dispatcher.py", line 240, in handler_worker
    await handler.callback(self.client, *args)
  File "/root/ANIMETOON/plugins/pm_filter.py", line 57, in give_filter
    await auto_filter(client, message)
  File "/root/ANIMETOON/plugins/pm_filter.py", line 759, in auto_filter
    if SELF_DELETE:
NameError: name 'SELF_DELETE' is not defined
[03/17/2026 08:37:15 PM:pyrogram.dispatcher:253:ERROR] name 'SELF_DELETE' is not defined
Traceback (most recent call last):
  File "/usr/local/lib/python3.10/dist-packages/pyrogram/dispatcher.py", line 240, in handler_worker
    await handler.callback(self.client, *args)
  File "/root/ANIMETOON/plugins/pm_filter.py", line 57, in give_filter
    await auto_filter(client, message)
  File "/root/ANIMETOON/plugins/pm_filter.py", line 759, in auto_filter
    if SELF_DELETE:
NameError: name 'SELF_DELETE' is not defined
[03/17/2026 08:41:48 PM:pyrogram.dispatcher:253:ERROR] name 'SELF_DELETE' is not defined
Traceback (most recent call last):
  File "/usr/local/lib/python3.10/dist-packages/pyrogram/dispatcher.py", line 240, in handler_worker
    await handler.callback(self.client, *args)
  File "/root/ANIMETOON/plugins/pm_filter.py", line 57, in give_filter
    await auto_filter(client, message)
  File "/root/ANIMETOON/plugins/pm_filter.py", line 759, in auto_filter
    if SELF_DELETE:
NameError: name 'SELF_DELETE' is not defined
[03/17/2026 09:03:28 PM:pyrogram.dispatcher:253:ERROR] name 'SELF_DELETE' is not defined
Traceback (most recent call last):
  File "/usr/local/lib/python3.10/dist-packages/pyrogram/dispatcher.py", line 240, in handler_worker
    await handler.callback(self.client, *args)
  File "/root/ANIMETOON/plugins/pm_filter.py", line 57, in give_filter
    await auto_filter(client, message)
  File "/root/ANIMETOON/plugins/pm_filter.py", line 759, in auto_filter
    if SELF_DELETE:
NameError: name 'SELF_DELETE' is not defined
[03/17/2026 09:08:57 PM:pyrogram.dispatcher:253:ERROR] name 'SELF_DELETE' is not defined
Traceback (most recent call last):
  File "/usr/local/lib/python3.10/dist-packages/pyrogram/dispatcher.py", line 240, in handler_worker
    await handler.callback(self.client, *args)
  File "/root/ANIMETOON/plugins/pm_filter.py", line 57, in give_filter
    await auto_filter(client, message)
  File "/root/ANIMETOON/plugins/pm_filter.py", line 759, in auto_filter
    if SELF_DELETE:
NameError: name 'SELF_DELETE' is not defined
[03/17/2026 09:09:45 PM:pyrogram.dispatcher:253:ERROR] name 'SELF_DELETE' is not defined
Traceback (most recent call last):
  File "/usr/local/lib/python3.10/dist-packages/pyrogram/dispatcher.py", line 240, in handler_worker
    await handler.callback(self.client, *args)
  File "/root/ANIMETOON/plugins/pm_filter.py", line 57, in give_filter
    await auto_filter(client, message)
  File "/root/ANIMETOON/plugins/pm_filter.py", line 759, in auto_filter
    if SELF_DELETE:
NameError: name 'SELF_DELETE' is not defined
[03/17/2026 09:18:58 PM:pyrogram.dispatcher:253:ERROR] name 'SELF_DELETE' is not defined
Traceback (most recent call last):
  File "/usr/local/lib/python3.10/dist-packages/pyrogram/dispatcher.py", line 240, in handler_worker
    await handler.callback(self.client, *args)
  File "/root/ANIMETOON/plugins/pm_filter.py", line 57, in give_filter
    await auto_filter(client, message)
  File "/root/ANIMETOON/plugins/pm_filter.py", line 759, in auto_filter
    if SELF_DELETE:
NameError: name 'SELF_DELETE' is not defined
[03/17/2026 09:29:13 PM:pyrogram.dispatcher:253:ERROR] name 'SELF_DELETE' is not defined
Traceback (most recent call last):
  File "/usr/local/lib/python3.10/dist-packages/pyrogram/dispatcher.py", line 240, in handler_worker
    await handler.callback(self.client, *args)
  File "/root/ANIMETOON/plugins/pm_filter.py", line 57, in give_filter
    await auto_filter(client, message)
  File "/root/ANIMETOON/plugins/pm_filter.py", line 759, in auto_filter
    if SELF_DELETE:
NameError: name 'SELF_DELETE' is not defined
[03/17/2026 09:35:18 PM:pyrogram.dispatcher:253:ERROR] name 'SELF_DELETE' is not defined
Traceback (most recent call last):
  File "/usr/local/lib/python3.10/dist-packages/pyrogram/dispatcher.py", line 240, in handler_worker
    await handler.callback(self.client, *args)
  File "/root/ANIMETOON/plugins/pm_filter.py", line 57, in give_filter
    await auto_filter(client, message)
  File "/root/ANIMETOON/plugins/pm_filter.py", line 759, in auto_filter
    if SELF_DELETE:
NameError: name 'SELF_DELETE' is not defined
[03/17/2026 10:04:18 PM:pyrogram.dispatcher:253:ERROR] name 'SELF_DELETE' is not defined
Traceback (most recent call last):
  File "/usr/local/lib/python3.10/dist-packages/pyrogram/dispatcher.py", line 240, in handler_worker
    await handler.callback(self.client, *args)
  File "/root/ANIMETOON/plugins/pm_filter.py", line 57, in give_filter
    await auto_filter(client, message)
  File "/root/ANIMETOON/plugins/pm_filter.py", line 759, in auto_filter
    if SELF_DELETE:
NameError: name 'SELF_DELETE' is not defined
[03/17/2026 10:04:26 PM:pyrogram.dispatcher:253:ERROR] name 'SELF_DELETE' is not defined
Traceback (most recent call last):
  File "/usr/local/lib/python3.10/dist-packages/pyrogram/dispatcher.py", line 240, in handler_worker
    await handler.callback(self.client, *args)
  File "/root/ANIMETOON/plugins/pm_filter.py", line 57, in give_filter
    await auto_filter(client, message)
  File "/root/ANIMETOON/plugins/pm_filter.py", line 759, in auto_filter
    if SELF_DELETE:
NameError: name 'SELF_DELETE' is not defined
[03/17/2026 10:04:29 PM:pyrogram.dispatcher:253:ERROR] name 'SELF_DELETE' is not defined
Traceback (most recent call last):
  File "/usr/local/lib/python3.10/dist-packages/pyrogram/dispatcher.py", line 240, in handler_worker
    await handler.callback(self.client, *args)
  File "/root/ANIMETOON/plugins/pm_filter.py", line 57, in give_filter
    await auto_filter(client, message)
  File "/root/ANIMETOON/plugins/pm_filter.py", line 759, in auto_filter
    if SELF_DELETE:
NameError: name 'SELF_DELETE' is not defined
[03/17/2026 10:17:07 PM:pyrogram.dispatcher:253:ERROR] name 'SELF_DELETE' is not defined
Traceback (most recent call last):
  File "/usr/local/lib/python3.10/dist-packages/pyrogram/dispatcher.py", line 240, in handler_worker
    await handler.callback(self.client, *args)
  File "/root/ANIMETOON/plugins/pm_filter.py", line 57, in give_filter
    await auto_filter(client, message)
  File "/root/ANIMETOON/plugins/pm_filter.py", line 759, in auto_filter
    if SELF_DELETE:
NameError: name 'SELF_DELETE' is not defined
[03/17/2026 10:47:04 PM:pyrogram.dispatcher:253:ERROR] name 'SELF_DELETE' is not defined
Traceback (most recent call last):
  File "/usr/local/lib/python3.10/dist-packages/pyrogram/dispatcher.py", line 240, in handler_worker
    await handler.callback(self.client, *args)
  File "/root/ANIMETOON/plugins/pm_filter.py", line 57, in give_filter
    await auto_filter(client, message)
  File "/root/ANIMETOON/plugins/pm_filter.py", line 759, in auto_filter
    if SELF_DELETE:
NameError: name 'SELF_DELETE' is not defined
[03/17/2026 11:12:21 PM:pyrogram.dispatcher:253:ERROR] name 'SELF_DELETE' is not defined
Traceback (most recent call last):
  File "/usr/local/lib/python3.10/dist-packages/pyrogram/dispatcher.py", line 240, in handler_worker
    await handler.callback(self.client, *args)
  File "/root/ANIMETOON/plugins/pm_filter.py", line 57, in give_filter
    await auto_filter(client, message)
  File "/root/ANIMETOON/plugins/pm_filter.py", line 759, in auto_filter
    if SELF_DELETE:
NameError: name 'SELF_DELETE' is not defined
[03/17/2026 11:12:30 PM:pyrogram.dispatcher:253:ERROR] name 'SELF_DELETE' is not defined
Traceback (most recent call last):
  File "/usr/local/lib/python3.10/dist-packages/pyrogram/dispatcher.py", line 240, in handler_worker
    await handler.callback(self.client, *args)
  File "/root/ANIMETOON/plugins/pm_filter.py", line 57, in give_filter
    await auto_filter(client, message)
  File "/root/ANIMETOON/plugins/pm_filter.py", line 759, in auto_filter
    if SELF_DELETE:
NameError: name 'SELF_DELETE' is not defined
[03/17/2026 11:12:33 PM:pyrogram.dispatcher:253:ERROR] name 'SELF_DELETE' is not defined
Traceback (most recent call last):
  File "/usr/local/lib/python3.10/dist-packages/pyrogram/dispatcher.py", line 240, in handler_worker
    await handler.callback(self.client, *args)
  File "/root/ANIMETOON/plugins/pm_filter.py", line 57, in give_filter
    await auto_filter(client, message)
  File "/root/ANIMETOON/plugins/pm_filter.py", line 759, in auto_filter
    if SELF_DELETE:
NameError: name 'SELF_DELETE' is not defined
[03/17/2026 11:51:49 PM:pyrogram.dispatcher:253:ERROR] name 'SELF_DELETE' is not defined
Traceback (most recent call last):
  File "/usr/local/lib/python3.10/dist-packages/pyrogram/dispatcher.py", line 240, in handler_worker
    await handler.callback(self.client, *args)
  File "/root/ANIMETOON/plugins/pm_filter.py", line 57, in give_filter
    await auto_filter(client, message)
  File "/root/ANIMETOON/plugins/pm_filter.py", line 759, in auto_filter
    if SELF_DELETE:
NameError: name 'SELF_DELETE' is not defined
[03/18/2026 12:07:27 AM:pyrogram.dispatcher:253:ERROR] name 'SELF_DELETE' is not defined
Traceback (most recent call last):
  File "/usr/local/lib/python3.10/dist-packages/pyrogram/dispatcher.py", line 240, in handler_worker
    await handler.callback(self.client, *args)
  File "/root/ANIMETOON/plugins/pm_filter.py", line 57, in give_filter
    await auto_filter(client, message)
  File "/root/ANIMETOON/plugins/pm_filter.py", line 759, in auto_filter
    if SELF_DELETE:
NameError: name 'SELF_DELETE' is not defined
[03/18/2026 12:07:33 AM:pyrogram.dispatcher:253:ERROR] name 'SELF_DELETE' is not defined
Traceback (most recent call last):
  File "/usr/local/lib/python3.10/dist-packages/pyrogram/dispatcher.py", line 240, in handler_worker
    await handler.callback(self.client, *args)
  File "/root/ANIMETOON/plugins/pm_filter.py", line 57, in give_filter
    await auto_filter(client, message)
  File "/root/ANIMETOON/plugins/pm_filter.py", line 759, in auto_filter
    if SELF_DELETE:
NameError: name 'SELF_DELETE' is not defined
[03/18/2026 12:07:38 AM:pyrogram.dispatcher:253:ERROR] name 'SELF_DELETE' is not defined
Traceback (most recent call last):
  File "/usr/local/lib/python3.10/dist-packages/pyrogram/dispatcher.py", line 240, in handler_worker
    await handler.callback(self.client, *args)
  File "/root/ANIMETOON/plugins/pm_filter.py", line 57, in give_filter
    await auto_filter(client, message)
  File "/root/ANIMETOON/plugins/pm_filter.py", line 759, in auto_filter
    if SELF_DELETE:
NameError: name 'SELF_DELETE' is not defined
[03/18/2026 12:42:49 AM:pyrogram.dispatcher:253:ERROR] name 'SELF_DELETE' is not defined
Traceback (most recent call last):
  File "/usr/local/lib/python3.10/dist-packages/pyrogram/dispatcher.py", line 240, in handler_worker
    await handler.callback(self.client, *args)
  File "/root/ANIMETOON/plugins/pm_filter.py", line 57, in give_filter
    await auto_filter(client, message)
  File "/root/ANIMETOON/plugins/pm_filter.py", line 759, in auto_filter
    if SELF_DELETE:
NameError: name 'SELF_DELETE' is not defined
[03/18/2026 12:43:21 AM:pyrogram.dispatcher:253:ERROR] name 'SELF_DELETE' is not defined
Traceback (most recent call last):
  File "/usr/local/lib/python3.10/dist-packages/pyrogram/dispatcher.py", line 240, in handler_worker
    await handler.callback(self.client, *args)
  File "/root/ANIMETOON/plugins/pm_filter.py", line 57, in give_filter
    await auto_filter(client, message)
  File "/root/ANIMETOON/plugins/pm_filter.py", line 759, in auto_filter
    if SELF_DELETE:
NameError: name 'SELF_DELETE' is not defined
[03/18/2026 12:43:52 AM:pyrogram.dispatcher:253:ERROR] name 'SELF_DELETE' is not defined
Traceback (most recent call last):
  File "/usr/local/lib/python3.10/dist-packages/pyrogram/dispatcher.py", line 240, in handler_worker
    await handler.callback(self.client, *args)
  File "/root/ANIMETOON/plugins/pm_filter.py", line 57, in give_filter
    await auto_filter(client, message)
  File "/root/ANIMETOON/plugins/pm_filter.py", line 759, in auto_filter
    if SELF_DELETE:
NameError: name 'SELF_DELETE' is not defined
[03/18/2026 12:44:35 AM:pyrogram.dispatcher:253:ERROR] name 'SELF_DELETE' is not defined
Traceback (most recent call last):
  File "/usr/local/lib/python3.10/dist-packages/pyrogram/dispatcher.py", line 240, in handler_worker
    await handler.callback(self.client, *args)
  File "/root/ANIMETOON/plugins/pm_filter.py", line 57, in give_filter
    await auto_filter(client, message)
  File "/root/ANIMETOON/plugins/pm_filter.py", line 759, in auto_filter
    if SELF_DELETE:
NameError: name 'SELF_DELETE' is not defined
[03/18/2026 01:31:16 AM:pyrogram.dispatcher:253:ERROR] name 'SELF_DELETE' is not defined
Traceback (most recent call last):
  File "/usr/local/lib/python3.10/dist-packages/pyrogram/dispatcher.py", line 240, in handler_worker
    await handler.callback(self.client, *args)
  File "/root/ANIMETOON/plugins/pm_filter.py", line 57, in give_filter
    await auto_filter(client, message)
  File "/root/ANIMETOON/plugins/pm_filter.py", line 759, in auto_filter
    if SELF_DELETE:
NameError: name 'SELF_DELETE' is not defined
[03/18/2026 01:51:31 AM:pyrogram.dispatcher:253:ERROR] name 'SELF_DELETE' is not defined
Traceback (most recent call last):
  File "/usr/local/lib/python3.10/dist-packages/pyrogram/dispatcher.py", line 240, in handler_worker
    await handler.callback(self.client, *args)
  File "/root/ANIMETOON/plugins/pm_filter.py", line 57, in give_filter
    await auto_filter(client, message)
  File "/root/ANIMETOON/plugins/pm_filter.py", line 759, in auto_filter
    if SELF_DELETE:
NameError: name 'SELF_DELETE' is not defined
[03/18/2026 01:53:14 AM:pyrogram.dispatcher:253:ERROR] name 'SELF_DELETE' is not defined
Traceback (most recent call last):
  File "/usr/local/lib/python3.10/dist-packages/pyrogram/dispatcher.py", line 240, in handler_worker
    await handler.callback(self.client, *args)
  File "/root/ANIMETOON/plugins/pm_filter.py", line 57, in give_filter
    await auto_filter(client, message)
  File "/root/ANIMETOON/plugins/pm_filter.py", line 759, in auto_filter
    if SELF_DELETE:
NameError: name 'SELF_DELETE' is not defined
[03/18/2026 01:54:45 AM:pyrogram.dispatcher:253:ERROR] name 'SELF_DELETE' is not defined
Traceback (most recent call last):
  File "/usr/local/lib/python3.10/dist-packages/pyrogram/dispatcher.py", line 240, in handler_worker
    await handler.callback(self.client, *args)
  File "/root/ANIMETOON/plugins/pm_filter.py", line 57, in give_filter
    await auto_filter(client, message)
  File "/root/ANIMETOON/plugins/pm_filter.py", line 759, in auto_filter
    if SELF_DELETE:
NameError: name 'SELF_DELETE' is not defined
[03/18/2026 02:09:54 AM:pyrogram.dispatcher:253:ERROR] name 'SELF_DELETE' is not defined
Traceback (most recent call last):
  File "/usr/local/lib/python3.10/dist-packages/pyrogram/dispatcher.py", line 240, in handler_worker
    await handler.callback(self.client, *args)
  File "/root/ANIMETOON/plugins/pm_filter.py", line 57, in give_filter
    await auto_filter(client, message)
  File "/root/ANIMETOON/plugins/pm_filter.py", line 759, in auto_filter
    if SELF_DELETE:
NameError: name 'SELF_DELETE' is not defined
[03/18/2026 02:20:25 AM:pyrogram.dispatcher:253:ERROR] name 'SELF_DELETE' is not defined
Traceback (most recent call last):
  File "/usr/local/lib/python3.10/dist-packages/pyrogram/dispatcher.py", line 240, in handler_worker
    await handler.callback(self.client, *args)
  File "/root/ANIMETOON/plugins/pm_filter.py", line 57, in give_filter
    await auto_filter(client, message)
  File "/root/ANIMETOON/plugins/pm_filter.py", line 759, in auto_filter
    if SELF_DELETE:
NameError: name 'SELF_DELETE' is not defined
[03/18/2026 02:22:18 AM:pyrogram.dispatcher:253:ERROR] name 'SELF_DELETE' is not defined
Traceback (most recent call last):
  File "/usr/local/lib/python3.10/dist-packages/pyrogram/dispatcher.py", line 240, in handler_worker
    await handler.callback(self.client, *args)
  File "/root/ANIMETOON/plugins/pm_filter.py", line 57, in give_filter
    await auto_filter(client, message)
  File "/root/ANIMETOON/plugins/pm_filter.py", line 759, in auto_filter
    if SELF_DELETE:
NameError: name 'SELF_DELETE' is not defined
[03/18/2026 02:23:17 AM:pyrogram.dispatcher:253:ERROR] name 'SELF_DELETE' is not defined
Traceback (most recent call last):
  File "/usr/local/lib/python3.10/dist-packages/pyrogram/dispatcher.py", line 240, in handler_worker
    await handler.callback(self.client, *args)
  File "/root/ANIMETOON/plugins/pm_filter.py", line 57, in give_filter
    await auto_filter(client, message)
  File "/root/ANIMETOON/plugins/pm_filter.py", line 759, in auto_filter
    if SELF_DELETE:
NameError: name 'SELF_DELETE' is not defined
[03/18/2026 02:48:24 AM:pyrogram.dispatcher:253:ERROR] name 'SELF_DELETE' is not defined
Traceback (most recent call last):
  File "/usr/local/lib/python3.10/dist-packages/pyrogram/dispatcher.py", line 240, in handler_worker
    await handler.callback(self.client, *args)
  File "/root/ANIMETOON/plugins/pm_filter.py", line 57, in give_filter
    await auto_filter(client, message)
  File "/root/ANIMETOON/plugins/pm_filter.py", line 759, in auto_filter
    if SELF_DELETE:
NameError: name 'SELF_DELETE' is not defined
[03/18/2026 02:48:29 AM:pyrogram.dispatcher:253:ERROR] name 'SELF_DELETE' is not defined
Traceback (most recent call last):
  File "/usr/local/lib/python3.10/dist-packages/pyrogram/dispatcher.py", line 240, in handler_worker
    await handler.callback(self.client, *args)
  File "/root/ANIMETOON/plugins/pm_filter.py", line 57, in give_filter
    await auto_filter(client, message)
  File "/root/ANIMETOON/plugins/pm_filter.py", line 759, in auto_filter
    if SELF_DELETE:
NameError: name 'SELF_DELETE' is not defined
[03/18/2026 02:48:36 AM:pyrogram.dispatcher:253:ERROR] name 'SELF_DELETE' is not defined
Traceback (most recent call last):
  File "/usr/local/lib/python3.10/dist-packages/pyrogram/dispatcher.py", line 240, in handler_worker
    await handler.callback(self.client, *args)
  File "/root/ANIMETOON/plugins/pm_filter.py", line 57, in give_filter
    await auto_filter(client, message)
  File "/root/ANIMETOON/plugins/pm_filter.py", line 759, in auto_filter
    if SELF_DELETE:
NameError: name 'SELF_DELETE' is not defined
[03/18/2026 02:48:41 AM:pyrogram.dispatcher:253:ERROR] name 'SELF_DELETE' is not defined
Traceback (most recent call last):
  File "/usr/local/lib/python3.10/dist-packages/pyrogram/dispatcher.py", line 240, in handler_worker
    await handler.callback(self.client, *args)
  File "/root/ANIMETOON/plugins/pm_filter.py", line 57, in give_filter
    await auto_filter(client, message)
  File "/root/ANIMETOON/plugins/pm_filter.py", line 759, in auto_filter
    if SELF_DELETE:
NameError: name 'SELF_DELETE' is not defined
[03/18/2026 02:48:46 AM:pyrogram.dispatcher:253:ERROR] name 'SELF_DELETE' is not defined
Traceback (most recent call last):
  File "/usr/local/lib/python3.10/dist-packages/pyrogram/dispatcher.py", line 240, in handler_worker
    await handler.callback(self.client, *args)
  File "/root/ANIMETOON/plugins/pm_filter.py", line 57, in give_filter
    await auto_filter(client, message)
  File "/root/ANIMETOON/plugins/pm_filter.py", line 759, in auto_filter
    if SELF_DELETE:
NameError: name 'SELF_DELETE' is not defined
[03/18/2026 02:49:22 AM:pyrogram.dispatcher:253:ERROR] name 'SELF_DELETE' is not defined
Traceback (most recent call last):
  File "/usr/local/lib/python3.10/dist-packages/pyrogram/dispatcher.py", line 240, in handler_worker
    await handler.callback(self.client, *args)
  File "/root/ANIMETOON/plugins/pm_filter.py", line 57, in give_filter
    await auto_filter(client, message)
  File "/root/ANIMETOON/plugins/pm_filter.py", line 759, in auto_filter
    if SELF_DELETE:
NameError: name 'SELF_DELETE' is not defined
[03/18/2026 02:49:28 AM:pyrogram.dispatcher:253:ERROR] name 'SELF_DELETE' is not defined
Traceback (most recent call last):
  File "/usr/local/lib/python3.10/dist-packages/pyrogram/dispatcher.py", line 240, in handler_worker
    await handler.callback(self.client, *args)
  File "/root/ANIMETOON/plugins/pm_filter.py", line 57, in give_filter
    await auto_filter(client, message)
  File "/root/ANIMETOON/plugins/pm_filter.py", line 759, in auto_filter
    if SELF_DELETE:
NameError: name 'SELF_DELETE' is not defined
[03/18/2026 02:49:33 AM:pyrogram.dispatcher:253:ERROR] name 'SELF_DELETE' is not defined
Traceback (most recent call last):
  File "/usr/local/lib/python3.10/dist-packages/pyrogram/dispatcher.py", line 240, in handler_worker
    await handler.callback(self.client, *args)
  File "/root/ANIMETOON/plugins/pm_filter.py", line 57, in give_filter
    await auto_filter(client, message)
  File "/root/ANIMETOON/plugins/pm_filter.py", line 759, in auto_filter
    if SELF_DELETE:
NameError: name 'SELF_DELETE' is not defined
[03/18/2026 03:07:05 AM:pyrogram.dispatcher:253:ERROR] name 'SELF_DELETE' is not defined
Traceback (most recent call last):
  File "/usr/local/lib/python3.10/dist-packages/pyrogram/dispatcher.py", line 240, in handler_worker
    await handler.callback(self.client, *args)
  File "/root/ANIMETOON/plugins/pm_filter.py", line 57, in give_filter
    await auto_filter(client, message)
  File "/root/ANIMETOON/plugins/pm_filter.py", line 759, in auto_filter
    if SELF_DELETE:
NameError: name 'SELF_DELETE' is not defined
[03/18/2026 03:15:42 AM:pyrogram.dispatcher:253:ERROR] name 'SELF_DELETE' is not defined
Traceback (most recent call last):
  File "/usr/local/lib/python3.10/dist-packages/pyrogram/dispatcher.py", line 240, in handler_worker
    await handler.callback(self.client, *args)
  File "/root/ANIMETOON/plugins/pm_filter.py", line 57, in give_filter
    await auto_filter(client, message)
  File "/root/ANIMETOON/plugins/pm_filter.py", line 759, in auto_filter
    if SELF_DELETE:
NameError: name 'SELF_DELETE' is not defined
[03/18/2026 04:06:08 AM:pyrogram.dispatcher:253:ERROR] name 'SELF_DELETE' is not defined
Traceback (most recent call last):
  File "/usr/local/lib/python3.10/dist-packages/pyrogram/dispatcher.py", line 240, in handler_worker
    await handler.callback(self.client, *args)
  File "/root/ANIMETOON/plugins/pm_filter.py", line 57, in give_filter
    await auto_filter(client, message)
  File "/root/ANIMETOON/plugins/pm_filter.py", line 759, in auto_filter
    if SELF_DELETE:
NameError: name 'SELF_DELETE' is not defined
[03/18/2026 04:19:43 AM:pyrogram.dispatcher:253:ERROR] name 'SELF_DELETE' is not defined
Traceback (most recent call last):
  File "/usr/local/lib/python3.10/dist-packages/pyrogram/dispatcher.py", line 240, in handler_worker
    await handler.callback(self.client, *args)
  File "/root/ANIMETOON/plugins/pm_filter.py", line 57, in give_filter
    await auto_filter(client, message)
  File "/root/ANIMETOON/plugins/pm_filter.py", line 759, in auto_filter
    if SELF_DELETE:
NameError: name 'SELF_DELETE' is not defined
[03/18/2026 04:30:41 AM:pyrogram.dispatcher:253:ERROR] name 'SELF_DELETE' is not defined
Traceback (most recent call last):
  File "/usr/local/lib/python3.10/dist-packages/pyrogram/dispatcher.py", line 240, in handler_worker
    await handler.callback(self.client, *args)
  File "/root/ANIMETOON/plugins/pm_filter.py", line 57, in give_filter
    await auto_filter(client, message)
  File "/root/ANIMETOON/plugins/pm_filter.py", line 759, in auto_filter
    if SELF_DELETE:
NameError: name 'SELF_DELETE' is not defined
[03/18/2026 04:30:56 AM:pyrogram.dispatcher:253:ERROR] name 'SELF_DELETE' is not defined
Traceback (most recent call last):
  File "/usr/local/lib/python3.10/dist-packages/pyrogram/dispatcher.py", line 240, in handler_worker
    await handler.callback(self.client, *args)
  File "/root/ANIMETOON/plugins/pm_filter.py", line 57, in give_filter
    await auto_filter(client, message)
  File "/root/ANIMETOON/plugins/pm_filter.py", line 759, in auto_filter
    if SELF_DELETE:
NameError: name 'SELF_DELETE' is not defined
[03/18/2026 04:42:37 AM:pyrogram.dispatcher:253:ERROR] name 'SELF_DELETE' is not defined
Traceback (most recent call last):
  File "/usr/local/lib/python3.10/dist-packages/pyrogram/dispatcher.py", line 240, in handler_worker
    await handler.callback(self.client, *args)
  File "/root/ANIMETOON/plugins/pm_filter.py", line 57, in give_filter
    await auto_filter(client, message)
  File "/root/ANIMETOON/plugins/pm_filter.py", line 759, in auto_filter
    if SELF_DELETE:
NameError: name 'SELF_DELETE' is not defined
[03/18/2026 04:47:24 AM:pyrogram.dispatcher:253:ERROR] name 'SELF_DELETE' is not defined
Traceback (most recent call last):
  File "/usr/local/lib/python3.10/dist-packages/pyrogram/dispatcher.py", line 240, in handler_worker
    await handler.callback(self.client, *args)
  File "/root/ANIMETOON/plugins/pm_filter.py", line 57, in give_filter
    await auto_filter(client, message)
  File "/root/ANIMETOON/plugins/pm_filter.py", line 759, in auto_filter
    if SELF_DELETE:
NameError: name 'SELF_DELETE' is not defined
[03/18/2026 04:51:05 AM:pyrogram.dispatcher:253:ERROR] name 'SELF_DELETE' is not defined
Traceback (most recent call last):
  File "/usr/local/lib/python3.10/dist-packages/pyrogram/dispatcher.py", line 240, in handler_worker
    await handler.callback(self.client, *args)
  File "/root/ANIMETOON/plugins/pm_filter.py", line 57, in give_filter
    await auto_filter(client, message)
  File "/root/ANIMETOON/plugins/pm_filter.py", line 759, in auto_filter
    if SELF_DELETE:
NameError: name 'SELF_DELETE' is not defined
[03/18/2026 04:51:30 AM:pyrogram.dispatcher:253:ERROR] name 'SELF_DELETE' is not defined
Traceback (most recent call last):
  File "/usr/local/lib/python3.10/dist-packages/pyrogram/dispatcher.py", line 240, in handler_worker
    await handler.callback(self.client, *args)
  File "/root/ANIMETOON/plugins/pm_filter.py", line 57, in give_filter
    await auto_filter(client, message)
  File "/root/ANIMETOON/plugins/pm_filter.py", line 759, in auto_filter
    if SELF_DELETE:
NameError: name 'SELF_DELETE' is not defined
[03/18/2026 04:52:19 AM:pyrogram.dispatcher:253:ERROR] name 'SELF_DELETE' is not defined
Traceback (most recent call last):
  File "/usr/local/lib/python3.10/dist-packages/pyrogram/dispatcher.py", line 240, in handler_worker
    await handler.callback(self.client, *args)
  File "/root/ANIMETOON/plugins/pm_filter.py", line 57, in give_filter
    await auto_filter(client, message)
  File "/root/ANIMETOON/plugins/pm_filter.py", line 759, in auto_filter
    if SELF_DELETE:
NameError: name 'SELF_DELETE' is not defined
[03/18/2026 04:59:45 AM:pyrogram.dispatcher:253:ERROR] name 'SELF_DELETE' is not defined
Traceback (most recent call last):
  File "/usr/local/lib/python3.10/dist-packages/pyrogram/dispatcher.py", line 240, in handler_worker
    await handler.callback(self.client, *args)
  File "/root/ANIMETOON/plugins/pm_filter.py", line 57, in give_filter
    await auto_filter(client, message)
  File "/root/ANIMETOON/plugins/pm_filter.py", line 759, in auto_filter
    if SELF_DELETE:
NameError: name 'SELF_DELETE' is not defined
[03/18/2026 05:00:08 AM:pyrogram.dispatcher:253:ERROR] name 'SELF_DELETE' is not defined
Traceback (most recent call last):
  File "/usr/local/lib/python3.10/dist-packages/pyrogram/dispatcher.py", line 240, in handler_worker
    await handler.callback(self.client, *args)
  File "/root/ANIMETOON/plugins/pm_filter.py", line 57, in give_filter
    await auto_filter(client, message)
  File "/root/ANIMETOON/plugins/pm_filter.py", line 759, in auto_filter
    if SELF_DELETE:
NameError: name 'SELF_DELETE' is not defined
[03/18/2026 05:00:30 AM:pyrogram.dispatcher:253:ERROR] name 'SELF_DELETE' is not defined
Traceback (most recent call last):
  File "/usr/local/lib/python3.10/dist-packages/pyrogram/dispatcher.py", line 240, in handler_worker
    await handler.callback(self.client, *args)
  File "/root/ANIMETOON/plugins/pm_filter.py", line 57, in give_filter
    await auto_filter(client, message)
  File "/root/ANIMETOON/plugins/pm_filter.py", line 759, in auto_filter
    if SELF_DELETE:
NameError: name 'SELF_DELETE' is not defined
[03/18/2026 05:02:03 AM:pyrogram.dispatcher:253:ERROR] name 'SELF_DELETE' is not defined
Traceback (most recent call last):
  File "/usr/local/lib/python3.10/dist-packages/pyrogram/dispatcher.py", line 240, in handler_worker
    await handler.callback(self.client, *args)
  File "/root/ANIMETOON/plugins/pm_filter.py", line 57, in give_filter
    await auto_filter(client, message)
  File "/root/ANIMETOON/plugins/pm_filter.py", line 759, in auto_filter
    if SELF_DELETE:
NameError: name 'SELF_DELETE' is not defined
[03/18/2026 05:27:46 AM:pyrogram.dispatcher:253:ERROR] name 'SELF_DELETE' is not defined
Traceback (most recent call last):
  File "/usr/local/lib/python3.10/dist-packages/pyrogram/dispatcher.py", line 240, in handler_worker
    await handler.callback(self.client, *args)
  File "/root/ANIMETOON/plugins/pm_filter.py", line 57, in give_filter
    await auto_filter(client, message)
  File "/root/ANIMETOON/plugins/pm_filter.py", line 759, in auto_filter
    if SELF_DELETE:
NameError: name 'SELF_DELETE' is not defined
[03/18/2026 05:31:27 AM:pyrogram.dispatcher:253:ERROR] name 'SELF_DELETE' is not defined
Traceback (most recent call last):
  File "/usr/local/lib/python3.10/dist-packages/pyrogram/dispatcher.py", line 240, in handler_worker
    await handler.callback(self.client, *args)
  File "/root/ANIMETOON/plugins/pm_filter.py", line 57, in give_filter
    await auto_filter(client, message)
  File "/root/ANIMETOON/plugins/pm_filter.py", line 759, in auto_filter
    if SELF_DELETE:
NameError: name 'SELF_DELETE' is not defined
